TERM,INSTITUTION,CAMPUS,SUBJECT,CATALOG_NBR,CLASS_SECTION,DESCR,CRSE_GRADE_OFF,GRADE_HDCNT,NAME,INTERNET_ID,FULL_NAME
1265,UMNTC,UMNTC,AAS,3251W,001,"Race, Class, and Gender",A,6,Nikoleta Sremac,,AAS 3251W
1265,UMNTC,UMNTC,AAS,3251W,001,"Race, Class, and Gender",A-,1,Nikoleta Sremac,,AAS 3251W
1265,UMNTC,UMNTC,AAS,3251W,001,"Race, Class, and Gender",B,2,Nikoleta Sremac,,AAS 3251W
1265,UMNTC,UMNTC,AAS,3251W,001,"Race, Class, and Gender",C,1,Nikoleta Sremac,,AAS 3251W
1265,UMNTC,UMNTC,AAS,3251W,001,"Race, Class, and Gender",W,1,Nikoleta Sremac,,AAS 3251W
1265,UMNTC,UMNTC,ABUS,3051,301,Career Search for Profl Envt,A,5,Carol Klempka,cklempka,ABUS 3051
1265,UMNTC,UMNTC,ABUS,3051,301,Career Search for Profl Envt,A-,1,Carol Klempka,cklempka,ABUS 3051
1265,UMNTC,UMNTC,ABUS,3051,301,Career Search for Profl Envt,B,1,Carol Klempka,cklempka,ABUS 3051
1265,UMNTC,UMNTC,ABUS,3051,301,Career Search for Profl Envt,B+,2,Carol Klempka,cklempka,ABUS 3051
1265,UMNTC,UMNTC,ABUS,3051,301,Career Search for Profl Envt,C-,1,Carol Klempka,cklempka,ABUS 3051
1265,UMNTC,UMNTC,ABUS,3051,301,Career Search for Profl Envt,F,1,Carol Klempka,cklempka,ABUS 3051
1265,UMNTC,UMNTC,ABUS,3051,301,Career Search for Profl Envt,S,1,Carol Klempka,cklempka,ABUS 3051
1265,UMNTC,UMNTC,ABUS,3051,301,Career Search for Profl Envt,W,1,Carol Klempka,cklempka,ABUS 3051
1265,UMNTC,UMNTC,ABUS,3051,302,Career Search for Profl Envt,B+,2,Caroline Marin,crmarin,ABUS 3051
1265,UMNTC,UMNTC,ABUS,3051,302,Career Search for Profl Envt,B-,3,Caroline Marin,crmarin,ABUS 3051
1265,UMNTC,UMNTC,ABUS,3051,302,Career Search for Profl Envt,C-,1,Caroline Marin,crmarin,ABUS 3051
1265,UMNTC,UMNTC,ABUS,3051,302,Career Search for Profl Envt,D,1,Caroline Marin,crmarin,ABUS 3051
1265,UMNTC,UMNTC,ABUS,3051,302,Career Search for Profl Envt,F,1,Caroline Marin,crmarin,ABUS 3051
1265,UMNTC,UMNTC,ABUS,3051,302,Career Search for Profl Envt,S,1,Caroline Marin,crmarin,ABUS 3051
1265,UMNTC,UMNTC,ABUS,3051,302,Career Search for Profl Envt,W,1,Caroline Marin,crmarin,ABUS 3051
1265,UMNTC,UMNTC,ABUS,3301,301,Intro to Quality Management,A,12,Karen Drake,lutt0002,ABUS 3301
1265,UMNTC,UMNTC,ABUS,3301,301,Intro to Quality Management,A-,3,Karen Drake,lutt0002,ABUS 3301
1265,UMNTC,UMNTC,ABUS,3301,301,Intro to Quality Management,B,2,Karen Drake,lutt0002,ABUS 3301
1265,UMNTC,UMNTC,ABUS,3301,301,Intro to Quality Management,B-,3,Karen Drake,lutt0002,ABUS 3301
1265,UMNTC,UMNTC,ABUS,3301,301,Intro to Quality Management,C,4,Karen Drake,lutt0002,ABUS 3301
1265,UMNTC,UMNTC,ABUS,3301,301,Intro to Quality Management,C+,3,Karen Drake,lutt0002,ABUS 3301
1265,UMNTC,UMNTC,ABUS,3301,301,Intro to Quality Management,F,3,Karen Drake,lutt0002,ABUS 3301
1265,UMNTC,UMNTC,ABUS,3301,301,Intro to Quality Management,W,2,Karen Drake,lutt0002,ABUS 3301
1265,UMNTC,UMNTC,ABUS,4022W,301,Strategic Management & Ldrship,A,10,Bradley Goodell,bgoodell,ABUS 4022W
1265,UMNTC,UMNTC,ABUS,4022W,301,Strategic Management & Ldrship,A-,2,Bradley Goodell,bgoodell,ABUS 4022W
1265,UMNTC,UMNTC,ABUS,4022W,301,Strategic Management & Ldrship,B,2,Bradley Goodell,bgoodell,ABUS 4022W
1265,UMNTC,UMNTC,ABUS,4022W,301,Strategic Management & Ldrship,B+,4,Bradley Goodell,bgoodell,ABUS 4022W
1265,UMNTC,UMNTC,ABUS,4022W,301,Strategic Management & Ldrship,C,2,Bradley Goodell,bgoodell,ABUS 4022W
1265,UMNTC,UMNTC,ABUS,4022W,301,Strategic Management & Ldrship,C+,3,Bradley Goodell,bgoodell,ABUS 4022W
1265,UMNTC,UMNTC,ABUS,4022W,301,Strategic Management & Ldrship,C-,1,Bradley Goodell,bgoodell,ABUS 4022W
1265,UMNTC,UMNTC,ABUS,4022W,301,Strategic Management & Ldrship,F,4,Bradley Goodell,bgoodell,ABUS 4022W
1265,UMNTC,UMNTC,ABUS,4022W,302,Strategic Management & Ldrship,A,11,Uriah Giordana,ugiordan,ABUS 4022W
1265,UMNTC,UMNTC,ABUS,4022W,302,Strategic Management & Ldrship,A-,2,Uriah Giordana,ugiordan,ABUS 4022W
1265,UMNTC,UMNTC,ABUS,4022W,302,Strategic Management & Ldrship,B,1,Uriah Giordana,ugiordan,ABUS 4022W
1265,UMNTC,UMNTC,ABUS,4022W,302,Strategic Management & Ldrship,B+,2,Uriah Giordana,ugiordan,ABUS 4022W
1265,UMNTC,UMNTC,ABUS,4022W,302,Strategic Management & Ldrship,C,1,Uriah Giordana,ugiordan,ABUS 4022W
1265,UMNTC,UMNTC,ABUS,4022W,302,Strategic Management & Ldrship,F,2,Uriah Giordana,ugiordan,ABUS 4022W
1265,UMNTC,UMNTC,ABUS,4023W,301,Communic for Strategic Results,A,9,Bradley Goodell,bgoodell,ABUS 4023W
1265,UMNTC,UMNTC,ABUS,4023W,301,Communic for Strategic Results,A-,4,Bradley Goodell,bgoodell,ABUS 4023W
1265,UMNTC,UMNTC,ABUS,4023W,301,Communic for Strategic Results,B,4,Bradley Goodell,bgoodell,ABUS 4023W
1265,UMNTC,UMNTC,ABUS,4023W,301,Communic for Strategic Results,B+,6,Bradley Goodell,bgoodell,ABUS 4023W
1265,UMNTC,UMNTC,ABUS,4023W,301,Communic for Strategic Results,B-,1,Bradley Goodell,bgoodell,ABUS 4023W
1265,UMNTC,UMNTC,ABUS,4023W,301,Communic for Strategic Results,C,1,Bradley Goodell,bgoodell,ABUS 4023W
1265,UMNTC,UMNTC,ABUS,4023W,301,Communic for Strategic Results,C+,1,Bradley Goodell,bgoodell,ABUS 4023W
1265,UMNTC,UMNTC,ABUS,4023W,301,Communic for Strategic Results,C-,1,Bradley Goodell,bgoodell,ABUS 4023W
1265,UMNTC,UMNTC,ABUS,4023W,301,Communic for Strategic Results,W,1,Bradley Goodell,bgoodell,ABUS 4023W
1265,UMNTC,UMNTC,ABUS,4023W,302,Communic for Strategic Results,A,3,Isaac Johnson,isaacj,ABUS 4023W
1265,UMNTC,UMNTC,ABUS,4023W,302,Communic for Strategic Results,A-,1,Isaac Johnson,isaacj,ABUS 4023W
1265,UMNTC,UMNTC,ABUS,4023W,302,Communic for Strategic Results,B,5,Isaac Johnson,isaacj,ABUS 4023W
1265,UMNTC,UMNTC,ABUS,4023W,302,Communic for Strategic Results,B+,1,Isaac Johnson,isaacj,ABUS 4023W
1265,UMNTC,UMNTC,ABUS,4023W,302,Communic for Strategic Results,B-,1,Isaac Johnson,isaacj,ABUS 4023W
1265,UMNTC,UMNTC,ABUS,4023W,302,Communic for Strategic Results,C,2,Isaac Johnson,isaacj,ABUS 4023W
1265,UMNTC,UMNTC,ABUS,4023W,302,Communic for Strategic Results,C-,1,Isaac Johnson,isaacj,ABUS 4023W
1265,UMNTC,UMNTC,ABUS,4023W,302,Communic for Strategic Results,F,5,Isaac Johnson,isaacj,ABUS 4023W
1265,UMNTC,UMNTC,ABUS,4101,301,Accounting&Finance for Mgrs,A,6,Stacy O'Fallon,sofallon,ABUS 4101
1265,UMNTC,UMNTC,ABUS,4101,301,Accounting&Finance for Mgrs,A-,2,Stacy O'Fallon,sofallon,ABUS 4101
1265,UMNTC,UMNTC,ABUS,4101,301,Accounting&Finance for Mgrs,B,6,Stacy O'Fallon,sofallon,ABUS 4101
1265,UMNTC,UMNTC,ABUS,4101,301,Accounting&Finance for Mgrs,B+,3,Stacy O'Fallon,sofallon,ABUS 4101
1265,UMNTC,UMNTC,ABUS,4101,301,Accounting&Finance for Mgrs,B-,7,Stacy O'Fallon,sofallon,ABUS 4101
1265,UMNTC,UMNTC,ABUS,4101,301,Accounting&Finance for Mgrs,C,3,Stacy O'Fallon,sofallon,ABUS 4101
1265,UMNTC,UMNTC,ABUS,4101,301,Accounting&Finance for Mgrs,C+,2,Stacy O'Fallon,sofallon,ABUS 4101
1265,UMNTC,UMNTC,ABUS,4101,301,Accounting&Finance for Mgrs,C-,2,Stacy O'Fallon,sofallon,ABUS 4101
1265,UMNTC,UMNTC,ABUS,4101,301,Accounting&Finance for Mgrs,D,1,Stacy O'Fallon,sofallon,ABUS 4101
1265,UMNTC,UMNTC,ABUS,4101,301,Accounting&Finance for Mgrs,F,1,Stacy O'Fallon,sofallon,ABUS 4101
1265,UMNTC,UMNTC,ABUS,4101,301,Accounting&Finance for Mgrs,W,1,Stacy O'Fallon,sofallon,ABUS 4101
1265,UMNTC,UMNTC,ABUS,4105,301,Authentic Business Leadership,A,9,Carol Klempka,cklempka,ABUS 4105
1265,UMNTC,UMNTC,ABUS,4105,301,Authentic Business Leadership,A-,1,Carol Klempka,cklempka,ABUS 4105
1265,UMNTC,UMNTC,ABUS,4105,301,Authentic Business Leadership,B+,2,Carol Klempka,cklempka,ABUS 4105
1265,UMNTC,UMNTC,ABUS,4105,301,Authentic Business Leadership,C+,1,Carol Klempka,cklempka,ABUS 4105
1265,UMNTC,UMNTC,ABUS,4105,301,Authentic Business Leadership,F,2,Carol Klempka,cklempka,ABUS 4105
1265,UMNTC,UMNTC,ABUS,4105,301,Authentic Business Leadership,W,1,Carol Klempka,cklempka,ABUS 4105
1265,UMNTC,UMNTC,ABUS,4545,301,Mitigating Workplace Bias,A,11,Phillip Hampton,hamptonp,ABUS 4545
1265,UMNTC,UMNTC,ABUS,4545,301,Mitigating Workplace Bias,A-,5,Phillip Hampton,hamptonp,ABUS 4545
1265,UMNTC,UMNTC,ABUS,4545,301,Mitigating Workplace Bias,B,5,Phillip Hampton,hamptonp,ABUS 4545
1265,UMNTC,UMNTC,ABUS,4545,301,Mitigating Workplace Bias,B+,4,Phillip Hampton,hamptonp,ABUS 4545
1265,UMNTC,UMNTC,ABUS,4545,301,Mitigating Workplace Bias,B-,2,Phillip Hampton,hamptonp,ABUS 4545
1265,UMNTC,UMNTC,ABUS,4545,301,Mitigating Workplace Bias,C,1,Phillip Hampton,hamptonp,ABUS 4545
1265,UMNTC,UMNTC,ABUS,4545,301,Mitigating Workplace Bias,C+,2,Phillip Hampton,hamptonp,ABUS 4545
1265,UMNTC,UMNTC,ABUS,4545,301,Mitigating Workplace Bias,C-,3,Phillip Hampton,hamptonp,ABUS 4545
1265,UMNTC,UMNTC,ABUS,4545,301,Mitigating Workplace Bias,D+,1,Phillip Hampton,hamptonp,ABUS 4545
1265,UMNDL,UMNDL,ACCT,2001,001,Principles of Financial Acctg,A,6,Erica Henkel,ehenkel,ACCT 2001
1265,UMNDL,UMNDL,ACCT,2001,001,Principles of Financial Acctg,B,5,Erica Henkel,ehenkel,ACCT 2001
1265,UMNDL,UMNDL,ACCT,2001,001,Principles of Financial Acctg,B+,2,Erica Henkel,ehenkel,ACCT 2001
1265,UMNDL,UMNDL,ACCT,2001,001,Principles of Financial Acctg,C,4,Erica Henkel,ehenkel,ACCT 2001
1265,UMNDL,UMNDL,ACCT,2001,001,Principles of Financial Acctg,C+,5,Erica Henkel,ehenkel,ACCT 2001
1265,UMNDL,UMNDL,ACCT,2001,001,Principles of Financial Acctg,D+,1,Erica Henkel,ehenkel,ACCT 2001
1265,UMNDL,UMNDL,ACCT,2001,001,Principles of Financial Acctg,F,3,Erica Henkel,ehenkel,ACCT 2001
1265,UMNDL,UMNDL,ACCT,2001,001,Principles of Financial Acctg,W,3,Erica Henkel,ehenkel,ACCT 2001
1265,UMNDL,UMNDL,ACCT,2002,001,Prin of Mang Acctg,A,11,Hanlu Fan,hfan,ACCT 2002
1265,UMNDL,UMNDL,ACCT,2002,001,Prin of Mang Acctg,A-,4,Hanlu Fan,hfan,ACCT 2002
1265,UMNDL,UMNDL,ACCT,2002,001,Prin of Mang Acctg,B,4,Hanlu Fan,hfan,ACCT 2002
1265,UMNDL,UMNDL,ACCT,2002,001,Prin of Mang Acctg,B+,1,Hanlu Fan,hfan,ACCT 2002
1265,UMNDL,UMNDL,ACCT,2002,001,Prin of Mang Acctg,B-,1,Hanlu Fan,hfan,ACCT 2002
1265,UMNDL,UMNDL,ACCT,2002,001,Prin of Mang Acctg,F,4,Hanlu Fan,hfan,ACCT 2002
1265,UMNDL,UMNDL,ACCT,2002,001,Prin of Mang Acctg,W,2,Hanlu Fan,hfan,ACCT 2002
1265,UMNTC,UMNTC,ACCT,2051,001,Intr Financial Rptg,A,28,Scott Johnson,johnson2,ACCT 2051
1265,UMNTC,UMNTC,ACCT,2051,001,Intr Financial Rptg,A-,7,Scott Johnson,johnson2,ACCT 2051
1265,UMNTC,UMNTC,ACCT,2051,001,Intr Financial Rptg,B,9,Scott Johnson,johnson2,ACCT 2051
1265,UMNTC,UMNTC,ACCT,2051,001,Intr Financial Rptg,B+,6,Scott Johnson,johnson2,ACCT 2051
1265,UMNTC,UMNTC,ACCT,2051,001,Intr Financial Rptg,B-,9,Scott Johnson,johnson2,ACCT 2051
1265,UMNTC,UMNTC,ACCT,2051,001,Intr Financial Rptg,C,7,Scott Johnson,johnson2,ACCT 2051
1265,UMNTC,UMNTC,ACCT,2051,001,Intr Financial Rptg,C+,5,Scott Johnson,johnson2,ACCT 2051
1265,UMNTC,UMNTC,ACCT,2051,001,Intr Financial Rptg,C-,1,Scott Johnson,johnson2,ACCT 2051
1265,UMNTC,UMNTC,ACCT,2051,001,Intr Financial Rptg,D,1,Scott Johnson,johnson2,ACCT 2051
1265,UMNTC,UMNTC,ACCT,2051,001,Intr Financial Rptg,D+,2,Scott Johnson,johnson2,ACCT 2051
1265,UMNTC,UMNTC,ACCT,2051,001,Intr Financial Rptg,F,1,Scott Johnson,johnson2,ACCT 2051
1265,UMNTC,UMNTC,ACCT,2051,001,Intr Financial Rptg,W,3,Scott Johnson,johnson2,ACCT 2051
1265,UMNCR,UMNCR,ACCT,2101,E90,Principles of Accounting I,A,7,Thomas Pinkerton,pinke052,ACCT 2101
1265,UMNCR,UMNCR,ACCT,2101,E90,Principles of Accounting I,A-,5,Thomas Pinkerton,pinke052,ACCT 2101
1265,UMNCR,UMNCR,ACCT,2101,E90,Principles of Accounting I,B,4,Thomas Pinkerton,pinke052,ACCT 2101
1265,UMNCR,UMNCR,ACCT,2101,E90,Principles of Accounting I,B+,5,Thomas Pinkerton,pinke052,ACCT 2101
1265,UMNCR,UMNCR,ACCT,2101,E90,Principles of Accounting I,C,1,Thomas Pinkerton,pinke052,ACCT 2101
1265,UMNCR,UMNCR,ACCT,2101,E90,Principles of Accounting I,C+,1,Thomas Pinkerton,pinke052,ACCT 2101
1265,UMNCR,UMNCR,ACCT,2101,E90,Principles of Accounting I,F,2,Thomas Pinkerton,pinke052,ACCT 2101
1265,UMNCR,UMNCR,ACCT,2101,E90,Principles of Accounting I,W,5,Thomas Pinkerton,pinke052,ACCT 2101
1265,UMNCR,UMNCR,ACCT,2102,E90,Principles of Accounting II,A,14,Grace Menze,gmenze,ACCT 2102
1265,UMNCR,UMNCR,ACCT,2102,E90,Principles of Accounting II,A-,3,Grace Menze,gmenze,ACCT 2102
1265,UMNCR,UMNCR,ACCT,2102,E90,Principles of Accounting II,B+,2,Grace Menze,gmenze,ACCT 2102
1265,UMNCR,UMNCR,ACCT,2102,E90,Principles of Accounting II,C,4,Grace Menze,gmenze,ACCT 2102
1265,UMNCR,UMNCR,ACCT,2102,E90,Principles of Accounting II,C+,3,Grace Menze,gmenze,ACCT 2102
1265,UMNCR,UMNCR,ACCT,2102,E90,Principles of Accounting II,D,1,Grace Menze,gmenze,ACCT 2102
1265,UMNCR,UMNCR,ACCT,2102,E90,Principles of Accounting II,D+,1,Grace Menze,gmenze,ACCT 2102
1265,UMNCR,UMNCR,ACCT,2102,E90,Principles of Accounting II,F,3,Grace Menze,gmenze,ACCT 2102
1265,UMNCR,UMNCR,ACCT,2102,E90,Principles of Accounting II,W,1,Grace Menze,gmenze,ACCT 2102
1265,UMNTC,UMNTC,ACCT,3001,020,Strategic Mgmt Accounting,A,19,Kendell Poch,beck0620,ACCT 3001
1265,UMNTC,UMNTC,ACCT,3001,020,Strategic Mgmt Accounting,A-,12,Kendell Poch,beck0620,ACCT 3001
1265,UMNTC,UMNTC,ACCT,3001,020,Strategic Mgmt Accounting,B,10,Kendell Poch,beck0620,ACCT 3001
1265,UMNTC,UMNTC,ACCT,3001,020,Strategic Mgmt Accounting,B+,5,Kendell Poch,beck0620,ACCT 3001
1265,UMNTC,UMNTC,ACCT,3001,020,Strategic Mgmt Accounting,B-,8,Kendell Poch,beck0620,ACCT 3001
1265,UMNTC,UMNTC,ACCT,3001,020,Strategic Mgmt Accounting,C,3,Kendell Poch,beck0620,ACCT 3001
1265,UMNTC,UMNTC,ACCT,3001,020,Strategic Mgmt Accounting,C+,2,Kendell Poch,beck0620,ACCT 3001
1265,UMNTC,UMNTC,ACCT,3001,020,Strategic Mgmt Accounting,C-,4,Kendell Poch,beck0620,ACCT 3001
1265,UMNTC,UMNTC,ACCT,3001,020,Strategic Mgmt Accounting,F,1,Kendell Poch,beck0620,ACCT 3001
1265,UMNTC,UMNTC,ACCT,3001,020,Strategic Mgmt Accounting,W,2,Kendell Poch,beck0620,ACCT 3001
1265,UMNCR,UMNCR,ACCT,3010,E90,Managerial Accounting,A,12,Mohammed Konte,mkonte,ACCT 3010
1265,UMNCR,UMNCR,ACCT,3010,E90,Managerial Accounting,A-,6,Mohammed Konte,mkonte,ACCT 3010
1265,UMNCR,UMNCR,ACCT,3010,E90,Managerial Accounting,B,2,Mohammed Konte,mkonte,ACCT 3010
1265,UMNCR,UMNCR,ACCT,3010,E90,Managerial Accounting,B+,1,Mohammed Konte,mkonte,ACCT 3010
1265,UMNCR,UMNCR,ACCT,3010,E90,Managerial Accounting,F,1,Mohammed Konte,mkonte,ACCT 3010
1265,UMNCR,UMNCR,ACCT,3010,E90,Managerial Accounting,W,3,Mohammed Konte,mkonte,ACCT 3010
1265,UMNCR,UMNCR,ACCT,3202,E90,Intermediate Accounting II,A,5,Grace Menze,gmenze,ACCT 3202
1265,UMNCR,UMNCR,ACCT,3202,E90,Intermediate Accounting II,A-,3,Grace Menze,gmenze,ACCT 3202
1265,UMNCR,UMNCR,ACCT,3202,E90,Intermediate Accounting II,B,2,Grace Menze,gmenze,ACCT 3202
1265,UMNCR,UMNCR,ACCT,3202,E90,Intermediate Accounting II,B-,1,Grace Menze,gmenze,ACCT 3202
1265,UMNCR,UMNCR,ACCT,3202,E90,Intermediate Accounting II,C,1,Grace Menze,gmenze,ACCT 3202
1265,UMNCR,UMNCR,ACCT,3202,E90,Intermediate Accounting II,C+,1,Grace Menze,gmenze,ACCT 3202
1265,UMNCR,UMNCR,ACCT,3202,E90,Intermediate Accounting II,C-,1,Grace Menze,gmenze,ACCT 3202
1265,UMNCR,UMNCR,ACCT,3202,E90,Intermediate Accounting II,D,1,Grace Menze,gmenze,ACCT 3202
1265,UMNCR,UMNCR,ACCT,3202,E90,Intermediate Accounting II,F,2,Grace Menze,gmenze,ACCT 3202
1265,UMNCR,UMNCR,ACCT,3202,E90,Intermediate Accounting II,W,1,Grace Menze,gmenze,ACCT 3202
1265,UMNCR,UMNCR,ACCT,3220,E90,Accounting Systems,A,3,Kara Bowen,klbowen,ACCT 3220
1265,UMNCR,UMNCR,ACCT,3220,E90,Accounting Systems,A-,5,Kara Bowen,klbowen,ACCT 3220
1265,UMNCR,UMNCR,ACCT,3220,E90,Accounting Systems,B,6,Kara Bowen,klbowen,ACCT 3220
1265,UMNCR,UMNCR,ACCT,3220,E90,Accounting Systems,B+,4,Kara Bowen,klbowen,ACCT 3220
1265,UMNCR,UMNCR,ACCT,3220,E90,Accounting Systems,B-,2,Kara Bowen,klbowen,ACCT 3220
1265,UMNCR,UMNCR,ACCT,3220,E90,Accounting Systems,C,1,Kara Bowen,klbowen,ACCT 3220
1265,UMNCR,UMNCR,ACCT,3220,E90,Accounting Systems,D+,1,Kara Bowen,klbowen,ACCT 3220
1265,UMNCR,UMNCR,ACCT,3220,E90,Accounting Systems,F,2,Kara Bowen,klbowen,ACCT 3220
1265,UMNCR,UMNCR,ACCT,3220,E90,Accounting Systems,W,3,Kara Bowen,klbowen,ACCT 3220
1265,UMNDL,UMNDL,ACCT,3301,001,Accounting Information Systems,A,11,Hanlu Fan,hfan,ACCT 3301
1265,UMNDL,UMNDL,ACCT,3301,001,Accounting Information Systems,A-,5,Hanlu Fan,hfan,ACCT 3301
1265,UMNDL,UMNDL,ACCT,3301,001,Accounting Information Systems,B,1,Hanlu Fan,hfan,ACCT 3301
1265,UMNDL,UMNDL,ACCT,3301,001,Accounting Information Systems,B+,5,Hanlu Fan,hfan,ACCT 3301
1265,UMNDL,UMNDL,ACCT,3301,001,Accounting Information Systems,B-,2,Hanlu Fan,hfan,ACCT 3301
1265,UMNDL,UMNDL,ACCT,3301,001,Accounting Information Systems,C,1,Hanlu Fan,hfan,ACCT 3301
1265,UMNDL,UMNDL,ACCT,3301,001,Accounting Information Systems,C-,1,Hanlu Fan,hfan,ACCT 3301
1265,UMNDL,UMNDL,ACCT,3301,001,Accounting Information Systems,D,1,Hanlu Fan,hfan,ACCT 3301
1265,UMNDL,UMNDL,ACCT,3301,001,Accounting Information Systems,D+,1,Hanlu Fan,hfan,ACCT 3301
1265,UMNDL,UMNDL,ACCT,3301,001,Accounting Information Systems,F,2,Hanlu Fan,hfan,ACCT 3301
1265,UMNDL,UMNDL,ACCT,3797,001,Internship in Accounting,A,11,Marte Kitson,mkitson,ACCT 3797
1265,UMNDL,UMNDL,ACCT,3797,001,Internship in Accounting,A-,3,Marte Kitson,mkitson,ACCT 3797
1265,UMNCR,UMNCR,ACCT,4800,E90,Accounting Data Analytics,A,8,Kara Bowen,klbowen,ACCT 4800
1265,UMNCR,UMNCR,ACCT,4800,E90,Accounting Data Analytics,A-,1,Kara Bowen,klbowen,ACCT 4800
1265,UMNCR,UMNCR,ACCT,4800,E90,Accounting Data Analytics,B,1,Kara Bowen,klbowen,ACCT 4800
1265,UMNCR,UMNCR,ACCT,4800,E90,Accounting Data Analytics,B+,1,Kara Bowen,klbowen,ACCT 4800
1265,UMNCR,UMNCR,ACCT,4800,E90,Accounting Data Analytics,C+,1,Kara Bowen,klbowen,ACCT 4800
1265,UMNCR,UMNCR,ACCT,4800,E90,Accounting Data Analytics,D,1,Kara Bowen,klbowen,ACCT 4800
1265,UMNCR,UMNCR,ACCT,4800,E90,Accounting Data Analytics,F,1,Kara Bowen,klbowen,ACCT 4800
1265,UMNTC,UMNTC,ACCT,5101,020,Intermediate Accounting I,A,23,Scott Johnson,johnson2,ACCT 5101
1265,UMNTC,UMNTC,ACCT,5101,020,Intermediate Accounting I,A-,2,Scott Johnson,johnson2,ACCT 5101
1265,UMNTC,UMNTC,ACCT,5101,020,Intermediate Accounting I,B,10,Scott Johnson,johnson2,ACCT 5101
1265,UMNTC,UMNTC,ACCT,5101,020,Intermediate Accounting I,B+,6,Scott Johnson,johnson2,ACCT 5101
1265,UMNTC,UMNTC,ACCT,5101,020,Intermediate Accounting I,B-,4,Scott Johnson,johnson2,ACCT 5101
1265,UMNTC,UMNTC,ACCT,5101,020,Intermediate Accounting I,C,3,Scott Johnson,johnson2,ACCT 5101
1265,UMNTC,UMNTC,ACCT,5101,020,Intermediate Accounting I,C+,2,Scott Johnson,johnson2,ACCT 5101
1265,UMNTC,UMNTC,ACCT,5101,020,Intermediate Accounting I,C-,3,Scott Johnson,johnson2,ACCT 5101
1265,UMNTC,UMNTC,ACCT,5101,020,Intermediate Accounting I,D,1,Scott Johnson,johnson2,ACCT 5101
1265,UMNTC,UMNTC,ACCT,5101,020,Intermediate Accounting I,F,2,Scott Johnson,johnson2,ACCT 5101
1265,UMNTC,UMNTC,ACCT,5101,020,Intermediate Accounting I,W,4,Scott Johnson,johnson2,ACCT 5101
1265,UMNTC,UMNTC,ADDS,6025,001,"Counseling Skills: CBT, MI",A,11,Jennifer Weigelt,jweigelt,ADDS 6025
1265,UMNTC,UMNTC,ADDS,6025,001,"Counseling Skills: CBT, MI",A-,1,Jennifer Weigelt,jweigelt,ADDS 6025
1265,UMNTC,UMNTC,ADDS,6025,001,"Counseling Skills: CBT, MI",B,1,Jennifer Weigelt,jweigelt,ADDS 6025
1265,UMNTC,UMNTC,ADDS,6025,001,"Counseling Skills: CBT, MI",W,1,Jennifer Weigelt,jweigelt,ADDS 6025
1265,UMNTC,UMNTC,ADDS,6035,001,Research & Evaluation Methods,A,17,Jennifer Weigelt,jweigelt,ADDS 6035
1265,UMNTC,UMNTC,ADDS,6035,001,Research & Evaluation Methods,A-,1,Jennifer Weigelt,jweigelt,ADDS 6035
1265,UMNTC,UMNTC,ADDS,6035,001,Research & Evaluation Methods,B,1,Jennifer Weigelt,jweigelt,ADDS 6035
1265,UMNTC,UMNTC,AEM,2021,002,Statics & Dynamics,A,8,Owen Constine,const144,AEM 2021
1265,UMNTC,UMNTC,AEM,2021,002,Statics & Dynamics,A-,1,Owen Constine,const144,AEM 2021
1265,UMNTC,UMNTC,AEM,2021,002,Statics & Dynamics,B,1,Owen Constine,const144,AEM 2021
1265,UMNTC,UMNTC,AEM,2021,002,Statics & Dynamics,B+,1,Owen Constine,const144,AEM 2021
1265,UMNTC,UMNTC,AEM,3031,002,Deform. Body Mech.,A,1,Yohannes Ketema,ketema,AEM 3031
1265,UMNTC,UMNTC,AEM,3031,002,Deform. Body Mech.,A-,3,Yohannes Ketema,ketema,AEM 3031
1265,UMNTC,UMNTC,AEM,3031,002,Deform. Body Mech.,B,2,Yohannes Ketema,ketema,AEM 3031
1265,UMNTC,UMNTC,AEM,3031,002,Deform. Body Mech.,B+,1,Yohannes Ketema,ketema,AEM 3031
1265,UMNTC,UMNTC,AEM,3031,002,Deform. Body Mech.,B-,1,Yohannes Ketema,ketema,AEM 3031
1265,UMNTC,UMNTC,AEM,3031,002,Deform. Body Mech.,C,1,Yohannes Ketema,ketema,AEM 3031
1265,UMNTC,UMNTC,AEM,3031,002,Deform. Body Mech.,C-,2,Yohannes Ketema,ketema,AEM 3031
1265,UMNTC,UMNTC,AEM,3031,002,Deform. Body Mech.,D,1,Yohannes Ketema,ketema,AEM 3031
1265,UMNTC,UMNTC,AEM,3031,002,Deform. Body Mech.,F,1,Yohannes Ketema,ketema,AEM 3031
1265,UMNTC,UMNTC,AEM,3031,002,Deform. Body Mech.,W,1,Yohannes Ketema,ketema,AEM 3031
1265,UMNTC,UMNTC,AEM,3031,884,Deform. Body Mech.,A,3,Yohannes Ketema,ketema,AEM 3031
1265,UMNTC,UMNTC,AEM,3031,884,Deform. Body Mech.,A-,2,Yohannes Ketema,ketema,AEM 3031
1265,UMNTC,UMNTC,AEM,3031,884,Deform. Body Mech.,B,2,Yohannes Ketema,ketema,AEM 3031
1265,UMNTC,UMNTC,AEM,3031,884,Deform. Body Mech.,B+,1,Yohannes Ketema,ketema,AEM 3031
1265,UMNTC,UMNTC,AEM,3031,884,Deform. Body Mech.,C+,5,Yohannes Ketema,ketema,AEM 3031
1265,UMNTC,UMNTC,AEM,3031,884,Deform. Body Mech.,C-,1,Yohannes Ketema,ketema,AEM 3031
1265,UMNTC,UMNTC,AEM,3031,884,Deform. Body Mech.,D,1,Yohannes Ketema,ketema,AEM 3031
1265,UMNTC,UMNTC,AMES,3672,001,Buddhism,A,24,Morgan Rouzer,prouzer,AMES 3672
1265,UMNTC,UMNTC,AMES,3672,001,Buddhism,A-,3,Morgan Rouzer,prouzer,AMES 3672
1265,UMNTC,UMNTC,AMES,3672,001,Buddhism,S,1,Morgan Rouzer,prouzer,AMES 3672
1265,UMNDL,UMNDL,AMIN,1606,001,Intro to American Indian Lit,A,3,Joseph Bauerkemper,jkb,AMIN 1606
1265,UMNDL,UMNDL,AMIN,1606,001,Intro to American Indian Lit,B,4,Joseph Bauerkemper,jkb,AMIN 1606
1265,UMNDL,UMNDL,AMIN,1606,001,Intro to American Indian Lit,B+,2,Joseph Bauerkemper,jkb,AMIN 1606
1265,UMNDL,UMNDL,AMIN,1606,001,Intro to American Indian Lit,B-,1,Joseph Bauerkemper,jkb,AMIN 1606
1265,UMNDL,UMNDL,AMIN,1606,001,Intro to American Indian Lit,C,2,Joseph Bauerkemper,jkb,AMIN 1606
1265,UMNDL,UMNDL,AMIN,1606,001,Intro to American Indian Lit,C+,2,Joseph Bauerkemper,jkb,AMIN 1606
1265,UMNDL,UMNDL,AMIN,1606,001,Intro to American Indian Lit,F,2,Joseph Bauerkemper,jkb,AMIN 1606
1265,UMNDL,UMNDL,AMIN,1606,001,Intro to American Indian Lit,W,1,Joseph Bauerkemper,jkb,AMIN 1606
1265,UMNTC,UMNTC,AMST,2011,001,U.S. since September 11th,A,28,David Karjanen,karjanen,AMST 2011
1265,UMNTC,UMNTC,AMST,2011,001,U.S. since September 11th,W,1,David Karjanen,karjanen,AMST 2011
1265,UMNTC,UMNTC,AMST,2011,002,U.S. since September 11th,A,25,An Garagiola,,AMST 2011
1265,UMNTC,UMNTC,AMST,2011,002,U.S. since September 11th,B,1,An Garagiola,,AMST 2011
1265,UMNTC,UMNTC,AMST,2011,002,U.S. since September 11th,B+,1,An Garagiola,,AMST 2011
1265,UMNTC,UMNTC,AMST,2011,002,U.S. since September 11th,F,1,An Garagiola,,AMST 2011
1265,UMNTC,UMNTC,AMST,2031,001,Chasing the American Dream,A,28,David Karjanen,karjanen,AMST 2031
1265,UMNTC,UMNTC,AMST,2031,001,Chasing the American Dream,A-,1,David Karjanen,karjanen,AMST 2031
1265,UMNTC,UMNTC,AMST,2031,001,Chasing the American Dream,S,1,David Karjanen,karjanen,AMST 2031
1265,UMNTC,UMNTC,AMST,2031,002,Chasing the American Dream,A,24,David Ramos,,AMST 2031
1265,UMNTC,UMNTC,AMST,2031,002,Chasing the American Dream,B,1,David Ramos,,AMST 2031
1265,UMNTC,UMNTC,AMST,2031,002,Chasing the American Dream,B-,2,David Ramos,,AMST 2031
1265,UMNTC,UMNTC,AMST,2031,002,Chasing the American Dream,S,3,David Ramos,,AMST 2031
1265,UMNTC,UMNTC,AMST,3214,001,Queer Kinship,A,7,Lennixx-Nickolai Bad Moccasin,,AMST 3214
1265,UMNTC,UMNTC,AMST,3214,001,Queer Kinship,D,1,Lennixx-Nickolai Bad Moccasin,,AMST 3214
1265,UMNTC,UMNTC,AMST,3214,001,Queer Kinship,F,1,Lennixx-Nickolai Bad Moccasin,,AMST 3214
1265,UMNTC,UMNTC,AMST,3214,001,Queer Kinship,S,3,Lennixx-Nickolai Bad Moccasin,,AMST 3214
1265,UMNTC,UMNTC,AMST,3214,001,Queer Kinship,W,1,Lennixx-Nickolai Bad Moccasin,,AMST 3214
1265,UMNTC,UMNTC,AMST,3253W,001,Pop cult & politics,A,8,Taher Herzallah,,AMST 3253W
1265,UMNTC,UMNTC,AMST,3253W,001,Pop cult & politics,A-,9,Taher Herzallah,,AMST 3253W
1265,UMNTC,UMNTC,AMST,3253W,001,Pop cult & politics,B,2,Taher Herzallah,,AMST 3253W
1265,UMNTC,UMNTC,AMST,3253W,001,Pop cult & politics,B+,6,Taher Herzallah,,AMST 3253W
1265,UMNTC,UMNTC,AMST,3253W,001,Pop cult & politics,C,1,Taher Herzallah,,AMST 3253W
1265,UMNTC,UMNTC,AMST,3253W,001,Pop cult & politics,C-,2,Taher Herzallah,,AMST 3253W
1265,UMNTC,UMNTC,AMST,3253W,001,Pop cult & politics,D+,1,Taher Herzallah,,AMST 3253W
1265,UMNTC,UMNTC,AMST,3253W,001,Pop cult & politics,W,1,Taher Herzallah,,AMST 3253W
1265,UMNTC,UMNTC,ANAT,7999,001,Head & Neck,A,22,Mark Cook,cookx072,ANAT 7999
1265,UMNTC,UMNTC,ANAT,7999,001,Head & Neck,B,5,Mark Cook,cookx072,ANAT 7999
1265,UMNTC,UMNTC,ANSC,1701,001,Historical Influence of Horse,A,63,Melissa Palmer,melissap,ANSC 1701
1265,UMNTC,UMNTC,ANSC,1701,001,Historical Influence of Horse,A-,12,Melissa Palmer,melissap,ANSC 1701
1265,UMNTC,UMNTC,ANSC,1701,001,Historical Influence of Horse,B,7,Melissa Palmer,melissap,ANSC 1701
1265,UMNTC,UMNTC,ANSC,1701,001,Historical Influence of Horse,B+,9,Melissa Palmer,melissap,ANSC 1701
1265,UMNTC,UMNTC,ANSC,1701,001,Historical Influence of Horse,B-,4,Melissa Palmer,melissap,ANSC 1701
1265,UMNTC,UMNTC,ANSC,1701,001,Historical Influence of Horse,C,1,Melissa Palmer,melissap,ANSC 1701
1265,UMNTC,UMNTC,ANSC,1701,001,Historical Influence of Horse,C+,4,Melissa Palmer,melissap,ANSC 1701
1265,UMNTC,UMNTC,ANSC,1701,001,Historical Influence of Horse,F,3,Melissa Palmer,melissap,ANSC 1701
1265,UMNTC,UMNTC,ANSC,1701,001,Historical Influence of Horse,S,7,Melissa Palmer,melissap,ANSC 1701
1265,UMNTC,UMNTC,ANSC,1701,001,Historical Influence of Horse,W,1,Melissa Palmer,melissap,ANSC 1701
1265,UMNTC,UMNTC,ANSC,3701,001,Poultry Products Technology,A,9,Anup Kollanoor Johny,anupjohn,ANSC 3701
1265,UMNTC,UMNTC,ANSC,3701,001,Poultry Products Technology,A-,2,Anup Kollanoor Johny,anupjohn,ANSC 3701
1265,UMNTC,UMNTC,ANSC,3701,001,Poultry Products Technology,B,3,Anup Kollanoor Johny,anupjohn,ANSC 3701
1265,UMNTC,UMNTC,ANSC,3701,001,Poultry Products Technology,B+,2,Anup Kollanoor Johny,anupjohn,ANSC 3701
1265,UMNTC,UMNTC,ANSC,3702,001,Applied Avian Physiology,A,2,Anup Kollanoor Johny,anupjohn,ANSC 3702
1265,UMNTC,UMNTC,ANSC,3702,001,Applied Avian Physiology,A-,5,Anup Kollanoor Johny,anupjohn,ANSC 3702
1265,UMNTC,UMNTC,ANSC,3702,001,Applied Avian Physiology,B,4,Anup Kollanoor Johny,anupjohn,ANSC 3702
1265,UMNTC,UMNTC,ANSC,3702,001,Applied Avian Physiology,B-,3,Anup Kollanoor Johny,anupjohn,ANSC 3702
1265,UMNTC,UMNTC,ANSC,3702,001,Applied Avian Physiology,C,1,Anup Kollanoor Johny,anupjohn,ANSC 3702
1265,UMNTC,UMNTC,ANSC,3702,001,Applied Avian Physiology,C+,1,Anup Kollanoor Johny,anupjohn,ANSC 3702
1265,UMNTC,UMNTC,ANSC,3702,001,Applied Avian Physiology,D+,1,Anup Kollanoor Johny,anupjohn,ANSC 3702
1265,UMNTC,UMNTC,ANSC,3703,001,Avian Health,A,10,Anup Kollanoor Johny,anupjohn,ANSC 3703
1265,UMNTC,UMNTC,ANSC,3703,001,Avian Health,A-,3,Anup Kollanoor Johny,anupjohn,ANSC 3703
1265,UMNTC,UMNTC,ANSC,3703,001,Avian Health,B,1,Anup Kollanoor Johny,anupjohn,ANSC 3703
1265,UMNTC,UMNTC,ANSC,3703,001,Avian Health,B+,3,Anup Kollanoor Johny,anupjohn,ANSC 3703
1265,UMNTC,UMNTC,ANSC,3703,001,Avian Health,B-,1,Anup Kollanoor Johny,anupjohn,ANSC 3703
1265,UMNTC,UMNTC,ANSC,3704,001,Poultry Nutrition,A,14,Anup Kollanoor Johny,anupjohn,ANSC 3704
1265,UMNTC,UMNTC,ANSC,3704,001,Poultry Nutrition,A-,1,Anup Kollanoor Johny,anupjohn,ANSC 3704
1265,UMNTC,UMNTC,ANSC,3704,001,Poultry Nutrition,B+,2,Anup Kollanoor Johny,anupjohn,ANSC 3704
1265,UMNTC,UMNTC,ANSC,3704,001,Poultry Nutrition,B-,1,Anup Kollanoor Johny,anupjohn,ANSC 3704
1265,UMNTC,UMNTC,ANSC,4711,001,Breeder Flock & Hatchery Mgmt,A,6,Anup Kollanoor Johny,anupjohn,ANSC 4711
1265,UMNTC,UMNTC,ANSC,4711,001,Breeder Flock & Hatchery Mgmt,A-,6,Anup Kollanoor Johny,anupjohn,ANSC 4711
1265,UMNTC,UMNTC,ANSC,4711,001,Breeder Flock & Hatchery Mgmt,B+,5,Anup Kollanoor Johny,anupjohn,ANSC 4711
1265,UMNTC,UMNTC,ANTH,1001,002,Human Evolution,A,15,Samantha Gogol,,ANTH 1001
1265,UMNTC,UMNTC,ANTH,1001,002,Human Evolution,A-,2,Samantha Gogol,,ANTH 1001
1265,UMNTC,UMNTC,ANTH,1001,002,Human Evolution,B,3,Samantha Gogol,,ANTH 1001
1265,UMNTC,UMNTC,ANTH,1001,002,Human Evolution,B-,2,Samantha Gogol,,ANTH 1001
1265,UMNTC,UMNTC,ANTH,1001,002,Human Evolution,C-,1,Samantha Gogol,,ANTH 1001
1265,UMNTC,UMNTC,ANTH,1003W,001,Understanding Cultures,A,13,Nathan Buckley,,ANTH 1003W
1265,UMNTC,UMNTC,ANTH,1003W,001,Understanding Cultures,A-,7,Nathan Buckley,,ANTH 1003W
1265,UMNTC,UMNTC,ANTH,1003W,001,Understanding Cultures,B+,5,Nathan Buckley,,ANTH 1003W
1265,UMNTC,UMNTC,ANTH,1003W,001,Understanding Cultures,B-,2,Nathan Buckley,,ANTH 1003W
1265,UMNTC,UMNTC,ANTH,1003W,001,Understanding Cultures,D,1,Nathan Buckley,,ANTH 1003W
1265,UMNTC,UMNTC,ANTH,1003W,001,Understanding Cultures,F,2,Nathan Buckley,,ANTH 1003W
1265,UMNTC,UMNTC,ANTH,1003W,001,Understanding Cultures,S,1,Nathan Buckley,,ANTH 1003W
1265,UMNTC,UMNTC,ANTH,1003W,001,Understanding Cultures,W,2,Nathan Buckley,,ANTH 1003W
1265,UMNDL,UMNDL,ANTH,1604,080,Cultural Anthropology,A,9,Jennifer Jones,jejones,ANTH 1604
1265,UMNDL,UMNDL,ANTH,1604,080,Cultural Anthropology,A-,2,Jennifer Jones,jejones,ANTH 1604
1265,UMNDL,UMNDL,ANTH,1604,080,Cultural Anthropology,D,1,Jennifer Jones,jejones,ANTH 1604
1265,UMNTC,UMNTC,ANTH,3221,001,Field School,A,9,Edward Fleming,flem0033,ANTH 3221
1265,UMNTC,UMNTC,ANTH,3221,001,Field School,A-,1,Edward Fleming,flem0033,ANTH 3221
1265,UMNTC,UMNTC,ANTH,3306W,001,Medical Anthropology,A,25,Melina Salvador,msalvado,ANTH 3306W
1265,UMNTC,UMNTC,ANTH,3306W,001,Medical Anthropology,A-,3,Melina Salvador,msalvado,ANTH 3306W
1265,UMNTC,UMNTC,ANTH,3306W,001,Medical Anthropology,B,3,Melina Salvador,msalvado,ANTH 3306W
1265,UMNTC,UMNTC,ANTH,3306W,001,Medical Anthropology,B+,3,Melina Salvador,msalvado,ANTH 3306W
1265,UMNTC,UMNTC,ANTH,3306W,001,Medical Anthropology,B-,1,Melina Salvador,msalvado,ANTH 3306W
1265,UMNTC,UMNTC,ANTH,3306W,001,Medical Anthropology,C,1,Melina Salvador,msalvado,ANTH 3306W
1265,UMNTC,UMNTC,ANTH,3306W,001,Medical Anthropology,D+,1,Melina Salvador,msalvado,ANTH 3306W
1265,UMNTC,UMNTC,ANTH,3306W,001,Medical Anthropology,F,1,Melina Salvador,msalvado,ANTH 3306W
1265,UMNDL,UMNDL,ANTH,3888,080,Anthropology of Food,A,1,Tim Roufs,troufs,ANTH 3888
1265,UMNDL,UMNDL,ANTH,3888,080,Anthropology of Food,A-,1,Tim Roufs,troufs,ANTH 3888
1265,UMNDL,UMNDL,ANTH,3888,080,Anthropology of Food,B+,2,Tim Roufs,troufs,ANTH 3888
1265,UMNDL,UMNDL,ANTH,3888,080,Anthropology of Food,D,1,Tim Roufs,troufs,ANTH 3888
1265,UMNDL,UMNDL,ANTH,3888,080,Anthropology of Food,F,5,Tim Roufs,troufs,ANTH 3888
1265,UMNDL,UMNDL,ANTH,3888,080,Anthropology of Food,W,2,Tim Roufs,troufs,ANTH 3888
1265,UMNTC,UMNTC,ARAB,1101,001,Beginning Arabic I,A,3,Mohammed Hussein,husseinm,ARAB 1101
1265,UMNTC,UMNTC,ARAB,1101,001,Beginning Arabic I,A-,1,Mohammed Hussein,husseinm,ARAB 1101
1265,UMNTC,UMNTC,ARAB,1101,001,Beginning Arabic I,B,1,Mohammed Hussein,husseinm,ARAB 1101
1265,UMNTC,UMNTC,ARAB,1101,001,Beginning Arabic I,B-,1,Mohammed Hussein,husseinm,ARAB 1101
1265,UMNTC,UMNTC,ARAB,1101,001,Beginning Arabic I,C+,1,Mohammed Hussein,husseinm,ARAB 1101
1265,UMNTC,UMNTC,ARAB,1101,001,Beginning Arabic I,C-,1,Mohammed Hussein,husseinm,ARAB 1101
1265,UMNTC,UMNTC,ARAB,1101,001,Beginning Arabic I,D,1,Mohammed Hussein,husseinm,ARAB 1101
1265,UMNTC,UMNTC,ARAB,1101,001,Beginning Arabic I,S,1,Mohammed Hussein,husseinm,ARAB 1101
1265,UMNTC,UMNTC,ARAB,1101,001,Beginning Arabic I,W,1,Mohammed Hussein,husseinm,ARAB 1101
1265,UMNTC,UMNTC,ARAB,1102,001,Beginning Arabic II,A,4,Mohammed Hussein,husseinm,ARAB 1102
1265,UMNTC,UMNTC,ARAB,1102,001,Beginning Arabic II,A-,2,Mohammed Hussein,husseinm,ARAB 1102
1265,UMNTC,UMNTC,ARAB,1102,001,Beginning Arabic II,B,2,Mohammed Hussein,husseinm,ARAB 1102
1265,UMNTC,UMNTC,ARAB,1102,001,Beginning Arabic II,B+,1,Mohammed Hussein,husseinm,ARAB 1102
1265,UMNTC,UMNTC,ARAB,1102,001,Beginning Arabic II,B-,2,Mohammed Hussein,husseinm,ARAB 1102
1265,UMNTC,UMNTC,ARAB,1102,001,Beginning Arabic II,D,1,Mohammed Hussein,husseinm,ARAB 1102
1265,UMNDL,UMNDL,ART,1001,080,Art Today,A,8,Jamie Ratliff,jratliff,ART 1001
1265,UMNDL,UMNDL,ART,1001,080,Art Today,A-,1,Jamie Ratliff,jratliff,ART 1001
1265,UMNDL,UMNDL,ART,1001,080,Art Today,B,2,Jamie Ratliff,jratliff,ART 1001
1265,UMNDL,UMNDL,ART,1001,080,Art Today,F,3,Jamie Ratliff,jratliff,ART 1001
1265,UMNDL,UMNDL,ART,1003,080,Introduction to Design,A,5,Jennifer Gordon,jgordon3,ART 1003
1265,UMNDL,UMNDL,ART,1003,080,Introduction to Design,A-,1,Jennifer Gordon,jgordon3,ART 1003
1265,UMNDL,UMNDL,ART,1003,080,Introduction to Design,B-,3,Jennifer Gordon,jgordon3,ART 1003
1265,UMNDL,UMNDL,ART,1003,080,Introduction to Design,C,2,Jennifer Gordon,jgordon3,ART 1003
1265,UMNDL,UMNDL,ART,1003,080,Introduction to Design,F,2,Jennifer Gordon,jgordon3,ART 1003
1265,UMNDL,UMNDL,ART,1003,080,Introduction to Design,W,1,Jennifer Gordon,jgordon3,ART 1003
1265,UMNDL,UMNDL,ARTH,2390,080,US Art and Visual Culture,A,4,Sara Blaylock,blaylock,ARTH 2390
1265,UMNDL,UMNDL,ARTH,2390,080,US Art and Visual Culture,A-,3,Sara Blaylock,blaylock,ARTH 2390
1265,UMNDL,UMNDL,ARTH,2390,080,US Art and Visual Culture,B,3,Sara Blaylock,blaylock,ARTH 2390
1265,UMNDL,UMNDL,ARTH,2390,080,US Art and Visual Culture,B+,4,Sara Blaylock,blaylock,ARTH 2390
1265,UMNDL,UMNDL,ARTH,2390,080,US Art and Visual Culture,C-,1,Sara Blaylock,blaylock,ARTH 2390
1265,UMNDL,UMNDL,ARTH,2390,080,US Art and Visual Culture,D+,1,Sara Blaylock,blaylock,ARTH 2390
1265,UMNTC,UMNTC,ASL,1701,101,ASL I,A,2,Jonathan Penny,jcpenny,ASL 1701
1265,UMNTC,UMNTC,ASL,1701,101,ASL I,A-,3,Jonathan Penny,jcpenny,ASL 1701
1265,UMNTC,UMNTC,ASL,1701,101,ASL I,B,2,Jonathan Penny,jcpenny,ASL 1701
1265,UMNTC,UMNTC,ASL,1701,101,ASL I,B-,2,Jonathan Penny,jcpenny,ASL 1701
1265,UMNTC,UMNTC,ASL,1701,101,ASL I,C,2,Jonathan Penny,jcpenny,ASL 1701
1265,UMNTC,UMNTC,ASL,1701,101,ASL I,C+,1,Jonathan Penny,jcpenny,ASL 1701
1265,UMNTC,UMNTC,ASL,1701,101,ASL I,C-,1,Jonathan Penny,jcpenny,ASL 1701
1265,UMNTC,UMNTC,ASL,1701,101,ASL I,D,2,Jonathan Penny,jcpenny,ASL 1701
1265,UMNTC,UMNTC,ASL,1701,101,ASL I,F,3,Jonathan Penny,jcpenny,ASL 1701
1265,UMNTC,UMNTC,ASL,1701,101,ASL I,S,1,Jonathan Penny,jcpenny,ASL 1701
1265,UMNTC,UMNTC,ASL,1701,101,ASL I,W,3,Jonathan Penny,jcpenny,ASL 1701
1265,UMNTC,UMNTC,ASL,1701,102,ASL I,A,3,Jonathan Penny,jcpenny,ASL 1701
1265,UMNTC,UMNTC,ASL,1701,102,ASL I,B,2,Jonathan Penny,jcpenny,ASL 1701
1265,UMNTC,UMNTC,ASL,1701,102,ASL I,B+,4,Jonathan Penny,jcpenny,ASL 1701
1265,UMNTC,UMNTC,ASL,1701,102,ASL I,B-,2,Jonathan Penny,jcpenny,ASL 1701
1265,UMNTC,UMNTC,ASL,1701,102,ASL I,C,2,Jonathan Penny,jcpenny,ASL 1701
1265,UMNTC,UMNTC,ASL,1701,102,ASL I,C+,2,Jonathan Penny,jcpenny,ASL 1701
1265,UMNTC,UMNTC,ASL,1701,102,ASL I,D+,1,Jonathan Penny,jcpenny,ASL 1701
1265,UMNTC,UMNTC,ASL,1701,102,ASL I,F,3,Jonathan Penny,jcpenny,ASL 1701
1265,UMNTC,UMNTC,ASL,1701,102,ASL I,S,1,Jonathan Penny,jcpenny,ASL 1701
1265,UMNTC,UMNTC,ASL,1701,102,ASL I,W,3,Jonathan Penny,jcpenny,ASL 1701
1265,UMNTC,UMNTC,ASL,1702,001,ASL II,A,2,Bradley Hardin,bhardin,ASL 1702
1265,UMNTC,UMNTC,ASL,1702,001,ASL II,A-,1,Bradley Hardin,bhardin,ASL 1702
1265,UMNTC,UMNTC,ASL,1702,001,ASL II,B,1,Bradley Hardin,bhardin,ASL 1702
1265,UMNTC,UMNTC,ASL,1702,001,ASL II,B+,3,Bradley Hardin,bhardin,ASL 1702
1265,UMNTC,UMNTC,ASL,1702,001,ASL II,B-,3,Bradley Hardin,bhardin,ASL 1702
1265,UMNTC,UMNTC,ASL,1702,001,ASL II,C+,1,Bradley Hardin,bhardin,ASL 1702
1265,UMNTC,UMNTC,ASL,1702,001,ASL II,F,2,Bradley Hardin,bhardin,ASL 1702
1265,UMNTC,UMNTC,ASL,1702,001,ASL II,S,4,Bradley Hardin,bhardin,ASL 1702
1265,UMNTC,UMNTC,ASL,1702,001,ASL II,W,2,Bradley Hardin,bhardin,ASL 1702
1265,UMNTC,UMNTC,ASL,1702,002,ASL II,A-,1,Nishani McCluskey,nmcclusk,ASL 1702
1265,UMNTC,UMNTC,ASL,1702,002,ASL II,B,1,Nishani McCluskey,nmcclusk,ASL 1702
1265,UMNTC,UMNTC,ASL,1702,002,ASL II,B+,2,Nishani McCluskey,nmcclusk,ASL 1702
1265,UMNTC,UMNTC,ASL,1702,002,ASL II,B-,5,Nishani McCluskey,nmcclusk,ASL 1702
1265,UMNTC,UMNTC,ASL,1702,002,ASL II,C+,3,Nishani McCluskey,nmcclusk,ASL 1702
1265,UMNTC,UMNTC,ASL,1702,002,ASL II,C-,1,Nishani McCluskey,nmcclusk,ASL 1702
1265,UMNTC,UMNTC,ASL,1702,002,ASL II,D+,1,Nishani McCluskey,nmcclusk,ASL 1702
1265,UMNTC,UMNTC,ASL,1702,002,ASL II,F,1,Nishani McCluskey,nmcclusk,ASL 1702
1265,UMNTC,UMNTC,ASL,1702,002,ASL II,N,1,Nishani McCluskey,nmcclusk,ASL 1702
1265,UMNTC,UMNTC,ASL,1702,002,ASL II,S,3,Nishani McCluskey,nmcclusk,ASL 1702
1265,UMNTC,UMNTC,ASL,1702,002,ASL II,W,1,Nishani McCluskey,nmcclusk,ASL 1702
1265,UMNDL,UMNDL,ASL,2001,065,Beginning ASL  I,A,10,Chrissy Cariveau,cariv002,ASL 2001
1265,UMNDL,UMNDL,ASL,2001,065,Beginning ASL  I,A-,2,Chrissy Cariveau,cariv002,ASL 2001
1265,UMNDL,UMNDL,ASL,2001,065,Beginning ASL  I,B+,3,Chrissy Cariveau,cariv002,ASL 2001
1265,UMNDL,UMNDL,ASL,2001,065,Beginning ASL  I,B-,1,Chrissy Cariveau,cariv002,ASL 2001
1265,UMNDL,UMNDL,ASL,2001,065,Beginning ASL  I,C+,1,Chrissy Cariveau,cariv002,ASL 2001
1265,UMNDL,UMNDL,ASL,2001,065,Beginning ASL  I,D+,2,Chrissy Cariveau,cariv002,ASL 2001
1265,UMNDL,UMNDL,ASL,2001,065,Beginning ASL  I,F,2,Chrissy Cariveau,cariv002,ASL 2001
1265,UMNDL,UMNDL,ASL,2001,065,Beginning ASL  I,W,2,Chrissy Cariveau,cariv002,ASL 2001
1265,UMNTC,UMNTC,ASL,3703,101,ASL III,A,2,Shirley Applebee,apple002,ASL 3703
1265,UMNTC,UMNTC,ASL,3703,101,ASL III,A-,3,Shirley Applebee,apple002,ASL 3703
1265,UMNTC,UMNTC,ASL,3703,101,ASL III,B,3,Shirley Applebee,apple002,ASL 3703
1265,UMNTC,UMNTC,ASL,3703,101,ASL III,B+,1,Shirley Applebee,apple002,ASL 3703
1265,UMNTC,UMNTC,ASL,3703,101,ASL III,B-,1,Shirley Applebee,apple002,ASL 3703
1265,UMNTC,UMNTC,ASL,3703,101,ASL III,C,1,Shirley Applebee,apple002,ASL 3703
1265,UMNTC,UMNTC,ASL,3703,101,ASL III,S,1,Shirley Applebee,apple002,ASL 3703
1265,UMNTC,UMNTC,ASL,3703,101,ASL III,W,1,Shirley Applebee,apple002,ASL 3703
1265,UMNTC,UMNTC,ASL,3704,001,ASL IV,A,2,Bradley Neubarth,neuba020,ASL 3704
1265,UMNTC,UMNTC,ASL,3704,001,ASL IV,A-,2,Bradley Neubarth,neuba020,ASL 3704
1265,UMNTC,UMNTC,ASL,3704,001,ASL IV,B,1,Bradley Neubarth,neuba020,ASL 3704
1265,UMNTC,UMNTC,ASL,3704,001,ASL IV,B+,6,Bradley Neubarth,neuba020,ASL 3704
1265,UMNTC,UMNTC,ASL,3704,001,ASL IV,B-,1,Bradley Neubarth,neuba020,ASL 3704
1265,UMNTC,UMNTC,ASL,3704,001,ASL IV,C-,1,Bradley Neubarth,neuba020,ASL 3704
1265,UMNTC,UMNTC,ASL,3704,001,ASL IV,S,9,Bradley Neubarth,neuba020,ASL 3704
1265,UMNTC,UMNTC,BA,2005,070,Ethics and Sustainability,A,13,Janelle Jordan,j-jordan,BA 2005
1265,UMNTC,UMNTC,BA,2005,070,Ethics and Sustainability,A-,27,Janelle Jordan,j-jordan,BA 2005
1265,UMNTC,UMNTC,BA,2005,070,Ethics and Sustainability,B,1,Janelle Jordan,j-jordan,BA 2005
1265,UMNTC,UMNTC,BA,2005,070,Ethics and Sustainability,B+,11,Janelle Jordan,j-jordan,BA 2005
1265,UMNTC,UMNTC,BA,2005,070,Ethics and Sustainability,W,1,Janelle Jordan,j-jordan,BA 2005
1265,UMNTC,UMNTC,BA,2051,001,Business Scenarios in Excel,A,3,Zhenhu Jin,jin00266,BA 2051
1265,UMNTC,UMNTC,BA,2051,001,Business Scenarios in Excel,A-,5,Zhenhu Jin,jin00266,BA 2051
1265,UMNTC,UMNTC,BA,2051,001,Business Scenarios in Excel,B,5,Zhenhu Jin,jin00266,BA 2051
1265,UMNTC,UMNTC,BA,2051,001,Business Scenarios in Excel,B+,2,Zhenhu Jin,jin00266,BA 2051
1265,UMNTC,UMNTC,BA,2051,001,Business Scenarios in Excel,B-,1,Zhenhu Jin,jin00266,BA 2051
1265,UMNTC,UMNTC,BA,2051,001,Business Scenarios in Excel,C+,3,Zhenhu Jin,jin00266,BA 2051
1265,UMNTC,UMNTC,BA,2051,001,Business Scenarios in Excel,C-,2,Zhenhu Jin,jin00266,BA 2051
1265,UMNTC,UMNTC,BA,2051,001,Business Scenarios in Excel,D,1,Zhenhu Jin,jin00266,BA 2051
1265,UMNTC,UMNTC,BA,2051,001,Business Scenarios in Excel,D+,2,Zhenhu Jin,jin00266,BA 2051
1265,UMNTC,UMNTC,BA,2051,001,Business Scenarios in Excel,F,1,Zhenhu Jin,jin00266,BA 2051
1265,UMNTC,UMNTC,BA,2551,001,Business Statistics in R,A,11,Bhupinder Juneja,junej003,BA 2551
1265,UMNTC,UMNTC,BA,2551,001,Business Statistics in R,A-,3,Bhupinder Juneja,junej003,BA 2551
1265,UMNTC,UMNTC,BA,2551,001,Business Statistics in R,B,2,Bhupinder Juneja,junej003,BA 2551
1265,UMNTC,UMNTC,BA,2551,001,Business Statistics in R,B+,1,Bhupinder Juneja,junej003,BA 2551
1265,UMNTC,UMNTC,BA,2551,001,Business Statistics in R,C,1,Bhupinder Juneja,junej003,BA 2551
1265,UMNTC,UMNTC,BA,2551,001,Business Statistics in R,D,1,Bhupinder Juneja,junej003,BA 2551
1265,UMNTC,UMNTC,BA,2551,001,Business Statistics in R,F,3,Bhupinder Juneja,junej003,BA 2551
1265,UMNTC,UMNTC,BA,2551,001,Business Statistics in R,W,3,Bhupinder Juneja,junej003,BA 2551
1265,UMNTC,UMNTC,BA,3033W,001,Business Communication,A,6,Nat Bennett,nbennett,BA 3033W
1265,UMNTC,UMNTC,BA,3033W,001,Business Communication,A-,9,Nat Bennett,nbennett,BA 3033W
1265,UMNTC,UMNTC,BA,3033W,001,Business Communication,B,1,Nat Bennett,nbennett,BA 3033W
1265,UMNTC,UMNTC,BA,3033W,001,Business Communication,B+,10,Nat Bennett,nbennett,BA 3033W
1265,UMNTC,UMNTC,BA,3033W,001,Business Communication,C+,1,Nat Bennett,nbennett,BA 3033W
1265,UMNTC,UMNTC,BA,3033W,001,Business Communication,F,1,Nat Bennett,nbennett,BA 3033W
1265,UMNDL,UMNDL,BA,4410,001,Data Visualization,A,7,Abdelrahman Elkenawy,abdou,BA 4410
1265,UMNDL,UMNDL,BA,4410,001,Data Visualization,A-,3,Abdelrahman Elkenawy,abdou,BA 4410
1265,UMNDL,UMNDL,BA,4410,001,Data Visualization,B,1,Abdelrahman Elkenawy,abdou,BA 4410
1265,UMNDL,UMNDL,BA,4410,001,Data Visualization,B+,2,Abdelrahman Elkenawy,abdou,BA 4410
1265,UMNDL,UMNDL,BA,4410,001,Data Visualization,B-,1,Abdelrahman Elkenawy,abdou,BA 4410
1265,UMNDL,UMNDL,BA,4410,001,Data Visualization,C-,1,Abdelrahman Elkenawy,abdou,BA 4410
1265,UMNTC,UMNTC,BBE,1201,001,Renew Engy Climate Chg Soc Env,A,13,David Schmidt,schmi071,BBE 1201
1265,UMNTC,UMNTC,BBE,1201,001,Renew Engy Climate Chg Soc Env,B,2,David Schmidt,schmi071,BBE 1201
1265,UMNTC,UMNTC,BBE,1201,001,Renew Engy Climate Chg Soc Env,B+,1,David Schmidt,schmi071,BBE 1201
1265,UMNTC,UMNTC,BBE,1201,001,Renew Engy Climate Chg Soc Env,B-,2,David Schmidt,schmi071,BBE 1201
1265,UMNTC,UMNTC,BBE,1201,001,Renew Engy Climate Chg Soc Env,C+,2,David Schmidt,schmi071,BBE 1201
1265,UMNTC,UMNTC,BBE,1201,001,Renew Engy Climate Chg Soc Env,F,4,David Schmidt,schmi071,BBE 1201
1265,UMNTC,UMNTC,BBE,1201,001,Renew Engy Climate Chg Soc Env,W,3,David Schmidt,schmi071,BBE 1201
1265,UMNTC,UMNTC,BBE,3201,001,Sustainability of Food Systems,A,8,Jason Hill,hill0408,BBE 3201
1265,UMNTC,UMNTC,BBE,3201,001,Sustainability of Food Systems,B+,1,Jason Hill,hill0408,BBE 3201
1265,UMNTC,UMNTC,BBE,3201,001,Sustainability of Food Systems,B-,2,Jason Hill,hill0408,BBE 3201
1265,UMNTC,UMNTC,BBE,3201,001,Sustainability of Food Systems,C+,1,Jason Hill,hill0408,BBE 3201
1265,UMNTC,UMNTC,BBE,3201,001,Sustainability of Food Systems,F,6,Jason Hill,hill0408,BBE 3201
1265,UMNTC,UMNTC,BBE,3201,001,Sustainability of Food Systems,W,1,Jason Hill,hill0408,BBE 3201
1265,UMNTC,UMNTC,BIOC,3021,090,Biochemistry,A,18,Robert Roon,roonx001,BIOC 3021
1265,UMNTC,UMNTC,BIOC,3021,090,Biochemistry,A-,22,Robert Roon,roonx001,BIOC 3021
1265,UMNTC,UMNTC,BIOC,3021,090,Biochemistry,B,16,Robert Roon,roonx001,BIOC 3021
1265,UMNTC,UMNTC,BIOC,3021,090,Biochemistry,B+,16,Robert Roon,roonx001,BIOC 3021
1265,UMNTC,UMNTC,BIOC,3021,090,Biochemistry,B-,14,Robert Roon,roonx001,BIOC 3021
1265,UMNTC,UMNTC,BIOC,3021,090,Biochemistry,C,26,Robert Roon,roonx001,BIOC 3021
1265,UMNTC,UMNTC,BIOC,3021,090,Biochemistry,C+,6,Robert Roon,roonx001,BIOC 3021
1265,UMNTC,UMNTC,BIOC,3021,090,Biochemistry,C-,5,Robert Roon,roonx001,BIOC 3021
1265,UMNTC,UMNTC,BIOC,3021,090,Biochemistry,F,2,Robert Roon,roonx001,BIOC 3021
1265,UMNTC,UMNTC,BIOC,3021,090,Biochemistry,W,6,Robert Roon,roonx001,BIOC 3021
1265,UMNTC,UMNTC,BIOC,3022,001,Biochem for Life Scientists,A,20,Andrew Grenfell,awg,BIOC 3022
1265,UMNTC,UMNTC,BIOC,3022,001,Biochem for Life Scientists,A-,6,Andrew Grenfell,awg,BIOC 3022
1265,UMNTC,UMNTC,BIOC,3022,001,Biochem for Life Scientists,B,11,Andrew Grenfell,awg,BIOC 3022
1265,UMNTC,UMNTC,BIOC,3022,001,Biochem for Life Scientists,B+,7,Andrew Grenfell,awg,BIOC 3022
1265,UMNTC,UMNTC,BIOC,3022,001,Biochem for Life Scientists,B-,4,Andrew Grenfell,awg,BIOC 3022
1265,UMNTC,UMNTC,BIOC,3022,001,Biochem for Life Scientists,C+,1,Andrew Grenfell,awg,BIOC 3022
1265,UMNTC,UMNTC,BIOC,3022,001,Biochem for Life Scientists,F,1,Andrew Grenfell,awg,BIOC 3022
1265,UMNTC,UMNRO,BIOC,3321,001,Biochemistry,A,3,Cassidy Terrell,terrell,BIOC 3321
1265,UMNTC,UMNRO,BIOC,3321,001,Biochemistry,A-,3,Cassidy Terrell,terrell,BIOC 3321
1265,UMNTC,UMNRO,BIOC,3321,001,Biochemistry,B,2,Cassidy Terrell,terrell,BIOC 3321
1265,UMNTC,UMNRO,BIOC,3321,001,Biochemistry,B+,1,Cassidy Terrell,terrell,BIOC 3321
1265,UMNTC,UMNRO,BIOC,3321,001,Biochemistry,B-,1,Cassidy Terrell,terrell,BIOC 3321
1265,UMNTC,UMNRO,BIOC,3321,001,Biochemistry,C+,1,Cassidy Terrell,terrell,BIOC 3321
1265,UMNTC,UMNTC,BIOC,4225,102,Laboratory In NMR Techniques,S,1,Todd Rappe,rapp0006,BIOC 4225
1265,UMNTC,UMNTC,BIOC,4225,102,Laboratory In NMR Techniques,S,11,Todd Rappe,rapp0006,BIOC 4225
1265,UMNCR,UMNCR,BIOL,1000,E90,Biology and Society,A,7,Karl Anderson,ande3701,BIOL 1000
1265,UMNCR,UMNCR,BIOL,1000,E90,Biology and Society,A-,5,Karl Anderson,ande3701,BIOL 1000
1265,UMNCR,UMNCR,BIOL,1000,E90,Biology and Society,B,4,Karl Anderson,ande3701,BIOL 1000
1265,UMNCR,UMNCR,BIOL,1000,E90,Biology and Society,B+,3,Karl Anderson,ande3701,BIOL 1000
1265,UMNCR,UMNCR,BIOL,1000,E90,Biology and Society,B-,3,Karl Anderson,ande3701,BIOL 1000
1265,UMNCR,UMNCR,BIOL,1000,E90,Biology and Society,C,1,Karl Anderson,ande3701,BIOL 1000
1265,UMNCR,UMNCR,BIOL,1000,E90,Biology and Society,C+,1,Karl Anderson,ande3701,BIOL 1000
1265,UMNCR,UMNCR,BIOL,1000,E90,Biology and Society,F,5,Karl Anderson,ande3701,BIOL 1000
1265,UMNCR,UMNCR,BIOL,1000,E90,Biology and Society,W,1,Karl Anderson,ande3701,BIOL 1000
1265,UMNTC,UMNTC,BIOL,1001,090,Evolution & Ecology,A,3,Charlie Willis,will1278,BIOL 1001
1265,UMNTC,UMNTC,BIOL,1001,090,Evolution & Ecology,A-,3,Charlie Willis,will1278,BIOL 1001
1265,UMNTC,UMNTC,BIOL,1001,090,Evolution & Ecology,B,3,Charlie Willis,will1278,BIOL 1001
1265,UMNTC,UMNTC,BIOL,1001,090,Evolution & Ecology,B+,4,Charlie Willis,will1278,BIOL 1001
1265,UMNTC,UMNTC,BIOL,1001,090,Evolution & Ecology,B-,2,Charlie Willis,will1278,BIOL 1001
1265,UMNTC,UMNTC,BIOL,1001,090,Evolution & Ecology,C+,1,Charlie Willis,will1278,BIOL 1001
1265,UMNTC,UMNTC,BIOL,1001,090,Evolution & Ecology,F,1,Charlie Willis,will1278,BIOL 1001
1265,UMNTC,UMNTC,BIOL,1001,090,Evolution & Ecology,S,1,Charlie Willis,will1278,BIOL 1001
1265,UMNTC,UMNTC,BIOL,1001,090,Evolution & Ecology,W,1,Charlie Willis,will1278,BIOL 1001
1265,UMNTC,UMNTC,BIOL,1001,091,Evolution & Ecology,A,2,Charlie Willis,will1278,BIOL 1001
1265,UMNTC,UMNTC,BIOL,1001,091,Evolution & Ecology,A-,2,Charlie Willis,will1278,BIOL 1001
1265,UMNTC,UMNTC,BIOL,1001,091,Evolution & Ecology,B,4,Charlie Willis,will1278,BIOL 1001
1265,UMNTC,UMNTC,BIOL,1001,091,Evolution & Ecology,B+,2,Charlie Willis,will1278,BIOL 1001
1265,UMNTC,UMNTC,BIOL,1001,091,Evolution & Ecology,B-,1,Charlie Willis,will1278,BIOL 1001
1265,UMNTC,UMNTC,BIOL,1001,091,Evolution & Ecology,C,1,Charlie Willis,will1278,BIOL 1001
1265,UMNTC,UMNTC,BIOL,1001,091,Evolution & Ecology,C+,2,Charlie Willis,will1278,BIOL 1001
1265,UMNTC,UMNTC,BIOL,1001,091,Evolution & Ecology,C-,2,Charlie Willis,will1278,BIOL 1001
1265,UMNTC,UMNTC,BIOL,1001,091,Evolution & Ecology,F,1,Charlie Willis,will1278,BIOL 1001
1265,UMNTC,UMNTC,BIOL,1001,091,Evolution & Ecology,N,1,Charlie Willis,will1278,BIOL 1001
1265,UMNTC,UMNTC,BIOL,1001,091,Evolution & Ecology,S,2,Charlie Willis,will1278,BIOL 1001
1265,UMNTC,UMNTC,BIOL,1001,091,Evolution & Ecology,W,1,Charlie Willis,will1278,BIOL 1001
1265,UMNTC,UMNTC,BIOL,1009,002,General Biology,A,10,Ashley Breiland,breil015,BIOL 1009
1265,UMNTC,UMNTC,BIOL,1009,002,General Biology,A-,1,Ashley Breiland,breil015,BIOL 1009
1265,UMNTC,UMNTC,BIOL,1009,002,General Biology,B,4,Ashley Breiland,breil015,BIOL 1009
1265,UMNTC,UMNTC,BIOL,1009,002,General Biology,B+,3,Ashley Breiland,breil015,BIOL 1009
1265,UMNTC,UMNTC,BIOL,1009,002,General Biology,B-,2,Ashley Breiland,breil015,BIOL 1009
1265,UMNTC,UMNTC,BIOL,1009,002,General Biology,C,1,Ashley Breiland,breil015,BIOL 1009
1265,UMNTC,UMNTC,BIOL,1009,002,General Biology,W,1,Ashley Breiland,breil015,BIOL 1009
1265,UMNTC,UMNTC,BIOL,1009,003,General Biology,A,6,Ashley Breiland,breil015,BIOL 1009
1265,UMNTC,UMNTC,BIOL,1009,003,General Biology,B,1,Ashley Breiland,breil015,BIOL 1009
1265,UMNTC,UMNTC,BIOL,1009,003,General Biology,B+,3,Ashley Breiland,breil015,BIOL 1009
1265,UMNTC,UMNTC,BIOL,1009,003,General Biology,B-,2,Ashley Breiland,breil015,BIOL 1009
1265,UMNTC,UMNTC,BIOL,1009,003,General Biology,C,1,Ashley Breiland,breil015,BIOL 1009
1265,UMNTC,UMNTC,BIOL,1009,003,General Biology,C+,3,Ashley Breiland,breil015,BIOL 1009
1265,UMNTC,UMNTC,BIOL,1009,003,General Biology,C-,1,Ashley Breiland,breil015,BIOL 1009
1265,UMNTC,UMNTC,BIOL,1009,090,General Biology,A,3,Theresa Edelman,tedelman,BIOL 1009
1265,UMNTC,UMNTC,BIOL,1009,090,General Biology,A-,3,Theresa Edelman,tedelman,BIOL 1009
1265,UMNTC,UMNTC,BIOL,1009,090,General Biology,B+,1,Theresa Edelman,tedelman,BIOL 1009
1265,UMNTC,UMNTC,BIOL,1009,090,General Biology,B-,5,Theresa Edelman,tedelman,BIOL 1009
1265,UMNTC,UMNTC,BIOL,1009,090,General Biology,C,2,Theresa Edelman,tedelman,BIOL 1009
1265,UMNTC,UMNTC,BIOL,1009,090,General Biology,C-,1,Theresa Edelman,tedelman,BIOL 1009
1265,UMNTC,UMNTC,BIOL,1009,090,General Biology,W,1,Theresa Edelman,tedelman,BIOL 1009
1265,UMNTC,UMNTC,BIOL,1009,091,General Biology,A,1,Theresa Edelman,tedelman,BIOL 1009
1265,UMNTC,UMNTC,BIOL,1009,091,General Biology,A-,4,Theresa Edelman,tedelman,BIOL 1009
1265,UMNTC,UMNTC,BIOL,1009,091,General Biology,B,1,Theresa Edelman,tedelman,BIOL 1009
1265,UMNTC,UMNTC,BIOL,1009,091,General Biology,B+,4,Theresa Edelman,tedelman,BIOL 1009
1265,UMNTC,UMNTC,BIOL,1009,091,General Biology,B-,2,Theresa Edelman,tedelman,BIOL 1009
1265,UMNTC,UMNTC,BIOL,1009,091,General Biology,C,1,Theresa Edelman,tedelman,BIOL 1009
1265,UMNTC,UMNTC,BIOL,1009,091,General Biology,C+,1,Theresa Edelman,tedelman,BIOL 1009
1265,UMNTC,UMNTC,BIOL,1009,091,General Biology,F,2,Theresa Edelman,tedelman,BIOL 1009
1265,UMNTC,UMNTC,BIOL,1009,091,General Biology,W,1,Theresa Edelman,tedelman,BIOL 1009
1265,UMNDL,UMNDL,BIOL,1011,003,General Biology I,A,2,Katie Nemeth,kmnemeth,BIOL 1011
1265,UMNDL,UMNDL,BIOL,1011,003,General Biology I,A-,2,Katie Nemeth,kmnemeth,BIOL 1011
1265,UMNDL,UMNDL,BIOL,1011,003,General Biology I,B,2,Katie Nemeth,kmnemeth,BIOL 1011
1265,UMNDL,UMNDL,BIOL,1011,003,General Biology I,B+,1,Katie Nemeth,kmnemeth,BIOL 1011
1265,UMNDL,UMNDL,BIOL,1011,003,General Biology I,C,1,Katie Nemeth,kmnemeth,BIOL 1011
1265,UMNDL,UMNDL,BIOL,1011,003,General Biology I,C-,1,Katie Nemeth,kmnemeth,BIOL 1011
1265,UMNDL,UMNDL,BIOL,1011,003,General Biology I,W,1,Katie Nemeth,kmnemeth,BIOL 1011
1265,UMNTC,UMNRO,BIOL,1310,001,Medical Terminology,A,4,Jenny Wollschlager,jwollsch,BIOL 1310
1265,UMNTC,UMNRO,BIOL,1310,001,Medical Terminology,A-,1,Jenny Wollschlager,jwollsch,BIOL 1310
1265,UMNTC,UMNRO,BIOL,1310,001,Medical Terminology,B,2,Jenny Wollschlager,jwollsch,BIOL 1310
1265,UMNTC,UMNRO,BIOL,1310,001,Medical Terminology,B+,1,Jenny Wollschlager,jwollsch,BIOL 1310
1265,UMNTC,UMNRO,BIOL,1310,001,Medical Terminology,B-,2,Jenny Wollschlager,jwollsch,BIOL 1310
1265,UMNTC,UMNRO,BIOL,1310,001,Medical Terminology,C-,1,Jenny Wollschlager,jwollsch,BIOL 1310
1265,UMNTC,UMNRO,BIOL,1310,001,Medical Terminology,F,1,Jenny Wollschlager,jwollsch,BIOL 1310
1265,UMNDL,UMNDL,BIOL,2201,001,Genetics,A,8,Jared Strasburg,jstrasbu,BIOL 2201
1265,UMNDL,UMNDL,BIOL,2201,001,Genetics,A-,4,Jared Strasburg,jstrasbu,BIOL 2201
1265,UMNDL,UMNDL,BIOL,2201,001,Genetics,B,5,Jared Strasburg,jstrasbu,BIOL 2201
1265,UMNDL,UMNDL,BIOL,2201,001,Genetics,B+,3,Jared Strasburg,jstrasbu,BIOL 2201
1265,UMNDL,UMNDL,BIOL,2201,001,Genetics,B-,1,Jared Strasburg,jstrasbu,BIOL 2201
1265,UMNDL,UMNDL,BIOL,2201,001,Genetics,C,2,Jared Strasburg,jstrasbu,BIOL 2201
1265,UMNDL,UMNDL,BIOL,2201,001,Genetics,C+,2,Jared Strasburg,jstrasbu,BIOL 2201
1265,UMNDL,UMNDL,BIOL,2201,001,Genetics,D+,2,Jared Strasburg,jstrasbu,BIOL 2201
1265,UMNDL,UMNDL,BIOL,2201,001,Genetics,F,2,Jared Strasburg,jstrasbu,BIOL 2201
1265,UMNTC,UMNTC,BIOL,3004,001,Foundations of Biology II Lab,A,6,Max Kramer,kram0247,BIOL 3004
1265,UMNTC,UMNTC,BIOL,3004,001,Foundations of Biology II Lab,A-,1,Max Kramer,kram0247,BIOL 3004
1265,UMNTC,UMNTC,BIOL,3004,001,Foundations of Biology II Lab,B,1,Max Kramer,kram0247,BIOL 3004
1265,UMNTC,UMNTC,BIOL,3004,001,Foundations of Biology II Lab,B+,3,Max Kramer,kram0247,BIOL 3004
1265,UMNTC,UMNTC,BIOL,3004,001,Foundations of Biology II Lab,C,1,Max Kramer,kram0247,BIOL 3004
1265,UMNDL,UMNDL,BIOL,3102,001,Cell Biology Human Disease,A,8,Shannon Stevenson,slsteven,BIOL 3102
1265,UMNDL,UMNDL,BIOL,3102,001,Cell Biology Human Disease,A-,3,Shannon Stevenson,slsteven,BIOL 3102
1265,UMNDL,UMNDL,BIOL,3102,001,Cell Biology Human Disease,B,2,Shannon Stevenson,slsteven,BIOL 3102
1265,UMNDL,UMNDL,BIOL,3102,001,Cell Biology Human Disease,B+,1,Shannon Stevenson,slsteven,BIOL 3102
1265,UMNDL,UMNDL,BIOL,3102,001,Cell Biology Human Disease,B-,2,Shannon Stevenson,slsteven,BIOL 3102
1265,UMNDL,UMNDL,BIOL,3102,001,Cell Biology Human Disease,C+,1,Shannon Stevenson,slsteven,BIOL 3102
1265,UMNTC,UMNRO,BIOL,3311,001,Genetics,A,9,Rachel Olson,olsonrl,BIOL 3311
1265,UMNTC,UMNRO,BIOL,3311,001,Genetics,A-,1,Rachel Olson,olsonrl,BIOL 3311
1265,UMNTC,UMNRO,BIOL,3311,001,Genetics,B+,1,Rachel Olson,olsonrl,BIOL 3311
1265,UMNTC,UMNRO,BIOL,3344,002,Microbiology,A,10,Rachel Olson,olsonrl,BIOL 3344
1265,UMNTC,UMNRO,BIOL,3344,002,Microbiology,A-,1,Rachel Olson,olsonrl,BIOL 3344
1265,UMNTC,UMNRO,BIOL,3344,002,Microbiology,B+,2,Rachel Olson,olsonrl,BIOL 3344
1265,UMNTC,UMNRO,BIOL,3344,002,Microbiology,B-,1,Rachel Olson,olsonrl,BIOL 3344
1265,UMNTC,UMNRO,BIOL,3344,002,Microbiology,C+,1,Rachel Olson,olsonrl,BIOL 3344
1265,UMNTC,UMNRO,BIOL,3355,501,Ecosystem & Ecotourism,A,5,Rachel Olson,olsonrl,BIOL 3355
1265,UMNTC,UMNRO,BIOL,3355,501,Ecosystem & Ecotourism,B,2,Rachel Olson,olsonrl,BIOL 3355
1265,UMNTC,UMNRO,BIOL,3355,501,Ecosystem & Ecotourism,C-,1,Rachel Olson,olsonrl,BIOL 3355
1265,UMNTC,UMNRO,BIOL,3355,501,Ecosystem & Ecotourism,D,1,Rachel Olson,olsonrl,BIOL 3355
1265,UMNTC,UMNRO,BIOL,3355,501,Ecosystem & Ecotourism,F,1,Rachel Olson,olsonrl,BIOL 3355
1265,UMNTC,UMNRO,BIOL,3357,001,Biomed Discovery Beneath Waves,A,4,Jenny Wollschlager,jwollsch,BIOL 3357
1265,UMNTC,UMNRO,BIOL,3357,001,Biomed Discovery Beneath Waves,A-,3,Jenny Wollschlager,jwollsch,BIOL 3357
1265,UMNTC,UMNRO,BIOL,3357,001,Biomed Discovery Beneath Waves,B+,1,Jenny Wollschlager,jwollsch,BIOL 3357
1265,UMNTC,UMNRO,BIOL,3357,001,Biomed Discovery Beneath Waves,C,1,Jenny Wollschlager,jwollsch,BIOL 3357
1265,UMNTC,UMNRO,BIOL,3357,001,Biomed Discovery Beneath Waves,F,1,Jenny Wollschlager,jwollsch,BIOL 3357
1265,UMNDL,UMNDL,BIOL,3761,001,Marine Field Biology,A,8,Allen Mensinger,amensing,BIOL 3761
1265,UMNDL,UMNDL,BIOL,3761,001,Marine Field Biology,A-,5,Allen Mensinger,amensing,BIOL 3761
1265,UMNDL,UMNDL,BIOL,3761,001,Marine Field Biology,B+,4,Allen Mensinger,amensing,BIOL 3761
1265,UMNTC,UMNTC,BIOL,4003,090,Genetics,A,20,Naoko Shima,shima023,BIOL 4003
1265,UMNTC,UMNTC,BIOL,4003,090,Genetics,A-,8,Naoko Shima,shima023,BIOL 4003
1265,UMNTC,UMNTC,BIOL,4003,090,Genetics,B,3,Naoko Shima,shima023,BIOL 4003
1265,UMNTC,UMNTC,BIOL,4003,090,Genetics,B+,3,Naoko Shima,shima023,BIOL 4003
1265,UMNTC,UMNTC,BIOL,4003,090,Genetics,B-,4,Naoko Shima,shima023,BIOL 4003
1265,UMNTC,UMNTC,BIOL,4003,090,Genetics,C,4,Naoko Shima,shima023,BIOL 4003
1265,UMNTC,UMNTC,BIOL,4003,090,Genetics,C+,1,Naoko Shima,shima023,BIOL 4003
1265,UMNTC,UMNTC,BIOL,4003,090,Genetics,F,1,Naoko Shima,shima023,BIOL 4003
1265,UMNTC,UMNTC,BIOL,4003,090,Genetics,W,1,Naoko Shima,shima023,BIOL 4003
1265,UMNTC,UMNTC,BIOL,4003,091,Genetics,A,19,Pu Wang,wang5922,BIOL 4003
1265,UMNTC,UMNTC,BIOL,4003,091,Genetics,A-,3,Pu Wang,wang5922,BIOL 4003
1265,UMNTC,UMNTC,BIOL,4003,091,Genetics,B,4,Pu Wang,wang5922,BIOL 4003
1265,UMNTC,UMNTC,BIOL,4003,091,Genetics,B+,4,Pu Wang,wang5922,BIOL 4003
1265,UMNTC,UMNTC,BIOL,4003,091,Genetics,B-,1,Pu Wang,wang5922,BIOL 4003
1265,UMNTC,UMNTC,BIOL,4003,091,Genetics,C,4,Pu Wang,wang5922,BIOL 4003
1265,UMNTC,UMNTC,BIOL,4003,091,Genetics,C+,5,Pu Wang,wang5922,BIOL 4003
1265,UMNTC,UMNTC,BIOL,4003,091,Genetics,D,1,Pu Wang,wang5922,BIOL 4003
1265,UMNTC,UMNTC,BIOL,4003,091,Genetics,D+,3,Pu Wang,wang5922,BIOL 4003
1265,UMNTC,UMNTC,BIOL,4003,091,Genetics,F,3,Pu Wang,wang5922,BIOL 4003
1265,UMNTC,UMNTC,BIOL,4003,091,Genetics,W,1,Pu Wang,wang5922,BIOL 4003
1265,UMNTC,UMNTC,BIOL,4004,090,Cell Biology,A,14,Emily Flynn,flynn622,BIOL 4004
1265,UMNTC,UMNTC,BIOL,4004,090,Cell Biology,A-,9,Emily Flynn,flynn622,BIOL 4004
1265,UMNTC,UMNTC,BIOL,4004,090,Cell Biology,B,6,Emily Flynn,flynn622,BIOL 4004
1265,UMNTC,UMNTC,BIOL,4004,090,Cell Biology,B+,4,Emily Flynn,flynn622,BIOL 4004
1265,UMNTC,UMNTC,BIOL,4004,090,Cell Biology,B-,5,Emily Flynn,flynn622,BIOL 4004
1265,UMNTC,UMNTC,BIOL,4004,090,Cell Biology,C,4,Emily Flynn,flynn622,BIOL 4004
1265,UMNTC,UMNTC,BIOL,4004,090,Cell Biology,C+,5,Emily Flynn,flynn622,BIOL 4004
1265,UMNTC,UMNTC,BIOL,4004,090,Cell Biology,C-,7,Emily Flynn,flynn622,BIOL 4004
1265,UMNTC,UMNTC,BIOL,4004,090,Cell Biology,D,2,Emily Flynn,flynn622,BIOL 4004
1265,UMNTC,UMNTC,BIOL,4004,090,Cell Biology,D+,1,Emily Flynn,flynn622,BIOL 4004
1265,UMNTC,UMNTC,BIOL,4004,090,Cell Biology,F,1,Emily Flynn,flynn622,BIOL 4004
1265,UMNTC,UMNTC,BIOL,4004,090,Cell Biology,W,2,Emily Flynn,flynn622,BIOL 4004
1265,UMNTC,UMNTC,BIOL,4321W,001,Deconstructing Biology Rsearch,A,6,Max Kramer,kram0247,BIOL 4321W
1265,UMNTC,UMNTC,BIOL,4321W,001,Deconstructing Biology Rsearch,A-,1,Max Kramer,kram0247,BIOL 4321W
1265,UMNTC,UMNTC,BIOL,4321W,001,Deconstructing Biology Rsearch,B,1,Max Kramer,kram0247,BIOL 4321W
1265,UMNTC,UMNTC,BIOL,4321W,001,Deconstructing Biology Rsearch,B-,1,Max Kramer,kram0247,BIOL 4321W
1265,UMNTC,UMNTC,BIOL,4321W,001,Deconstructing Biology Rsearch,F,2,Max Kramer,kram0247,BIOL 4321W
1265,UMNDL,UMNDL,BLAW,2001,001,Legal Environment,A,13,Brian Lukasavitz,blukasav,BLAW 2001
1265,UMNDL,UMNDL,BLAW,2001,001,Legal Environment,A-,4,Brian Lukasavitz,blukasav,BLAW 2001
1265,UMNDL,UMNDL,BLAW,2001,001,Legal Environment,B-,2,Brian Lukasavitz,blukasav,BLAW 2001
1265,UMNDL,UMNDL,BLAW,2001,001,Legal Environment,C,1,Brian Lukasavitz,blukasav,BLAW 2001
1265,UMNDL,UMNDL,BLAW,2001,001,Legal Environment,C-,1,Brian Lukasavitz,blukasav,BLAW 2001
1265,UMNDL,UMNDL,BLAW,2001,001,Legal Environment,F,1,Brian Lukasavitz,blukasav,BLAW 2001
1265,UMNDL,UMNDL,BMS,8001,001,Found of Biomedical Sciences,A,16,Clara Smoniewski,smoni002,BMS 8001
1265,UMNDL,UMNDL,BMS,8001,001,Found of Biomedical Sciences,A-,2,Clara Smoniewski,smoni002,BMS 8001
1265,UMNDL,UMNDL,BMS,8001,001,Found of Biomedical Sciences,B+,1,Clara Smoniewski,smoni002,BMS 8001
1265,UMNCR,UMNCR,CA,1020,E90,Spreadsheet Applications,A,9,Vanessa Armstrong,arms0128,CA 1020
1265,UMNCR,UMNCR,CA,1020,E90,Spreadsheet Applications,A-,3,Vanessa Armstrong,arms0128,CA 1020
1265,UMNCR,UMNCR,CA,1020,E90,Spreadsheet Applications,B,3,Vanessa Armstrong,arms0128,CA 1020
1265,UMNCR,UMNCR,CA,1020,E90,Spreadsheet Applications,B+,1,Vanessa Armstrong,arms0128,CA 1020
1265,UMNCR,UMNCR,CA,1020,E90,Spreadsheet Applications,B-,2,Vanessa Armstrong,arms0128,CA 1020
1265,UMNCR,UMNCR,CA,1020,E90,Spreadsheet Applications,C,1,Vanessa Armstrong,arms0128,CA 1020
1265,UMNCR,UMNCR,CA,1020,E90,Spreadsheet Applications,C+,1,Vanessa Armstrong,arms0128,CA 1020
1265,UMNCR,UMNCR,CA,1020,E90,Spreadsheet Applications,C-,1,Vanessa Armstrong,arms0128,CA 1020
1265,UMNCR,UMNCR,CA,1020,E90,Spreadsheet Applications,D,1,Vanessa Armstrong,arms0128,CA 1020
1265,UMNCR,UMNCR,CA,1020,E90,Spreadsheet Applications,D+,2,Vanessa Armstrong,arms0128,CA 1020
1265,UMNCR,UMNCR,CA,1020,E90,Spreadsheet Applications,F,4,Vanessa Armstrong,arms0128,CA 1020
1265,UMNCR,UMNCR,CA,1020,E90,Spreadsheet Applications,W,2,Vanessa Armstrong,arms0128,CA 1020
1265,UMNCR,UMNCR,CA,1020,E91,Spreadsheet Applications,A,2,Nurul Amin,mnamin,CA 1020
1265,UMNCR,UMNCR,CA,1020,E91,Spreadsheet Applications,A-,2,Nurul Amin,mnamin,CA 1020
1265,UMNCR,UMNCR,CA,1020,E91,Spreadsheet Applications,B,2,Nurul Amin,mnamin,CA 1020
1265,UMNCR,UMNCR,CA,1020,E91,Spreadsheet Applications,B+,2,Nurul Amin,mnamin,CA 1020
1265,UMNCR,UMNCR,CA,1020,E91,Spreadsheet Applications,B-,5,Nurul Amin,mnamin,CA 1020
1265,UMNCR,UMNCR,CA,1020,E91,Spreadsheet Applications,C,4,Nurul Amin,mnamin,CA 1020
1265,UMNCR,UMNCR,CA,1020,E91,Spreadsheet Applications,C+,2,Nurul Amin,mnamin,CA 1020
1265,UMNCR,UMNCR,CA,1020,E91,Spreadsheet Applications,C-,1,Nurul Amin,mnamin,CA 1020
1265,UMNCR,UMNCR,CA,1020,E91,Spreadsheet Applications,D+,1,Nurul Amin,mnamin,CA 1020
1265,UMNCR,UMNCR,CA,1020,E91,Spreadsheet Applications,F,4,Nurul Amin,mnamin,CA 1020
1265,UMNCR,UMNCR,CA,1020,E91,Spreadsheet Applications,W,4,Nurul Amin,mnamin,CA 1020
1265,UMNCR,UMNCR,CA,1040,E90,Web Site Development,A,14,Nurul Amin,mnamin,CA 1040
1265,UMNCR,UMNCR,CA,1040,E90,Web Site Development,A-,3,Nurul Amin,mnamin,CA 1040
1265,UMNCR,UMNCR,CA,1040,E90,Web Site Development,B,1,Nurul Amin,mnamin,CA 1040
1265,UMNCR,UMNCR,CA,1040,E90,Web Site Development,B+,1,Nurul Amin,mnamin,CA 1040
1265,UMNCR,UMNCR,CA,1040,E90,Web Site Development,D,1,Nurul Amin,mnamin,CA 1040
1265,UMNCR,UMNCR,CA,1040,E90,Web Site Development,F,6,Nurul Amin,mnamin,CA 1040
1265,UMNCR,UMNCR,CA,1040,E90,Web Site Development,W,1,Nurul Amin,mnamin,CA 1040
1265,UMNTC,UMNRO,CAP,2713,001,Career Dvlpmnt Skills Hlth Sci,N,1,Brennah McCorkell,mccor859,CAP 2713
1265,UMNTC,UMNRO,CAP,2713,001,Career Dvlpmnt Skills Hlth Sci,S,22,Brennah McCorkell,mccor859,CAP 2713
1265,UMNDL,UMNDL,CE,1000,001,History of Structures,A,28,Andrea Schokker,aschokke,CE 1000
1265,UMNDL,UMNDL,CE,1000,001,History of Structures,A-,1,Andrea Schokker,aschokke,CE 1000
1265,UMNDL,UMNDL,CE,1000,001,History of Structures,B,1,Andrea Schokker,aschokke,CE 1000
1265,UMNDL,UMNDL,CE,1000,001,History of Structures,B+,1,Andrea Schokker,aschokke,CE 1000
1265,UMNDL,UMNDL,CE,1000,001,History of Structures,C+,1,Andrea Schokker,aschokke,CE 1000
1265,UMNDL,UMNDL,CE,1000,001,History of Structures,F,3,Andrea Schokker,aschokke,CE 1000
1265,UMNDL,UMNDL,CE,2015,001,Engineering Statics,A,4,Brian Kohn,bkohn,CE 2015
1265,UMNDL,UMNDL,CE,2015,001,Engineering Statics,A-,6,Brian Kohn,bkohn,CE 2015
1265,UMNDL,UMNDL,CE,2015,001,Engineering Statics,B,1,Brian Kohn,bkohn,CE 2015
1265,UMNDL,UMNDL,CE,2015,001,Engineering Statics,B+,3,Brian Kohn,bkohn,CE 2015
1265,UMNDL,UMNDL,CE,2015,001,Engineering Statics,B-,1,Brian Kohn,bkohn,CE 2015
1265,UMNDL,UMNDL,CE,2016,001,Mechanics of Materials,A,11,Brian Kohn,bkohn,CE 2016
1265,UMNDL,UMNDL,CE,2016,001,Mechanics of Materials,A-,2,Brian Kohn,bkohn,CE 2016
1265,UMNDL,UMNDL,CE,2016,001,Mechanics of Materials,B+,1,Brian Kohn,bkohn,CE 2016
1265,UMNTC,UMNTC,CFAN,3096,001,Mkg the Most of your Prof Exp,A,26,Mari Ruddy,mmruddy,CFAN 3096
1265,UMNTC,UMNTC,CFAN,3096,001,Mkg the Most of your Prof Exp,A-,10,Mari Ruddy,mmruddy,CFAN 3096
1265,UMNTC,UMNTC,CFAN,3096,001,Mkg the Most of your Prof Exp,B,1,Mari Ruddy,mmruddy,CFAN 3096
1265,UMNTC,UMNTC,CFAN,3096,001,Mkg the Most of your Prof Exp,B+,1,Mari Ruddy,mmruddy,CFAN 3096
1265,UMNTC,UMNTC,CFAN,3096,001,Mkg the Most of your Prof Exp,B-,2,Mari Ruddy,mmruddy,CFAN 3096
1265,UMNTC,UMNTC,CFAN,3516,500,Sustainbl Food Systms of Italy,A,9,Julie Grossman,jgross,CFAN 3516
1265,UMNTC,UMNTC,CFAN,3516,500,Sustainbl Food Systms of Italy,C,1,Julie Grossman,jgross,CFAN 3516
1265,UMNTC,UMNTC,CHEM,1015,001,Intro Chemistry: Lecture,A,3,Emily Pelton,epelton,CHEM 1015
1265,UMNTC,UMNTC,CHEM,1015,001,Intro Chemistry: Lecture,B,4,Emily Pelton,epelton,CHEM 1015
1265,UMNTC,UMNTC,CHEM,1015,001,Intro Chemistry: Lecture,C,4,Emily Pelton,epelton,CHEM 1015
1265,UMNTC,UMNTC,CHEM,1015,001,Intro Chemistry: Lecture,C+,4,Emily Pelton,epelton,CHEM 1015
1265,UMNTC,UMNTC,CHEM,1015,001,Intro Chemistry: Lecture,C-,1,Emily Pelton,epelton,CHEM 1015
1265,UMNTC,UMNTC,CHEM,1015,001,Intro Chemistry: Lecture,D,1,Emily Pelton,epelton,CHEM 1015
1265,UMNTC,UMNTC,CHEM,1015,001,Intro Chemistry: Lecture,F,1,Emily Pelton,epelton,CHEM 1015
1265,UMNTC,UMNTC,CHEM,1015,001,Intro Chemistry: Lecture,W,1,Emily Pelton,epelton,CHEM 1015
1265,UMNTC,UMNTC,CHEM,1017,001,Introductory Chemistry: Lab,A,5,Samantha Houchlei,houch023,CHEM 1017
1265,UMNTC,UMNTC,CHEM,1017,001,Introductory Chemistry: Lab,A-,4,Samantha Houchlei,houch023,CHEM 1017
1265,UMNTC,UMNTC,CHEM,1017,001,Introductory Chemistry: Lab,B+,3,Samantha Houchlei,houch023,CHEM 1017
1265,UMNTC,UMNTC,CHEM,1017,001,Introductory Chemistry: Lab,B-,1,Samantha Houchlei,houch023,CHEM 1017
1265,UMNTC,UMNTC,CHEM,1061,001,Chemical Principles I,A,4,Michelle Driessen,mdd,CHEM 1061
1265,UMNTC,UMNTC,CHEM,1061,001,Chemical Principles I,A-,3,Michelle Driessen,mdd,CHEM 1061
1265,UMNTC,UMNTC,CHEM,1061,001,Chemical Principles I,B,4,Michelle Driessen,mdd,CHEM 1061
1265,UMNTC,UMNTC,CHEM,1061,001,Chemical Principles I,B+,5,Michelle Driessen,mdd,CHEM 1061
1265,UMNTC,UMNTC,CHEM,1061,001,Chemical Principles I,B-,7,Michelle Driessen,mdd,CHEM 1061
1265,UMNTC,UMNTC,CHEM,1061,001,Chemical Principles I,C,11,Michelle Driessen,mdd,CHEM 1061
1265,UMNTC,UMNTC,CHEM,1061,001,Chemical Principles I,C+,8,Michelle Driessen,mdd,CHEM 1061
1265,UMNTC,UMNTC,CHEM,1061,001,Chemical Principles I,C-,5,Michelle Driessen,mdd,CHEM 1061
1265,UMNTC,UMNTC,CHEM,1061,001,Chemical Principles I,D,8,Michelle Driessen,mdd,CHEM 1061
1265,UMNTC,UMNTC,CHEM,1061,001,Chemical Principles I,D+,2,Michelle Driessen,mdd,CHEM 1061
1265,UMNTC,UMNTC,CHEM,1061,001,Chemical Principles I,F,22,Michelle Driessen,mdd,CHEM 1061
1265,UMNTC,UMNTC,CHEM,1061,001,Chemical Principles I,W,15,Michelle Driessen,mdd,CHEM 1061
1265,UMNTC,UMNTC,CHEM,1062,001,Chem Prin II,A,3,Michelle Driessen,mdd,CHEM 1062
1265,UMNTC,UMNTC,CHEM,1062,001,Chem Prin II,A-,4,Michelle Driessen,mdd,CHEM 1062
1265,UMNTC,UMNTC,CHEM,1062,001,Chem Prin II,B,4,Michelle Driessen,mdd,CHEM 1062
1265,UMNTC,UMNTC,CHEM,1062,001,Chem Prin II,B+,4,Michelle Driessen,mdd,CHEM 1062
1265,UMNTC,UMNTC,CHEM,1062,001,Chem Prin II,C,7,Michelle Driessen,mdd,CHEM 1062
1265,UMNTC,UMNTC,CHEM,1062,001,Chem Prin II,C+,8,Michelle Driessen,mdd,CHEM 1062
1265,UMNTC,UMNTC,CHEM,1062,001,Chem Prin II,C-,10,Michelle Driessen,mdd,CHEM 1062
1265,UMNTC,UMNTC,CHEM,1062,001,Chem Prin II,D,6,Michelle Driessen,mdd,CHEM 1062
1265,UMNTC,UMNTC,CHEM,1062,001,Chem Prin II,D+,3,Michelle Driessen,mdd,CHEM 1062
1265,UMNTC,UMNTC,CHEM,1062,001,Chem Prin II,F,46,Michelle Driessen,mdd,CHEM 1062
1265,UMNTC,UMNTC,CHEM,1062,001,Chem Prin II,W,10,Michelle Driessen,mdd,CHEM 1062
1265,UMNTC,UMNTC,CHEM,1065,001,Chemical Principles  I Lab,A,13,Samantha Houchlei,houch023,CHEM 1065
1265,UMNTC,UMNTC,CHEM,1065,001,Chemical Principles  I Lab,B,3,Samantha Houchlei,houch023,CHEM 1065
1265,UMNTC,UMNTC,CHEM,1065,001,Chemical Principles  I Lab,C,3,Samantha Houchlei,houch023,CHEM 1065
1265,UMNTC,UMNTC,CHEM,1065,001,Chemical Principles  I Lab,D,1,Samantha Houchlei,houch023,CHEM 1065
1265,UMNTC,UMNTC,CHEM,1065,001,Chemical Principles  I Lab,F,1,Samantha Houchlei,houch023,CHEM 1065
1265,UMNTC,UMNTC,CHEM,1065,002,Chemical Principles  I Lab,A,13,Samantha Houchlei,houch023,CHEM 1065
1265,UMNTC,UMNTC,CHEM,1065,002,Chemical Principles  I Lab,B,3,Samantha Houchlei,houch023,CHEM 1065
1265,UMNTC,UMNTC,CHEM,1065,002,Chemical Principles  I Lab,W,1,Samantha Houchlei,houch023,CHEM 1065
1265,UMNTC,UMNTC,CHEM,1066,001,Chem Prin II Lab,A,14,Samantha Houchlei,houch023,CHEM 1066
1265,UMNTC,UMNTC,CHEM,1066,001,Chem Prin II Lab,B,6,Samantha Houchlei,houch023,CHEM 1066
1265,UMNTC,UMNTC,CHEM,1066,001,Chem Prin II Lab,C,2,Samantha Houchlei,houch023,CHEM 1066
1265,UMNTC,UMNTC,CHEM,1066,002,Chem Prin II Lab,A,16,Samantha Houchlei,houch023,CHEM 1066
1265,UMNTC,UMNTC,CHEM,1066,002,Chem Prin II Lab,B,1,Samantha Houchlei,houch023,CHEM 1066
1265,UMNTC,UMNTC,CHEM,1066,002,Chem Prin II Lab,C,1,Samantha Houchlei,houch023,CHEM 1066
1265,UMNTC,UMNTC,CHEM,1066,002,Chem Prin II Lab,F,2,Samantha Houchlei,houch023,CHEM 1066
1265,UMNTC,UMNTC,CHEM,1066,003,Chem Prin II Lab,A,19,Samantha Houchlei,houch023,CHEM 1066
1265,UMNTC,UMNTC,CHEM,1066,003,Chem Prin II Lab,B,1,Samantha Houchlei,houch023,CHEM 1066
1265,UMNTC,UMNTC,CHEM,1066,003,Chem Prin II Lab,C,1,Samantha Houchlei,houch023,CHEM 1066
1265,UMNDL,UMNDL,CHEM,1153,001,General Chemistry I,A,8,Conor Ronayne,ronay013,CHEM 1153
1265,UMNDL,UMNDL,CHEM,1153,001,General Chemistry I,A-,12,Conor Ronayne,ronay013,CHEM 1153
1265,UMNDL,UMNDL,CHEM,1153,001,General Chemistry I,B,3,Conor Ronayne,ronay013,CHEM 1153
1265,UMNDL,UMNDL,CHEM,1153,001,General Chemistry I,B+,5,Conor Ronayne,ronay013,CHEM 1153
1265,UMNDL,UMNDL,CHEM,1153,001,General Chemistry I,B-,2,Conor Ronayne,ronay013,CHEM 1153
1265,UMNDL,UMNDL,CHEM,1153,001,General Chemistry I,C,1,Conor Ronayne,ronay013,CHEM 1153
1265,UMNDL,UMNDL,CHEM,1153,001,General Chemistry I,C-,2,Conor Ronayne,ronay013,CHEM 1153
1265,UMNDL,UMNDL,CHEM,1153,001,General Chemistry I,D+,1,Conor Ronayne,ronay013,CHEM 1153
1265,UMNDL,UMNDL,CHEM,1154,001,General Chem Lab I,A,10,Conor Ronayne,ronay013,CHEM 1154
1265,UMNDL,UMNDL,CHEM,1154,001,General Chem Lab I,A-,1,Conor Ronayne,ronay013,CHEM 1154
1265,UMNDL,UMNDL,CHEM,1154,001,General Chem Lab I,B,1,Conor Ronayne,ronay013,CHEM 1154
1265,UMNDL,UMNDL,CHEM,1154,001,General Chem Lab I,C,1,Conor Ronayne,ronay013,CHEM 1154
1265,UMNDL,UMNDL,CHEM,1154,001,General Chem Lab I,C+,1,Conor Ronayne,ronay013,CHEM 1154
1265,UMNDL,UMNDL,CHEM,1154,001,General Chem Lab I,F,3,Conor Ronayne,ronay013,CHEM 1154
1265,UMNDL,UMNDL,CHEM,1154,002,General Chem Lab I,A,5,Conor Ronayne,ronay013,CHEM 1154
1265,UMNDL,UMNDL,CHEM,1154,002,General Chem Lab I,A-,1,Conor Ronayne,ronay013,CHEM 1154
1265,UMNDL,UMNDL,CHEM,1154,002,General Chem Lab I,B,2,Conor Ronayne,ronay013,CHEM 1154
1265,UMNDL,UMNDL,CHEM,1154,002,General Chem Lab I,B-,1,Conor Ronayne,ronay013,CHEM 1154
1265,UMNDL,UMNDL,CHEM,1154,002,General Chem Lab I,C,3,Conor Ronayne,ronay013,CHEM 1154
1265,UMNDL,UMNDL,CHEM,1154,002,General Chem Lab I,C-,1,Conor Ronayne,ronay013,CHEM 1154
1265,UMNDL,UMNDL,CHEM,1154,002,General Chem Lab I,F,1,Conor Ronayne,ronay013,CHEM 1154
1265,UMNDL,UMNDL,CHEM,1154,002,General Chem Lab I,W,1,Conor Ronayne,ronay013,CHEM 1154
1265,UMNDL,UMNDL,CHEM,1155,001,General Chemistry II,A,27,Paul Kiprof,pkiprof,CHEM 1155
1265,UMNDL,UMNDL,CHEM,1155,001,General Chemistry II,A-,2,Paul Kiprof,pkiprof,CHEM 1155
1265,UMNDL,UMNDL,CHEM,1155,001,General Chemistry II,B,3,Paul Kiprof,pkiprof,CHEM 1155
1265,UMNDL,UMNDL,CHEM,1155,001,General Chemistry II,B+,1,Paul Kiprof,pkiprof,CHEM 1155
1265,UMNDL,UMNDL,CHEM,1155,001,General Chemistry II,B-,2,Paul Kiprof,pkiprof,CHEM 1155
1265,UMNDL,UMNDL,CHEM,1155,001,General Chemistry II,C,2,Paul Kiprof,pkiprof,CHEM 1155
1265,UMNDL,UMNDL,CHEM,1155,001,General Chemistry II,C+,1,Paul Kiprof,pkiprof,CHEM 1155
1265,UMNDL,UMNDL,CHEM,1155,001,General Chemistry II,C-,2,Paul Kiprof,pkiprof,CHEM 1155
1265,UMNDL,UMNDL,CHEM,1156,001,General Chem Lab II,A,11,Paul Kiprof,pkiprof,CHEM 1156
1265,UMNDL,UMNDL,CHEM,1156,001,General Chem Lab II,C-,1,Paul Kiprof,pkiprof,CHEM 1156
1265,UMNDL,UMNDL,CHEM,1156,001,General Chem Lab II,F,2,Paul Kiprof,pkiprof,CHEM 1156
1265,UMNDL,UMNDL,CHEM,1156,002,General Chem Lab II,A,9,Paul Kiprof,pkiprof,CHEM 1156
1265,UMNDL,UMNDL,CHEM,1156,002,General Chem Lab II,A-,1,Paul Kiprof,pkiprof,CHEM 1156
1265,UMNDL,UMNDL,CHEM,1156,002,General Chem Lab II,B,1,Paul Kiprof,pkiprof,CHEM 1156
1265,UMNDL,UMNDL,CHEM,1156,002,General Chem Lab II,B+,2,Paul Kiprof,pkiprof,CHEM 1156
1265,UMNDL,UMNDL,CHEM,1156,002,General Chem Lab II,F,2,Paul Kiprof,pkiprof,CHEM 1156
1265,UMNTC,UMNRO,CHEM,2131,001,Organic Chemistry II,A,7,Shannon Anderson,andesy,CHEM 2131
1265,UMNTC,UMNRO,CHEM,2131,001,Organic Chemistry II,A-,2,Shannon Anderson,andesy,CHEM 2131
1265,UMNTC,UMNRO,CHEM,2131,001,Organic Chemistry II,B,1,Shannon Anderson,andesy,CHEM 2131
1265,UMNTC,UMNRO,CHEM,2131,001,Organic Chemistry II,B+,1,Shannon Anderson,andesy,CHEM 2131
1265,UMNTC,UMNRO,CHEM,2131,001,Organic Chemistry II,F,1,Shannon Anderson,andesy,CHEM 2131
1265,UMNDL,UMNDL,CHEM,2222,001,Quantitative Analysis,A,4,Eve Metto,emetto,CHEM 2222
1265,UMNDL,UMNDL,CHEM,2222,001,Quantitative Analysis,B,5,Eve Metto,emetto,CHEM 2222
1265,UMNDL,UMNDL,CHEM,2222,001,Quantitative Analysis,B+,2,Eve Metto,emetto,CHEM 2222
1265,UMNDL,UMNDL,CHEM,2222,001,Quantitative Analysis,C,3,Eve Metto,emetto,CHEM 2222
1265,UMNDL,UMNDL,CHEM,2222,001,Quantitative Analysis,C+,2,Eve Metto,emetto,CHEM 2222
1265,UMNDL,UMNDL,CHEM,2222,001,Quantitative Analysis,C-,1,Eve Metto,emetto,CHEM 2222
1265,UMNDL,UMNDL,CHEM,2222,001,Quantitative Analysis,D+,1,Eve Metto,emetto,CHEM 2222
1265,UMNDL,UMNDL,CHEM,2222,001,Quantitative Analysis,F,1,Eve Metto,emetto,CHEM 2222
1265,UMNDL,UMNDL,CHEM,2222,001,Quantitative Analysis,W,2,Eve Metto,emetto,CHEM 2222
1265,UMNDL,UMNDL,CHEM,2223,001,Quantitative Analysis Lab,A,3,Eve Metto,emetto,CHEM 2223
1265,UMNDL,UMNDL,CHEM,2223,001,Quantitative Analysis Lab,A-,2,Eve Metto,emetto,CHEM 2223
1265,UMNDL,UMNDL,CHEM,2223,001,Quantitative Analysis Lab,B,1,Eve Metto,emetto,CHEM 2223
1265,UMNDL,UMNDL,CHEM,2223,001,Quantitative Analysis Lab,B+,3,Eve Metto,emetto,CHEM 2223
1265,UMNDL,UMNDL,CHEM,2223,001,Quantitative Analysis Lab,C,1,Eve Metto,emetto,CHEM 2223
1265,UMNDL,UMNDL,CHEM,2223,001,Quantitative Analysis Lab,F,2,Eve Metto,emetto,CHEM 2223
1265,UMNTC,UMNTC,CHEM,2301,001,Organic Chemistry I,A,15,Debra Salmon,djsalmon,CHEM 2301
1265,UMNTC,UMNTC,CHEM,2301,001,Organic Chemistry I,A-,4,Debra Salmon,djsalmon,CHEM 2301
1265,UMNTC,UMNTC,CHEM,2301,001,Organic Chemistry I,B,4,Debra Salmon,djsalmon,CHEM 2301
1265,UMNTC,UMNTC,CHEM,2301,001,Organic Chemistry I,B+,4,Debra Salmon,djsalmon,CHEM 2301
1265,UMNTC,UMNTC,CHEM,2301,001,Organic Chemistry I,B-,7,Debra Salmon,djsalmon,CHEM 2301
1265,UMNTC,UMNTC,CHEM,2301,001,Organic Chemistry I,C,1,Debra Salmon,djsalmon,CHEM 2301
1265,UMNTC,UMNTC,CHEM,2301,001,Organic Chemistry I,C+,6,Debra Salmon,djsalmon,CHEM 2301
1265,UMNTC,UMNTC,CHEM,2301,001,Organic Chemistry I,C-,14,Debra Salmon,djsalmon,CHEM 2301
1265,UMNTC,UMNTC,CHEM,2301,001,Organic Chemistry I,D,13,Debra Salmon,djsalmon,CHEM 2301
1265,UMNTC,UMNTC,CHEM,2301,001,Organic Chemistry I,F,8,Debra Salmon,djsalmon,CHEM 2301
1265,UMNTC,UMNTC,CHEM,2301,001,Organic Chemistry I,W,8,Debra Salmon,djsalmon,CHEM 2301
1265,UMNTC,UMNTC,CHEM,2302,001,Org Chem II,A,6,Alexei Novikov,anovikov,CHEM 2302
1265,UMNTC,UMNTC,CHEM,2302,001,Org Chem II,A-,1,Alexei Novikov,anovikov,CHEM 2302
1265,UMNTC,UMNTC,CHEM,2302,001,Org Chem II,B,3,Alexei Novikov,anovikov,CHEM 2302
1265,UMNTC,UMNTC,CHEM,2302,001,Org Chem II,B+,2,Alexei Novikov,anovikov,CHEM 2302
1265,UMNTC,UMNTC,CHEM,2302,001,Org Chem II,B-,2,Alexei Novikov,anovikov,CHEM 2302
1265,UMNTC,UMNTC,CHEM,2302,001,Org Chem II,C,2,Alexei Novikov,anovikov,CHEM 2302
1265,UMNTC,UMNTC,CHEM,2302,001,Org Chem II,C+,4,Alexei Novikov,anovikov,CHEM 2302
1265,UMNTC,UMNTC,CHEM,2302,001,Org Chem II,C-,11,Alexei Novikov,anovikov,CHEM 2302
1265,UMNTC,UMNTC,CHEM,2302,001,Org Chem II,D,1,Alexei Novikov,anovikov,CHEM 2302
1265,UMNTC,UMNTC,CHEM,2302,001,Org Chem II,F,5,Alexei Novikov,anovikov,CHEM 2302
1265,UMNTC,UMNTC,CHEM,2311,002,Organic Lab,A,3,Will Howitz,whowitz,CHEM 2311
1265,UMNTC,UMNTC,CHEM,2311,002,Organic Lab,B+,3,Will Howitz,whowitz,CHEM 2311
1265,UMNTC,UMNTC,CHEM,2311,002,Organic Lab,C,4,Will Howitz,whowitz,CHEM 2311
1265,UMNTC,UMNTC,CHEM,2311,002,Organic Lab,C+,2,Will Howitz,whowitz,CHEM 2311
1265,UMNTC,UMNTC,CHEM,2311,002,Organic Lab,F,2,Will Howitz,whowitz,CHEM 2311
1265,UMNTC,UMNTC,CHEM,2311,003,Organic Lab,A,8,Will Howitz,whowitz,CHEM 2311
1265,UMNTC,UMNTC,CHEM,2311,003,Organic Lab,C-,1,Will Howitz,whowitz,CHEM 2311
1265,UMNTC,UMNTC,CHEM,2311,003,Organic Lab,F,1,Will Howitz,whowitz,CHEM 2311
1265,UMNTC,UMNTC,CHEM,2311,004,Organic Lab,A,12,Will Howitz,whowitz,CHEM 2311
1265,UMNTC,UMNTC,CHEM,2311,004,Organic Lab,B,1,Will Howitz,whowitz,CHEM 2311
1265,UMNTC,UMNTC,CHEM,2311,004,Organic Lab,C,1,Will Howitz,whowitz,CHEM 2311
1265,UMNTC,UMNTC,CHEM,2311,004,Organic Lab,C+,1,Will Howitz,whowitz,CHEM 2311
1265,UMNTC,UMNTC,CHEM,2311,004,Organic Lab,F,1,Will Howitz,whowitz,CHEM 2311
1265,UMNTC,UMNRO,CHEM,2335,001,General Chemistry II,A,1,Xavier Prat-Resina,pratr001,CHEM 2335
1265,UMNTC,UMNRO,CHEM,2335,001,General Chemistry II,B,2,Xavier Prat-Resina,pratr001,CHEM 2335
1265,UMNTC,UMNRO,CHEM,2335,001,General Chemistry II,B+,1,Xavier Prat-Resina,pratr001,CHEM 2335
1265,UMNTC,UMNRO,CHEM,2335,001,General Chemistry II,B-,1,Xavier Prat-Resina,pratr001,CHEM 2335
1265,UMNTC,UMNRO,CHEM,2335,001,General Chemistry II,C,2,Xavier Prat-Resina,pratr001,CHEM 2335
1265,UMNTC,UMNRO,CHEM,2335,001,General Chemistry II,C-,2,Xavier Prat-Resina,pratr001,CHEM 2335
1265,UMNTC,UMNRO,CHEM,2335,001,General Chemistry II,F,4,Xavier Prat-Resina,pratr001,CHEM 2335
1265,UMNDL,UMNDL,CHEM,2541,001,Organic Chemistry I,A,26,Sangeeta Mereddy,smereddy,CHEM 2541
1265,UMNDL,UMNDL,CHEM,2541,001,Organic Chemistry I,A-,7,Sangeeta Mereddy,smereddy,CHEM 2541
1265,UMNDL,UMNDL,CHEM,2541,001,Organic Chemistry I,B,9,Sangeeta Mereddy,smereddy,CHEM 2541
1265,UMNDL,UMNDL,CHEM,2541,001,Organic Chemistry I,B+,13,Sangeeta Mereddy,smereddy,CHEM 2541
1265,UMNDL,UMNDL,CHEM,2541,001,Organic Chemistry I,B-,2,Sangeeta Mereddy,smereddy,CHEM 2541
1265,UMNDL,UMNDL,CHEM,2541,001,Organic Chemistry I,C,3,Sangeeta Mereddy,smereddy,CHEM 2541
1265,UMNDL,UMNDL,CHEM,2541,001,Organic Chemistry I,C+,3,Sangeeta Mereddy,smereddy,CHEM 2541
1265,UMNDL,UMNDL,CHEM,2541,001,Organic Chemistry I,C-,6,Sangeeta Mereddy,smereddy,CHEM 2541
1265,UMNDL,UMNDL,CHEM,2541,001,Organic Chemistry I,D,1,Sangeeta Mereddy,smereddy,CHEM 2541
1265,UMNDL,UMNDL,CHEM,2541,001,Organic Chemistry I,D+,1,Sangeeta Mereddy,smereddy,CHEM 2541
1265,UMNDL,UMNDL,CHEM,2541,001,Organic Chemistry I,W,1,Sangeeta Mereddy,smereddy,CHEM 2541
1265,UMNDL,UMNDL,CHEM,2542,001,Organic Chemistry II,A,24,Peter Grundt,pgrundt,CHEM 2542
1265,UMNDL,UMNDL,CHEM,2542,001,Organic Chemistry II,A-,7,Peter Grundt,pgrundt,CHEM 2542
1265,UMNDL,UMNDL,CHEM,2542,001,Organic Chemistry II,B,7,Peter Grundt,pgrundt,CHEM 2542
1265,UMNDL,UMNDL,CHEM,2542,001,Organic Chemistry II,B+,10,Peter Grundt,pgrundt,CHEM 2542
1265,UMNDL,UMNDL,CHEM,2542,001,Organic Chemistry II,B-,4,Peter Grundt,pgrundt,CHEM 2542
1265,UMNDL,UMNDL,CHEM,2542,001,Organic Chemistry II,C+,4,Peter Grundt,pgrundt,CHEM 2542
1265,UMNDL,UMNDL,CHEM,2542,001,Organic Chemistry II,C-,2,Peter Grundt,pgrundt,CHEM 2542
1265,UMNDL,UMNDL,CHEM,2542,001,Organic Chemistry II,D,1,Peter Grundt,pgrundt,CHEM 2542
1265,UMNDL,UMNDL,CHEM,2542,001,Organic Chemistry II,F,1,Peter Grundt,pgrundt,CHEM 2542
1265,UMNDL,UMNDL,CHEM,2543,001,Organic Chemistry I Lab,A,8,Sangeeta Mereddy,smereddy,CHEM 2543
1265,UMNDL,UMNDL,CHEM,2543,001,Organic Chemistry I Lab,A-,2,Sangeeta Mereddy,smereddy,CHEM 2543
1265,UMNDL,UMNDL,CHEM,2543,001,Organic Chemistry I Lab,B-,1,Sangeeta Mereddy,smereddy,CHEM 2543
1265,UMNDL,UMNDL,CHEM,2543,001,Organic Chemistry I Lab,W,1,Sangeeta Mereddy,smereddy,CHEM 2543
1265,UMNDL,UMNDL,CHEM,2543,002,Organic Chemistry I Lab,A,9,Sangeeta Mereddy,smereddy,CHEM 2543
1265,UMNDL,UMNDL,CHEM,2543,002,Organic Chemistry I Lab,B+,1,Sangeeta Mereddy,smereddy,CHEM 2543
1265,UMNDL,UMNDL,CHEM,2543,002,Organic Chemistry I Lab,B-,1,Sangeeta Mereddy,smereddy,CHEM 2543
1265,UMNDL,UMNDL,CHEM,2543,002,Organic Chemistry I Lab,F,2,Sangeeta Mereddy,smereddy,CHEM 2543
1265,UMNDL,UMNDL,CHEM,2543,002,Organic Chemistry I Lab,W,1,Sangeeta Mereddy,smereddy,CHEM 2543
1265,UMNDL,UMNDL,CHEM,2544,001,Organic Chemistry II Lab,A,7,Peter Grundt,pgrundt,CHEM 2544
1265,UMNDL,UMNDL,CHEM,2544,001,Organic Chemistry II Lab,A-,4,Peter Grundt,pgrundt,CHEM 2544
1265,UMNDL,UMNDL,CHEM,2544,001,Organic Chemistry II Lab,B,6,Peter Grundt,pgrundt,CHEM 2544
1265,UMNDL,UMNDL,CHEM,2544,001,Organic Chemistry II Lab,B+,1,Peter Grundt,pgrundt,CHEM 2544
1265,UMNDL,UMNDL,CHEM,2544,001,Organic Chemistry II Lab,B-,1,Peter Grundt,pgrundt,CHEM 2544
1265,UMNDL,UMNDL,CHEM,2544,001,Organic Chemistry II Lab,C+,1,Peter Grundt,pgrundt,CHEM 2544
1265,UMNDL,UMNDL,CHEM,2544,001,Organic Chemistry II Lab,C-,1,Peter Grundt,pgrundt,CHEM 2544
1265,UMNDL,UMNDL,CHEM,2544,001,Organic Chemistry II Lab,D,1,Peter Grundt,pgrundt,CHEM 2544
1265,UMNDL,UMNDL,CHEM,2544,001,Organic Chemistry II Lab,F,2,Peter Grundt,pgrundt,CHEM 2544
1265,UMNDL,UMNDL,CHEM,2544,002,Organic Chemistry II Lab,A,5,Peter Grundt,pgrundt,CHEM 2544
1265,UMNDL,UMNDL,CHEM,2544,002,Organic Chemistry II Lab,B,1,Peter Grundt,pgrundt,CHEM 2544
1265,UMNDL,UMNDL,CHEM,2544,002,Organic Chemistry II Lab,B-,1,Peter Grundt,pgrundt,CHEM 2544
1265,UMNDL,UMNDL,CHEM,2544,002,Organic Chemistry II Lab,C,1,Peter Grundt,pgrundt,CHEM 2544
1265,UMNDL,UMNDL,CHEM,2544,002,Organic Chemistry II Lab,C+,1,Peter Grundt,pgrundt,CHEM 2544
1265,UMNDL,UMNDL,CHEM,2544,002,Organic Chemistry II Lab,C-,3,Peter Grundt,pgrundt,CHEM 2544
1265,UMNDL,UMNDL,CHEM,2544,002,Organic Chemistry II Lab,D,1,Peter Grundt,pgrundt,CHEM 2544
1265,UMNTC,UMNTC,CHEM,3101,001,Intro Analytical Chemistry,A,10,Kyle Bantz,bantz008,CHEM 3101
1265,UMNTC,UMNTC,CHEM,3101,001,Intro Analytical Chemistry,A-,1,Kyle Bantz,bantz008,CHEM 3101
1265,UMNTC,UMNTC,CHEM,3101,001,Intro Analytical Chemistry,B,2,Kyle Bantz,bantz008,CHEM 3101
1265,UMNTC,UMNTC,CHEM,3101,001,Intro Analytical Chemistry,B-,2,Kyle Bantz,bantz008,CHEM 3101
1265,UMNTC,UMNTC,CHEM,3101,001,Intro Analytical Chemistry,C+,3,Kyle Bantz,bantz008,CHEM 3101
1265,UMNTC,UMNTC,CHEM,3101,001,Intro Analytical Chemistry,C-,1,Kyle Bantz,bantz008,CHEM 3101
1265,UMNTC,UMNTC,CHEM,3101,001,Intro Analytical Chemistry,F,2,Kyle Bantz,bantz008,CHEM 3101
1265,UMNTC,UMNTC,CHEM,3111,002,Intro Anal Chem Lab,A,9,Kyle Bantz,bantz008,CHEM 3111
1265,UMNTC,UMNTC,CHEM,3111,002,Intro Anal Chem Lab,A-,3,Kyle Bantz,bantz008,CHEM 3111
1265,UMNTC,UMNTC,CHEM,3111,002,Intro Anal Chem Lab,B-,1,Kyle Bantz,bantz008,CHEM 3111
1265,UMNDL,UMNDL,CHEM,3322,001,Biochemistry,A,3,Steven Berry,smberry,CHEM 3322
1265,UMNDL,UMNDL,CHEM,3322,001,Biochemistry,A-,2,Steven Berry,smberry,CHEM 3322
1265,UMNDL,UMNDL,CHEM,3322,001,Biochemistry,B,2,Steven Berry,smberry,CHEM 3322
1265,UMNDL,UMNDL,CHEM,3322,001,Biochemistry,B+,2,Steven Berry,smberry,CHEM 3322
1265,UMNDL,UMNDL,CHEM,3322,001,Biochemistry,B-,3,Steven Berry,smberry,CHEM 3322
1265,UMNDL,UMNDL,CHEM,3322,001,Biochemistry,C-,1,Steven Berry,smberry,CHEM 3322
1265,UMNDL,UMNDL,CHEM,3322,001,Biochemistry,F,1,Steven Berry,smberry,CHEM 3322
1265,UMNTC,UMNTC,CHEM,4094W,002,Directed Research,A,17,Stephanie Stathopoulos,stephs,CHEM 4094W
1265,UMNTC,UMNTC,CHEM,4094W,002,Directed Research,W,1,Stephanie Stathopoulos,stephs,CHEM 4094W
1265,UMNTC,UMNTC,CHLS,3223,001,Chicano Representation in Film,A,9,Gabriela Spears-Rico,spearsrg,CHLS 3223
1265,UMNTC,UMNTC,CHLS,3223,001,Chicano Representation in Film,A-,1,Gabriela Spears-Rico,spearsrg,CHLS 3223
1265,UMNTC,UMNTC,CHLS,3223,001,Chicano Representation in Film,B-,1,Gabriela Spears-Rico,spearsrg,CHLS 3223
1265,UMNTC,UMNTC,CHLS,3223,001,Chicano Representation in Film,D+,1,Gabriela Spears-Rico,spearsrg,CHLS 3223
1265,UMNTC,UMNTC,CHLS,3223,001,Chicano Representation in Film,F,3,Gabriela Spears-Rico,spearsrg,CHLS 3223
1265,UMNTC,UMNTC,CHN,1012,001,Beginning Modern Chinese II,A,5,Hai Liu,liux3655,CHN 1012
1265,UMNTC,UMNTC,CHN,1012,001,Beginning Modern Chinese II,A-,1,Hai Liu,liux3655,CHN 1012
1265,UMNTC,UMNTC,CHN,1012,001,Beginning Modern Chinese II,B,1,Hai Liu,liux3655,CHN 1012
1265,UMNTC,UMNTC,CHN,1012,001,Beginning Modern Chinese II,B+,1,Hai Liu,liux3655,CHN 1012
1265,UMNTC,UMNTC,CHN,1012,001,Beginning Modern Chinese II,F,3,Hai Liu,liux3655,CHN 1012
1265,UMNTC,UMNTC,CHN,3021,001,Intermed Modern Chinese I,A,12,Hai Liu,liux3655,CHN 3021
1265,UMNTC,UMNTC,CHN,3021,001,Intermed Modern Chinese I,A-,1,Hai Liu,liux3655,CHN 3021
1265,UMNTC,UMNTC,CHN,3021,001,Intermed Modern Chinese I,C-,1,Hai Liu,liux3655,CHN 3021
1265,UMNTC,UMNTC,CHN,3022,001,Intermediate Modern Chinese II,A,11,Jin Stone,jinx0017,CHN 3022
1265,UMNTC,UMNTC,CHN,3022,001,Intermediate Modern Chinese II,A-,1,Jin Stone,jinx0017,CHN 3022
1265,UMNTC,UMNTC,CHN,3022,001,Intermediate Modern Chinese II,B,1,Jin Stone,jinx0017,CHN 3022
1265,UMNTC,UMNTC,CHN,3022,001,Intermediate Modern Chinese II,B+,1,Jin Stone,jinx0017,CHN 3022
1265,UMNTC,UMNTC,CI,1424,101,Global Stories of Education,A,15,Abigail Rombalski,romba005,CI 1424
1265,UMNTC,UMNTC,CI,1424,101,Global Stories of Education,A-,1,Abigail Rombalski,romba005,CI 1424
1265,UMNTC,UMNTC,CI,1424,101,Global Stories of Education,B,2,Abigail Rombalski,romba005,CI 1424
1265,UMNTC,UMNTC,CI,1424,101,Global Stories of Education,C,1,Abigail Rombalski,romba005,CI 1424
1265,UMNTC,UMNTC,CI,1424,101,Global Stories of Education,C+,1,Abigail Rombalski,romba005,CI 1424
1265,UMNTC,UMNTC,CI,1424,101,Global Stories of Education,D,1,Abigail Rombalski,romba005,CI 1424
1265,UMNTC,UMNTC,CI,1424,101,Global Stories of Education,S,4,Abigail Rombalski,romba005,CI 1424
1265,UMNTC,UMNTC,CI,1424,101,Global Stories of Education,W,2,Abigail Rombalski,romba005,CI 1424
1265,UMNTC,UMNTC,CI,1512,001,Nature in the City,A,18,Thomas Meagher,meagh014,CI 1512
1265,UMNTC,UMNTC,CI,1512,001,Nature in the City,A-,1,Thomas Meagher,meagh014,CI 1512
1265,UMNTC,UMNTC,CI,1512,001,Nature in the City,B,1,Thomas Meagher,meagh014,CI 1512
1265,UMNTC,UMNTC,CI,1512,001,Nature in the City,C,1,Thomas Meagher,meagh014,CI 1512
1265,UMNTC,UMNTC,CI,1512,001,Nature in the City,C+,1,Thomas Meagher,meagh014,CI 1512
1265,UMNTC,UMNTC,CI,1512,001,Nature in the City,S,4,Thomas Meagher,meagh014,CI 1512
1265,UMNTC,UMNTC,CI,4311W,001,Technology & Ethics in Society,A,20,Bruna Heinsfeld,bruna,CI 4311W
1265,UMNTC,UMNTC,CI,4311W,001,Technology & Ethics in Society,A-,1,Bruna Heinsfeld,bruna,CI 4311W
1265,UMNTC,UMNTC,CI,4311W,001,Technology & Ethics in Society,B+,2,Bruna Heinsfeld,bruna,CI 4311W
1265,UMNTC,UMNTC,CI,4311W,001,Technology & Ethics in Society,B-,1,Bruna Heinsfeld,bruna,CI 4311W
1265,UMNTC,UMNTC,CI,4311W,001,Technology & Ethics in Society,F,3,Bruna Heinsfeld,bruna,CI 4311W
1265,UMNTC,UMNTC,CI,5049,001,Arts Media Tech: Theory & Prac,A,18,May Lee,,CI 5049
1265,UMNTC,UMNTC,CI,5049,001,Arts Media Tech: Theory & Prac,A-,1,May Lee,,CI 5049
1265,UMNTC,UMNTC,CI,5078,001,Application of Aesthetic Theor,A,15,Maria Besser Verastegui,besse131,CI 5078
1265,UMNTC,UMNTC,CI,5078,001,Application of Aesthetic Theor,A-,1,Maria Besser Verastegui,besse131,CI 5078
1265,UMNTC,UMNTC,CI,5078,001,Application of Aesthetic Theor,B,2,Maria Besser Verastegui,besse131,CI 5078
1265,UMNTC,UMNTC,CI,5078,001,Application of Aesthetic Theor,B+,1,Maria Besser Verastegui,besse131,CI 5078
1265,UMNTC,UMNTC,CI,5102,001,"Culture, Schools, Community I",A,28,Paith Philemon,phile001,CI 5102
1265,UMNTC,UMNTC,CI,5102,001,"Culture, Schools, Community I",W,1,Paith Philemon,phile001,CI 5102
1265,UMNTC,UMNTC,CI,5102,003,"Culture, Schools, Community I",A,14,Paige Richmond,richm113,CI 5102
1265,UMNTC,UMNTC,CI,5102,003,"Culture, Schools, Community I",A-,4,Paige Richmond,richm113,CI 5102
1265,UMNTC,UMNTC,CI,5102,003,"Culture, Schools, Community I",B+,2,Paige Richmond,richm113,CI 5102
1265,UMNTC,UMNTC,CI,5186,200,School-related projects,A,21,Laura Mogelson,mogelson,CI 5186
1265,UMNTC,UMNTC,CI,5186,200,School-related projects,W,1,Laura Mogelson,mogelson,CI 5186
1265,UMNTC,UMNTC,CI,5213,200,El Ed Content and Pedagogy III,A,21,Laura Mogelson,mogelson,CI 5213
1265,UMNTC,UMNTC,CI,5213,200,El Ed Content and Pedagogy III,A-,1,Laura Mogelson,mogelson,CI 5213
1265,UMNTC,UMNTC,CI,5213,200,El Ed Content and Pedagogy III,B+,1,Laura Mogelson,mogelson,CI 5213
1265,UMNTC,UMNTC,CI,5213,200,El Ed Content and Pedagogy III,W,1,Laura Mogelson,mogelson,CI 5213
1265,UMNTC,UMNTC,CI,5307,102,Technology for Teaching & Lrng,A,24,Catherine Clements,cleme050,CI 5307
1265,UMNTC,UMNTC,CI,5307,102,Technology for Teaching & Lrng,C,1,Catherine Clements,cleme050,CI 5307
1265,UMNTC,UMNTC,CI,5452,001,Read Content Area ILP Cand,A,21,Abby Boehm-Turner,abt,CI 5452
1265,UMNTC,UMNTC,CI,5452,001,Read Content Area ILP Cand,A-,2,Abby Boehm-Turner,abt,CI 5452
1265,UMNTC,UMNTC,CI,5452,001,Read Content Area ILP Cand,F,1,Abby Boehm-Turner,abt,CI 5452
1265,UMNTC,UMNTC,CI,5615,200,Academic English for ML,A,10,Karla Stone,ston0032,CI 5615
1265,UMNTC,UMNTC,CI,5615,200,Academic English for ML,B+,3,Karla Stone,ston0032,CI 5615
1265,UMNTC,UMNTC,CI,5615,200,Academic English for ML,B-,2,Karla Stone,ston0032,CI 5615
1265,UMNTC,UMNTC,CI,5615,200,Academic English for ML,C-,1,Karla Stone,ston0032,CI 5615
1265,UMNTC,UMNTC,CI,5615,201,Academic English for ML,A,15,Karla Stone,ston0032,CI 5615
1265,UMNTC,UMNTC,CI,5615,201,Academic English for ML,A-,1,Karla Stone,ston0032,CI 5615
1265,UMNTC,UMNTC,CI,5615,201,Academic English for ML,B+,2,Karla Stone,ston0032,CI 5615
1265,UMNTC,UMNTC,CI,5741,001,Intro: Soc Studies Education,A,15,Jehanne Beaton,beat0012,CI 5741
1265,UMNTC,UMNTC,CI,5741,001,Intro: Soc Studies Education,A-,3,Jehanne Beaton,beat0012,CI 5741
1265,UMNTC,UMNTC,CI,5741,001,Intro: Soc Studies Education,B,2,Jehanne Beaton,beat0012,CI 5741
1265,UMNTC,UMNTC,CI,5741,001,Intro: Soc Studies Education,B+,1,Jehanne Beaton,beat0012,CI 5741
1265,UMNTC,UMNTC,CI,5743,001,Social Sciences/Social Studies,A,19,Daniel Bergerson,ber00064,CI 5743
1265,UMNTC,UMNTC,CI,5743,001,Social Sciences/Social Studies,A-,2,Daniel Bergerson,ber00064,CI 5743
1265,UMNTC,UMNTC,CI,5982,200,Enacting Equity-Based Pedagogy,A,22,Laura Mogelson,mogelson,CI 5982
1265,UMNTC,UMNTC,CI,5982,200,Enacting Equity-Based Pedagogy,W,1,Laura Mogelson,mogelson,CI 5982
1265,UMNTC,UMNTC,CI,5987,200,Child / Adolescent Development,A,19,Laura Mogelson,mogelson,CI 5987
1265,UMNTC,UMNTC,CI,5987,200,Child / Adolescent Development,A-,1,Laura Mogelson,mogelson,CI 5987
1265,UMNTC,UMNTC,CI,5987,200,Child / Adolescent Development,B,1,Laura Mogelson,mogelson,CI 5987
1265,UMNTC,UMNTC,CI,5987,200,Child / Adolescent Development,B+,1,Laura Mogelson,mogelson,CI 5987
1265,UMNTC,UMNTC,CI,5987,200,Child / Adolescent Development,W,1,Laura Mogelson,mogelson,CI 5987
1265,UMNDL,UMNDL,CIA,4797,001,Consumer Analytics Internship,A,19,Marte Kitson,mkitson,CIA 4797
1265,UMNDL,UMNDL,CIA,4797,001,Consumer Analytics Internship,A-,2,Marte Kitson,mkitson,CIA 4797
1265,UMNDL,UMNDL,CIA,4797,001,Consumer Analytics Internship,B,1,Marte Kitson,mkitson,CIA 4797
1265,UMNDL,UMNDL,CIA,4797,001,Consumer Analytics Internship,D,1,Marte Kitson,mkitson,CIA 4797
1265,UMNTC,UMNTC,CLA,3896,001,Internship Reflection,A,39,Michaeline Nichols,nich0550,CLA 3896
1265,UMNTC,UMNTC,CLA,3896,001,Internship Reflection,A-,5,Michaeline Nichols,nich0550,CLA 3896
1265,UMNTC,UMNTC,CLA,3896,001,Internship Reflection,B,4,Michaeline Nichols,nich0550,CLA 3896
1265,UMNTC,UMNTC,CLA,3896,001,Internship Reflection,B+,3,Michaeline Nichols,nich0550,CLA 3896
1265,UMNTC,UMNTC,CLA,3896,001,Internship Reflection,B-,3,Michaeline Nichols,nich0550,CLA 3896
1265,UMNTC,UMNTC,CLA,3896,001,Internship Reflection,C+,1,Michaeline Nichols,nich0550,CLA 3896
1265,UMNTC,UMNTC,CLA,3896,001,Internship Reflection,D+,1,Michaeline Nichols,nich0550,CLA 3896
1265,UMNTC,UMNTC,CLA,3896,001,Internship Reflection,F,2,Michaeline Nichols,nich0550,CLA 3896
1265,UMNTC,UMNTC,CLA,3896,001,Internship Reflection,S,5,Michaeline Nichols,nich0550,CLA 3896
1265,UMNTC,UMNTC,CLA,3896,001,Internship Reflection,W,1,Michaeline Nichols,nich0550,CLA 3896
1265,UMNTC,UMNTC,CMGT,4196,401,Construction Mgmt Internship,N,2,AIA Hilger,aphilger,CMGT 4196
1265,UMNTC,UMNTC,CMGT,4196,401,Construction Mgmt Internship,S,37,AIA Hilger,aphilger,CMGT 4196
1265,UMNMO,UMNMO,CMR,1042,098,Public Speaking & Analysis,A,5,Justice Robinson,robi0802,CMR 1042
1265,UMNMO,UMNMO,CMR,1042,098,Public Speaking & Analysis,A-,4,Justice Robinson,robi0802,CMR 1042
1265,UMNMO,UMNMO,CMR,1042,098,Public Speaking & Analysis,B,1,Justice Robinson,robi0802,CMR 1042
1265,UMNMO,UMNMO,CMR,1042,098,Public Speaking & Analysis,B+,2,Justice Robinson,robi0802,CMR 1042
1265,UMNMO,UMNMO,CMR,1042,098,Public Speaking & Analysis,C+,1,Justice Robinson,robi0802,CMR 1042
1265,UMNMO,UMNMO,CMR,1042,098,Public Speaking & Analysis,W,2,Justice Robinson,robi0802,CMR 1042
1265,UMNCR,UMNCR,COMM,1101,E90,Public Speaking,A,18,Galen Perkins,perkinsg,COMM 1101
1265,UMNCR,UMNCR,COMM,1101,E90,Public Speaking,B,2,Galen Perkins,perkinsg,COMM 1101
1265,UMNCR,UMNCR,COMM,1101,E90,Public Speaking,C,1,Galen Perkins,perkinsg,COMM 1101
1265,UMNCR,UMNCR,COMM,1101,E90,Public Speaking,D,2,Galen Perkins,perkinsg,COMM 1101
1265,UMNCR,UMNCR,COMM,1101,E90,Public Speaking,W,1,Galen Perkins,perkinsg,COMM 1101
1265,UMNCR,UMNCR,COMM,1101,E91,Public Speaking,A,3,Kenneth Newton,newto184,COMM 1101
1265,UMNCR,UMNCR,COMM,1101,E91,Public Speaking,A-,5,Kenneth Newton,newto184,COMM 1101
1265,UMNCR,UMNCR,COMM,1101,E91,Public Speaking,B,4,Kenneth Newton,newto184,COMM 1101
1265,UMNCR,UMNCR,COMM,1101,E91,Public Speaking,B+,4,Kenneth Newton,newto184,COMM 1101
1265,UMNCR,UMNCR,COMM,1101,E91,Public Speaking,B-,1,Kenneth Newton,newto184,COMM 1101
1265,UMNCR,UMNCR,COMM,1101,E91,Public Speaking,C,1,Kenneth Newton,newto184,COMM 1101
1265,UMNCR,UMNCR,COMM,1101,E91,Public Speaking,C-,3,Kenneth Newton,newto184,COMM 1101
1265,UMNCR,UMNCR,COMM,1101,E91,Public Speaking,F,2,Kenneth Newton,newto184,COMM 1101
1265,UMNCR,UMNCR,COMM,1101,E91,Public Speaking,W,2,Kenneth Newton,newto184,COMM 1101
1265,UMNTC,UMNTC,COMM,1101,001,Public Speaking,A,7,Amy Joyer,joyer,COMM 1101
1265,UMNTC,UMNTC,COMM,1101,001,Public Speaking,A-,5,Amy Joyer,joyer,COMM 1101
1265,UMNTC,UMNTC,COMM,1101,001,Public Speaking,B,1,Amy Joyer,joyer,COMM 1101
1265,UMNTC,UMNTC,COMM,1101,001,Public Speaking,B+,3,Amy Joyer,joyer,COMM 1101
1265,UMNTC,UMNTC,COMM,1101,001,Public Speaking,B-,2,Amy Joyer,joyer,COMM 1101
1265,UMNTC,UMNTC,COMM,1101,001,Public Speaking,D,2,Amy Joyer,joyer,COMM 1101
1265,UMNTC,UMNTC,COMM,1101,001,Public Speaking,D+,1,Amy Joyer,joyer,COMM 1101
1265,UMNTC,UMNTC,COMM,1101,001,Public Speaking,F,2,Amy Joyer,joyer,COMM 1101
1265,UMNTC,UMNTC,COMM,1101,002,Public Speaking,A,1,Wendy Anderson,wkza,COMM 1101
1265,UMNTC,UMNTC,COMM,1101,002,Public Speaking,A-,3,Wendy Anderson,wkza,COMM 1101
1265,UMNTC,UMNTC,COMM,1101,002,Public Speaking,B,2,Wendy Anderson,wkza,COMM 1101
1265,UMNTC,UMNTC,COMM,1101,002,Public Speaking,B+,3,Wendy Anderson,wkza,COMM 1101
1265,UMNTC,UMNTC,COMM,1101,002,Public Speaking,B-,1,Wendy Anderson,wkza,COMM 1101
1265,UMNTC,UMNTC,COMM,1101,002,Public Speaking,C,2,Wendy Anderson,wkza,COMM 1101
1265,UMNTC,UMNTC,COMM,1101,002,Public Speaking,C+,2,Wendy Anderson,wkza,COMM 1101
1265,UMNTC,UMNTC,COMM,1101,002,Public Speaking,D,2,Wendy Anderson,wkza,COMM 1101
1265,UMNTC,UMNTC,COMM,1101,002,Public Speaking,D+,2,Wendy Anderson,wkza,COMM 1101
1265,UMNTC,UMNTC,COMM,1101,002,Public Speaking,F,1,Wendy Anderson,wkza,COMM 1101
1265,UMNTC,UMNTC,COMM,1101,002,Public Speaking,W,4,Wendy Anderson,wkza,COMM 1101
1265,UMNTC,UMNTC,COMM,1313W,001,Analysis of Argument,A,1,Jeffrey VanCleave,jvanclea,COMM 1313W
1265,UMNTC,UMNTC,COMM,1313W,001,Analysis of Argument,A-,3,Jeffrey VanCleave,jvanclea,COMM 1313W
1265,UMNTC,UMNTC,COMM,1313W,001,Analysis of Argument,B,3,Jeffrey VanCleave,jvanclea,COMM 1313W
1265,UMNTC,UMNTC,COMM,1313W,001,Analysis of Argument,B+,4,Jeffrey VanCleave,jvanclea,COMM 1313W
1265,UMNTC,UMNTC,COMM,1313W,001,Analysis of Argument,B-,8,Jeffrey VanCleave,jvanclea,COMM 1313W
1265,UMNTC,UMNTC,COMM,1313W,001,Analysis of Argument,C-,1,Jeffrey VanCleave,jvanclea,COMM 1313W
1265,UMNTC,UMNTC,COMM,1313W,001,Analysis of Argument,F,3,Jeffrey VanCleave,jvanclea,COMM 1313W
1265,UMNTC,UMNTC,COMM,1313W,001,Analysis of Argument,W,2,Jeffrey VanCleave,jvanclea,COMM 1313W
1265,UMNCR,UMNCR,COMM,2002,E90,Interpersonal Communication,A,15,Mark Huglen,mhuglen,COMM 2002
1265,UMNCR,UMNCR,COMM,2002,E90,Interpersonal Communication,B,6,Mark Huglen,mhuglen,COMM 2002
1265,UMNCR,UMNCR,COMM,2002,E90,Interpersonal Communication,C,1,Mark Huglen,mhuglen,COMM 2002
1265,UMNCR,UMNCR,COMM,2002,E90,Interpersonal Communication,F,3,Mark Huglen,mhuglen,COMM 2002
1265,UMNCR,UMNCR,COMM,2002,E90,Interpersonal Communication,W,1,Mark Huglen,mhuglen,COMM 2002
1265,UMNTC,UMNRO,COMM,2511,001,Communication Methods,A,14,Grace Geier Olive,geie0021,COMM 2511
1265,UMNTC,UMNRO,COMM,2511,001,Communication Methods,A-,3,Grace Geier Olive,geie0021,COMM 2511
1265,UMNTC,UMNRO,COMM,2511,001,Communication Methods,B,4,Grace Geier Olive,geie0021,COMM 2511
1265,UMNTC,UMNRO,COMM,2511,001,Communication Methods,C,1,Grace Geier Olive,geie0021,COMM 2511
1265,UMNTC,UMNRO,COMM,2511,001,Communication Methods,D,2,Grace Geier Olive,geie0021,COMM 2511
1265,UMNTC,UMNRO,COMM,2511,001,Communication Methods,W,1,Grace Geier Olive,geie0021,COMM 2511
1265,UMNCR,UMNCR,COMM,3000,E90,Communication Theory,A,7,Amanda Lucas,lucas342,COMM 3000
1265,UMNCR,UMNCR,COMM,3000,E90,Communication Theory,A-,1,Amanda Lucas,lucas342,COMM 3000
1265,UMNCR,UMNCR,COMM,3000,E90,Communication Theory,B,1,Amanda Lucas,lucas342,COMM 3000
1265,UMNCR,UMNCR,COMM,3000,E90,Communication Theory,B+,1,Amanda Lucas,lucas342,COMM 3000
1265,UMNCR,UMNCR,COMM,3000,E90,Communication Theory,C+,2,Amanda Lucas,lucas342,COMM 3000
1265,UMNCR,UMNCR,COMM,3000,E90,Communication Theory,F,2,Amanda Lucas,lucas342,COMM 3000
1265,UMNCR,UMNCR,COMM,3001,E90,Human Relationships/Leadership,A,15,Mark Huglen,mhuglen,COMM 3001
1265,UMNCR,UMNCR,COMM,3001,E90,Human Relationships/Leadership,B,4,Mark Huglen,mhuglen,COMM 3001
1265,UMNCR,UMNCR,COMM,3001,E90,Human Relationships/Leadership,W,2,Mark Huglen,mhuglen,COMM 3001
1265,UMNCR,UMNCR,COMM,3008,E90,Business Writing,A,13,Sam Gruenberg,sgruenbe,COMM 3008
1265,UMNCR,UMNCR,COMM,3008,E90,Business Writing,A-,3,Sam Gruenberg,sgruenbe,COMM 3008
1265,UMNCR,UMNCR,COMM,3008,E90,Business Writing,B,1,Sam Gruenberg,sgruenbe,COMM 3008
1265,UMNCR,UMNCR,COMM,3008,E90,Business Writing,B+,1,Sam Gruenberg,sgruenbe,COMM 3008
1265,UMNCR,UMNCR,COMM,3008,E90,Business Writing,C,1,Sam Gruenberg,sgruenbe,COMM 3008
1265,UMNCR,UMNCR,COMM,3008,E90,Business Writing,F,2,Sam Gruenberg,sgruenbe,COMM 3008
1265,UMNCR,UMNCR,COMM,3008,E91,Business Writing,A,14,Sam Gruenberg,sgruenbe,COMM 3008
1265,UMNCR,UMNCR,COMM,3008,E91,Business Writing,A-,3,Sam Gruenberg,sgruenbe,COMM 3008
1265,UMNCR,UMNCR,COMM,3008,E91,Business Writing,C+,1,Sam Gruenberg,sgruenbe,COMM 3008
1265,UMNCR,UMNCR,COMM,3008,E91,Business Writing,F,1,Sam Gruenberg,sgruenbe,COMM 3008
1265,UMNCR,UMNCR,COMM,3008,E91,Business Writing,W,2,Sam Gruenberg,sgruenbe,COMM 3008
1265,UMNTC,UMNTC,COMM,3202,001,Audio Production and Podcast,A,6,Dawn Schot Klotzbach,scho0062,COMM 3202
1265,UMNTC,UMNTC,COMM,3202,001,Audio Production and Podcast,A-,1,Dawn Schot Klotzbach,scho0062,COMM 3202
1265,UMNTC,UMNTC,COMM,3202,001,Audio Production and Podcast,B,2,Dawn Schot Klotzbach,scho0062,COMM 3202
1265,UMNTC,UMNTC,COMM,3202,001,Audio Production and Podcast,B+,2,Dawn Schot Klotzbach,scho0062,COMM 3202
1265,UMNTC,UMNTC,COMM,3202,001,Audio Production and Podcast,B-,1,Dawn Schot Klotzbach,scho0062,COMM 3202
1265,UMNTC,UMNTC,COMM,3202,001,Audio Production and Podcast,C,2,Dawn Schot Klotzbach,scho0062,COMM 3202
1265,UMNTC,UMNTC,COMM,3202,001,Audio Production and Podcast,C-,1,Dawn Schot Klotzbach,scho0062,COMM 3202
1265,UMNTC,UMNTC,COMM,3202,001,Audio Production and Podcast,D,1,Dawn Schot Klotzbach,scho0062,COMM 3202
1265,UMNTC,UMNTC,COMM,3202,001,Audio Production and Podcast,F,3,Dawn Schot Klotzbach,scho0062,COMM 3202
1265,UMNTC,UMNTC,COMM,3202,001,Audio Production and Podcast,W,1,Dawn Schot Klotzbach,scho0062,COMM 3202
1265,UMNTC,UMNTC,COMM,3263W,001,Media Literacy,A,15,David Cram Helwich,dch,COMM 3263W
1265,UMNTC,UMNTC,COMM,3263W,001,Media Literacy,A-,4,David Cram Helwich,dch,COMM 3263W
1265,UMNTC,UMNTC,COMM,3263W,001,Media Literacy,B,1,David Cram Helwich,dch,COMM 3263W
1265,UMNTC,UMNTC,COMM,3263W,001,Media Literacy,B+,1,David Cram Helwich,dch,COMM 3263W
1265,UMNTC,UMNTC,COMM,3263W,001,Media Literacy,C,1,David Cram Helwich,dch,COMM 3263W
1265,UMNTC,UMNTC,COMM,3263W,001,Media Literacy,D,1,David Cram Helwich,dch,COMM 3263W
1265,UMNTC,UMNTC,COMM,3263W,001,Media Literacy,S,1,David Cram Helwich,dch,COMM 3263W
1265,UMNTC,UMNTC,COMM,3263W,001,Media Literacy,W,2,David Cram Helwich,dch,COMM 3263W
1265,UMNTC,UMNTC,COMM,3401,101,Intro to Communication Theory,A,2,Susanne Jones,jones344,COMM 3401
1265,UMNTC,UMNTC,COMM,3401,101,Intro to Communication Theory,A-,3,Susanne Jones,jones344,COMM 3401
1265,UMNTC,UMNTC,COMM,3401,101,Intro to Communication Theory,B,5,Susanne Jones,jones344,COMM 3401
1265,UMNTC,UMNTC,COMM,3401,101,Intro to Communication Theory,B-,3,Susanne Jones,jones344,COMM 3401
1265,UMNTC,UMNTC,COMM,3401,101,Intro to Communication Theory,C,2,Susanne Jones,jones344,COMM 3401
1265,UMNTC,UMNTC,COMM,3401,101,Intro to Communication Theory,C+,2,Susanne Jones,jones344,COMM 3401
1265,UMNTC,UMNTC,COMM,3401,101,Intro to Communication Theory,C-,1,Susanne Jones,jones344,COMM 3401
1265,UMNTC,UMNTC,COMM,3401,101,Intro to Communication Theory,D,1,Susanne Jones,jones344,COMM 3401
1265,UMNTC,UMNTC,COMM,3401,101,Intro to Communication Theory,F,5,Susanne Jones,jones344,COMM 3401
1265,UMNTC,UMNTC,COMM,3401,101,Intro to Communication Theory,W,1,Susanne Jones,jones344,COMM 3401
1265,UMNDL,UMNDL,COMM,3530,080,Dark Side of Media,A,6,Edward Downs,epdowns,COMM 3530
1265,UMNDL,UMNDL,COMM,3530,080,Dark Side of Media,A-,4,Edward Downs,epdowns,COMM 3530
1265,UMNDL,UMNDL,COMM,3530,080,Dark Side of Media,B,1,Edward Downs,epdowns,COMM 3530
1265,UMNDL,UMNDL,COMM,3530,080,Dark Side of Media,B+,1,Edward Downs,epdowns,COMM 3530
1265,UMNDL,UMNDL,COMM,3530,080,Dark Side of Media,B-,3,Edward Downs,epdowns,COMM 3530
1265,UMNDL,UMNDL,COMM,3530,080,Dark Side of Media,C-,2,Edward Downs,epdowns,COMM 3530
1265,UMNDL,UMNDL,COMM,3530,080,Dark Side of Media,F,2,Edward Downs,epdowns,COMM 3530
1265,UMNDL,UMNDL,COMM,3535,001,Intercultural Comm,A,6,Ryan Goei,rgoei,COMM 3535
1265,UMNDL,UMNDL,COMM,3535,001,Intercultural Comm,A-,1,Ryan Goei,rgoei,COMM 3535
1265,UMNDL,UMNDL,COMM,3535,001,Intercultural Comm,B,1,Ryan Goei,rgoei,COMM 3535
1265,UMNDL,UMNDL,COMM,3535,001,Intercultural Comm,B+,1,Ryan Goei,rgoei,COMM 3535
1265,UMNDL,UMNDL,COMM,3535,001,Intercultural Comm,B-,1,Ryan Goei,rgoei,COMM 3535
1265,UMNDL,UMNDL,COMM,3535,001,Intercultural Comm,C,1,Ryan Goei,rgoei,COMM 3535
1265,UMNDL,UMNDL,COMM,3535,001,Intercultural Comm,F,1,Ryan Goei,rgoei,COMM 3535
1265,UMNCR,UMNCR,COMM,3537,E90,Visual Communication,A,6,Crystal Gibbins,gibb0057,COMM 3537
1265,UMNCR,UMNCR,COMM,3537,E90,Visual Communication,A-,3,Crystal Gibbins,gibb0057,COMM 3537
1265,UMNCR,UMNCR,COMM,3537,E90,Visual Communication,B,2,Crystal Gibbins,gibb0057,COMM 3537
1265,UMNCR,UMNCR,COMM,3537,E90,Visual Communication,B+,4,Crystal Gibbins,gibb0057,COMM 3537
1265,UMNCR,UMNCR,COMM,3537,E90,Visual Communication,D+,1,Crystal Gibbins,gibb0057,COMM 3537
1265,UMNCR,UMNCR,COMM,3537,E90,Visual Communication,F,3,Crystal Gibbins,gibb0057,COMM 3537
1265,UMNCR,UMNCR,COMM,3537,E90,Visual Communication,W,1,Crystal Gibbins,gibb0057,COMM 3537
1265,UMNDL,UMNDL,COMM,3625,080,Rhetoric of Globalization,A,6,David Gore,dgore,COMM 3625
1265,UMNDL,UMNDL,COMM,3625,080,Rhetoric of Globalization,A-,10,David Gore,dgore,COMM 3625
1265,UMNDL,UMNDL,COMM,3625,080,Rhetoric of Globalization,B,1,David Gore,dgore,COMM 3625
1265,UMNDL,UMNDL,COMM,3625,080,Rhetoric of Globalization,B+,1,David Gore,dgore,COMM 3625
1265,UMNDL,UMNDL,COMM,3625,080,Rhetoric of Globalization,D,1,David Gore,dgore,COMM 3625
1265,UMNDL,UMNDL,COMM,3625,080,Rhetoric of Globalization,F,2,David Gore,dgore,COMM 3625
1265,UMNDL,UMNDL,COMM,3625,080,Rhetoric of Globalization,W,1,David Gore,dgore,COMM 3625
1265,UMNTC,UMNTC,COMM,3676W,001,Communicating Terrorism,A,14,David Cram Helwich,dch,COMM 3676W
1265,UMNTC,UMNTC,COMM,3676W,001,Communicating Terrorism,A-,2,David Cram Helwich,dch,COMM 3676W
1265,UMNTC,UMNTC,COMM,3676W,001,Communicating Terrorism,B,1,David Cram Helwich,dch,COMM 3676W
1265,UMNTC,UMNTC,COMM,3676W,001,Communicating Terrorism,B+,1,David Cram Helwich,dch,COMM 3676W
1265,UMNTC,UMNTC,COMM,3676W,001,Communicating Terrorism,C+,1,David Cram Helwich,dch,COMM 3676W
1265,UMNTC,UMNTC,COMM,3676W,001,Communicating Terrorism,F,4,David Cram Helwich,dch,COMM 3676W
1265,UMNTC,UMNTC,COMM,3676W,001,Communicating Terrorism,W,3,David Cram Helwich,dch,COMM 3676W
1265,UMNCR,UMNCR,COMM,4000,E90,News and Social Media Comm,A,7,Jared Browsh,jbrowsh,COMM 4000
1265,UMNCR,UMNCR,COMM,4000,E90,News and Social Media Comm,A-,2,Jared Browsh,jbrowsh,COMM 4000
1265,UMNCR,UMNCR,COMM,4000,E90,News and Social Media Comm,B,2,Jared Browsh,jbrowsh,COMM 4000
1265,UMNCR,UMNCR,COMM,4000,E90,News and Social Media Comm,B+,2,Jared Browsh,jbrowsh,COMM 4000
1265,UMNCR,UMNCR,COMM,4000,E90,News and Social Media Comm,B-,1,Jared Browsh,jbrowsh,COMM 4000
1265,UMNTC,UMNTC,COMM,4471,001,Comm in Marriage & Family,A,3,Deborah Yoon,yoon0213,COMM 4471
1265,UMNTC,UMNTC,COMM,4471,001,Comm in Marriage & Family,B,6,Deborah Yoon,yoon0213,COMM 4471
1265,UMNTC,UMNTC,COMM,4471,001,Comm in Marriage & Family,B+,5,Deborah Yoon,yoon0213,COMM 4471
1265,UMNTC,UMNTC,COMM,4471,001,Comm in Marriage & Family,B-,1,Deborah Yoon,yoon0213,COMM 4471
1265,UMNTC,UMNTC,COMM,4471,001,Comm in Marriage & Family,C,1,Deborah Yoon,yoon0213,COMM 4471
1265,UMNTC,UMNTC,COMM,4471,001,Comm in Marriage & Family,C+,1,Deborah Yoon,yoon0213,COMM 4471
1265,UMNTC,UMNTC,COMM,4471,001,Comm in Marriage & Family,C-,1,Deborah Yoon,yoon0213,COMM 4471
1265,UMNTC,UMNTC,COMM,4471,001,Comm in Marriage & Family,F,3,Deborah Yoon,yoon0213,COMM 4471
1265,UMNTC,UMNTC,COMM,4471,001,Comm in Marriage & Family,W,1,Deborah Yoon,yoon0213,COMM 4471
1265,UMNDL,UMNDL,COMM,4999,001,Seminar,A,1,Aaron Boyson,aboyson,COMM 4999
1265,UMNDL,UMNDL,COMM,4999,001,Seminar,A-,5,Aaron Boyson,aboyson,COMM 4999
1265,UMNDL,UMNDL,COMM,4999,001,Seminar,B,1,Aaron Boyson,aboyson,COMM 4999
1265,UMNDL,UMNDL,COMM,4999,001,Seminar,B+,1,Aaron Boyson,aboyson,COMM 4999
1265,UMNDL,UMNDL,COMM,4999,001,Seminar,B-,1,Aaron Boyson,aboyson,COMM 4999
1265,UMNDL,UMNDL,COMM,4999,001,Seminar,C,1,Aaron Boyson,aboyson,COMM 4999
1265,UMNCR,UMNCR,COMP,1011,E90,Composition I,A,10,Paul Kratwell,kratw031,COMP 1011
1265,UMNCR,UMNCR,COMP,1011,E90,Composition I,A-,1,Paul Kratwell,kratw031,COMP 1011
1265,UMNCR,UMNCR,COMP,1011,E90,Composition I,B,5,Paul Kratwell,kratw031,COMP 1011
1265,UMNCR,UMNCR,COMP,1011,E90,Composition I,B-,1,Paul Kratwell,kratw031,COMP 1011
1265,UMNCR,UMNCR,COMP,1011,E90,Composition I,C,2,Paul Kratwell,kratw031,COMP 1011
1265,UMNCR,UMNCR,COMP,1011,E90,Composition I,C+,1,Paul Kratwell,kratw031,COMP 1011
1265,UMNCR,UMNCR,COMP,1011,E90,Composition I,D,1,Paul Kratwell,kratw031,COMP 1011
1265,UMNCR,UMNCR,COMP,1011,E90,Composition I,F,3,Paul Kratwell,kratw031,COMP 1011
1265,UMNCR,UMNCR,COMP,1013,E90,Composition II,A,16,Danielle Johannesen,johan259,COMP 1013
1265,UMNCR,UMNCR,COMP,1013,E90,Composition II,A-,1,Danielle Johannesen,johan259,COMP 1013
1265,UMNCR,UMNCR,COMP,1013,E90,Composition II,B,2,Danielle Johannesen,johan259,COMP 1013
1265,UMNCR,UMNCR,COMP,1013,E90,Composition II,B-,1,Danielle Johannesen,johan259,COMP 1013
1265,UMNCR,UMNCR,COMP,1013,E90,Composition II,W,1,Danielle Johannesen,johan259,COMP 1013
1265,UMNCR,UMNCR,COMP,1013,E91,Composition II,A,16,Danielle Johannesen,johan259,COMP 1013
1265,UMNCR,UMNCR,COMP,1013,E91,Composition II,A-,1,Danielle Johannesen,johan259,COMP 1013
1265,UMNCR,UMNCR,COMP,1013,E91,Composition II,B,2,Danielle Johannesen,johan259,COMP 1013
1265,UMNCR,UMNCR,COMP,1013,E91,Composition II,B-,1,Danielle Johannesen,johan259,COMP 1013
1265,UMNCR,UMNCR,COMP,1013,E91,Composition II,F,1,Danielle Johannesen,johan259,COMP 1013
1265,UMNCR,UMNCR,COMP,1013,E92,Composition II,A,9,Charles McCaffrey,cmccaffr,COMP 1013
1265,UMNCR,UMNCR,COMP,1013,E92,Composition II,A-,2,Charles McCaffrey,cmccaffr,COMP 1013
1265,UMNCR,UMNCR,COMP,1013,E92,Composition II,B,1,Charles McCaffrey,cmccaffr,COMP 1013
1265,UMNCR,UMNCR,COMP,1013,E92,Composition II,D,2,Charles McCaffrey,cmccaffr,COMP 1013
1265,UMNCR,UMNCR,COMP,1013,E92,Composition II,F,2,Charles McCaffrey,cmccaffr,COMP 1013
1265,UMNTC,UMNTC,CPSY,1334,001,Glbl Issues - Children & Youth,A,17,Gail Ferguson,gmfergus,CPSY 1334
1265,UMNTC,UMNTC,CPSY,1334,001,Glbl Issues - Children & Youth,A-,4,Gail Ferguson,gmfergus,CPSY 1334
1265,UMNTC,UMNTC,CPSY,1334,001,Glbl Issues - Children & Youth,B,5,Gail Ferguson,gmfergus,CPSY 1334
1265,UMNTC,UMNTC,CPSY,1334,001,Glbl Issues - Children & Youth,B+,1,Gail Ferguson,gmfergus,CPSY 1334
1265,UMNTC,UMNTC,CPSY,1334,001,Glbl Issues - Children & Youth,B-,2,Gail Ferguson,gmfergus,CPSY 1334
1265,UMNTC,UMNTC,CPSY,1334,001,Glbl Issues - Children & Youth,C-,1,Gail Ferguson,gmfergus,CPSY 1334
1265,UMNTC,UMNTC,CPSY,1334,001,Glbl Issues - Children & Youth,D+,2,Gail Ferguson,gmfergus,CPSY 1334
1265,UMNTC,UMNTC,CPSY,1334,001,Glbl Issues - Children & Youth,F,3,Gail Ferguson,gmfergus,CPSY 1334
1265,UMNTC,UMNTC,CPSY,1334,001,Glbl Issues - Children & Youth,W,1,Gail Ferguson,gmfergus,CPSY 1334
1265,UMNTC,UMNTC,CPSY,2301,001,Intro to Developmental Psych,A,5,Norwood Glaspie,,CPSY 2301
1265,UMNTC,UMNTC,CPSY,2301,001,Intro to Developmental Psych,A-,8,Norwood Glaspie,,CPSY 2301
1265,UMNTC,UMNTC,CPSY,2301,001,Intro to Developmental Psych,B,1,Norwood Glaspie,,CPSY 2301
1265,UMNTC,UMNTC,CPSY,2301,001,Intro to Developmental Psych,B+,3,Norwood Glaspie,,CPSY 2301
1265,UMNTC,UMNTC,CPSY,2301,001,Intro to Developmental Psych,C,1,Norwood Glaspie,,CPSY 2301
1265,UMNTC,UMNTC,CPSY,2301,001,Intro to Developmental Psych,F,4,Norwood Glaspie,,CPSY 2301
1265,UMNTC,UMNTC,CPSY,2301,001,Intro to Developmental Psych,N,1,Norwood Glaspie,,CPSY 2301
1265,UMNTC,UMNTC,CPSY,2301,001,Intro to Developmental Psych,W,1,Norwood Glaspie,,CPSY 2301
1265,UMNTC,UMNTC,CPSY,3301,001,Intro to Developmental Psych,A,11,Norwood Glaspie,,CPSY 3301
1265,UMNTC,UMNTC,CPSY,3301,001,Intro to Developmental Psych,A-,11,Norwood Glaspie,,CPSY 3301
1265,UMNTC,UMNTC,CPSY,3301,001,Intro to Developmental Psych,B,3,Norwood Glaspie,,CPSY 3301
1265,UMNTC,UMNTC,CPSY,3301,001,Intro to Developmental Psych,B+,6,Norwood Glaspie,,CPSY 3301
1265,UMNTC,UMNTC,CPSY,3301,001,Intro to Developmental Psych,B-,1,Norwood Glaspie,,CPSY 3301
1265,UMNTC,UMNTC,CPSY,3301,001,Intro to Developmental Psych,C,1,Norwood Glaspie,,CPSY 3301
1265,UMNTC,UMNTC,CPSY,3301,001,Intro to Developmental Psych,D+,1,Norwood Glaspie,,CPSY 3301
1265,UMNTC,UMNTC,CPSY,3301,001,Intro to Developmental Psych,F,2,Norwood Glaspie,,CPSY 3301
1265,UMNTC,UMNTC,CPSY,3301,001,Intro to Developmental Psych,S,1,Norwood Glaspie,,CPSY 3301
1265,UMNTC,UMNTC,CPSY,5261,001,Early Learning Infant Toddler,A,36,Elizabeth Criswell,crisw009,CPSY 5261
1265,UMNTC,UMNTC,CPSY,5261,001,Early Learning Infant Toddler,A-,1,Elizabeth Criswell,crisw009,CPSY 5261
1265,UMNTC,UMNTC,CPSY,5261,001,Early Learning Infant Toddler,C+,1,Elizabeth Criswell,crisw009,CPSY 5261
1265,UMNTC,UMNTC,CPSY,5261,001,Early Learning Infant Toddler,F,1,Elizabeth Criswell,crisw009,CPSY 5261
1265,UMNTC,UMNTC,CPSY,5261,001,Early Learning Infant Toddler,W,1,Elizabeth Criswell,crisw009,CPSY 5261
1265,UMNTC,UMNTC,CPSY,5301,001,Advanced Developmental Psych,A,26,Chryle Elieff,elief001,CPSY 5301
1265,UMNTC,UMNTC,CPSY,5301,001,Advanced Developmental Psych,A-,7,Chryle Elieff,elief001,CPSY 5301
1265,UMNTC,UMNTC,CPSY,5301,001,Advanced Developmental Psych,B,3,Chryle Elieff,elief001,CPSY 5301
1265,UMNTC,UMNTC,CPSY,5301,001,Advanced Developmental Psych,B+,5,Chryle Elieff,elief001,CPSY 5301
1265,UMNTC,UMNTC,CPSY,5301,001,Advanced Developmental Psych,B-,1,Chryle Elieff,elief001,CPSY 5301
1265,UMNTC,UMNTC,CPSY,5513,001,Early Childhood Assessment,A,20,Katherine Zacharias,noll0033,CPSY 5513
1265,UMNTC,UMNTC,CPSY,5513,001,Early Childhood Assessment,A-,1,Katherine Zacharias,noll0033,CPSY 5513
1265,UMNTC,UMNTC,CPSY,5601,001,Child Life Theory & Practice,A,7,JoHannah Orman,bergs219,CPSY 5601
1265,UMNTC,UMNTC,CPSY,5601,001,Child Life Theory & Practice,B,2,JoHannah Orman,bergs219,CPSY 5601
1265,UMNTC,UMNTC,CPSY,5601,001,Child Life Theory & Practice,B+,1,JoHannah Orman,bergs219,CPSY 5601
1265,UMNDL,UMNDL,CRIM,1301,080,Intro to Criminology,A,8,Jeffrey Maahs,jmaahs,CRIM 1301
1265,UMNDL,UMNDL,CRIM,1301,080,Intro to Criminology,B,1,Jeffrey Maahs,jmaahs,CRIM 1301
1265,UMNDL,UMNDL,CRIM,1301,080,Intro to Criminology,F,1,Jeffrey Maahs,jmaahs,CRIM 1301
1265,UMNDL,UMNDL,CRIM,2311,080,Criminological Theory,A,9,Joshua Williams,will7730,CRIM 2311
1265,UMNDL,UMNDL,CRIM,2311,080,Criminological Theory,A-,1,Joshua Williams,will7730,CRIM 2311
1265,UMNDL,UMNDL,CRIM,2311,080,Criminological Theory,B,1,Joshua Williams,will7730,CRIM 2311
1265,UMNDL,UMNDL,CRIM,2311,080,Criminological Theory,C,1,Joshua Williams,will7730,CRIM 2311
1265,UMNDL,UMNDL,CRIM,2311,080,Criminological Theory,C-,1,Joshua Williams,will7730,CRIM 2311
1265,UMNDL,UMNDL,CRIM,2311,080,Criminological Theory,D,1,Joshua Williams,will7730,CRIM 2311
1265,UMNDL,UMNDL,CRIM,3350,080,Psychopathology and Crime,A,1,Jacqueline Buffington,jbuffing,CRIM 3350
1265,UMNDL,UMNDL,CRIM,3350,080,Psychopathology and Crime,A-,2,Jacqueline Buffington,jbuffing,CRIM 3350
1265,UMNDL,UMNDL,CRIM,3350,080,Psychopathology and Crime,B+,3,Jacqueline Buffington,jbuffing,CRIM 3350
1265,UMNDL,UMNDL,CRIM,3350,080,Psychopathology and Crime,B-,2,Jacqueline Buffington,jbuffing,CRIM 3350
1265,UMNDL,UMNDL,CRIM,3350,080,Psychopathology and Crime,D,1,Jacqueline Buffington,jbuffing,CRIM 3350
1265,UMNDL,UMNDL,CRIM,3350,080,Psychopathology and Crime,F,2,Jacqueline Buffington,jbuffing,CRIM 3350
1265,UMNCR,UMNCR,CRJS,3525,E90,Juvenile Justice/Delinquency,A,5,David Seyfried,seyfried,CRJS 3525
1265,UMNCR,UMNCR,CRJS,3525,E90,Juvenile Justice/Delinquency,B,5,David Seyfried,seyfried,CRJS 3525
1265,UMNCR,UMNCR,CRJS,3525,E90,Juvenile Justice/Delinquency,C,1,David Seyfried,seyfried,CRJS 3525
1265,UMNCR,UMNCR,CRJS,3525,E90,Juvenile Justice/Delinquency,F,2,David Seyfried,seyfried,CRJS 3525
1265,UMNDL,UMNDL,CS,1043,002,Digital Justice in Healthcare,A,7,Arshia Khan,akhan,CS 1043
1265,UMNDL,UMNDL,CS,1043,002,Digital Justice in Healthcare,A-,2,Arshia Khan,akhan,CS 1043
1265,UMNDL,UMNDL,CS,1043,002,Digital Justice in Healthcare,B+,1,Arshia Khan,akhan,CS 1043
1265,UMNDL,UMNDL,CS,1043,002,Digital Justice in Healthcare,B-,2,Arshia Khan,akhan,CS 1043
1265,UMNDL,UMNDL,CS,1043,002,Digital Justice in Healthcare,F,1,Arshia Khan,akhan,CS 1043
1265,UMNDL,UMNDL,CS,3531,001,Automata and Formal Languages,A,7,Sophia Knight,sknight,CS 3531
1265,UMNDL,UMNDL,CS,3531,001,Automata and Formal Languages,A-,1,Sophia Knight,sknight,CS 3531
1265,UMNDL,UMNDL,CS,3531,001,Automata and Formal Languages,B,2,Sophia Knight,sknight,CS 3531
1265,UMNDL,UMNDL,CS,3531,001,Automata and Formal Languages,B+,2,Sophia Knight,sknight,CS 3531
1265,UMNDL,UMNDL,CS,3531,001,Automata and Formal Languages,C,1,Sophia Knight,sknight,CS 3531
1265,UMNDL,UMNDL,CS,3531,001,Automata and Formal Languages,C+,3,Sophia Knight,sknight,CS 3531
1265,UMNDL,UMNDL,CS,4312,002,Operating Systems,A,10,Haiyang Wang,haiyang,CS 4312
1265,UMNDL,UMNDL,CS,4312,002,Operating Systems,A-,1,Haiyang Wang,haiyang,CS 4312
1265,UMNDL,UMNDL,CS,4312,002,Operating Systems,B,3,Haiyang Wang,haiyang,CS 4312
1265,UMNDL,UMNDL,CS,4312,002,Operating Systems,B+,2,Haiyang Wang,haiyang,CS 4312
1265,UMNDL,UMNDL,CS,4312,002,Operating Systems,C,2,Haiyang Wang,haiyang,CS 4312
1265,UMNDL,UMNDL,CS,4322,002,Database Management Systems,A,11,Eleazar Leal,eleal,CS 4322
1265,UMNDL,UMNDL,CS,4322,002,Database Management Systems,A-,3,Eleazar Leal,eleal,CS 4322
1265,UMNDL,UMNDL,CS,4322,002,Database Management Systems,B,1,Eleazar Leal,eleal,CS 4322
1265,UMNDL,UMNDL,CS,4322,002,Database Management Systems,B+,3,Eleazar Leal,eleal,CS 4322
1265,UMNDL,UMNDL,CS,4322,002,Database Management Systems,B-,2,Eleazar Leal,eleal,CS 4322
1265,UMNDL,UMNDL,CS,4322,002,Database Management Systems,C,3,Eleazar Leal,eleal,CS 4322
1265,UMNDL,UMNDL,CS,4322,002,Database Management Systems,C+,3,Eleazar Leal,eleal,CS 4322
1265,UMNDL,UMNDL,CS,4322,002,Database Management Systems,C-,2,Eleazar Leal,eleal,CS 4322
1265,UMNTC,UMNTC,CSCI,1133,002,Intro to Programming Concepts,A,2,Mai Al-Khatib,alkh0020,CSCI 1133
1265,UMNTC,UMNTC,CSCI,1133,002,Intro to Programming Concepts,A-,1,Mai Al-Khatib,alkh0020,CSCI 1133
1265,UMNTC,UMNTC,CSCI,1133,002,Intro to Programming Concepts,B,2,Mai Al-Khatib,alkh0020,CSCI 1133
1265,UMNTC,UMNTC,CSCI,1133,002,Intro to Programming Concepts,B+,1,Mai Al-Khatib,alkh0020,CSCI 1133
1265,UMNTC,UMNTC,CSCI,1133,002,Intro to Programming Concepts,B-,2,Mai Al-Khatib,alkh0020,CSCI 1133
1265,UMNTC,UMNTC,CSCI,1133,002,Intro to Programming Concepts,C,2,Mai Al-Khatib,alkh0020,CSCI 1133
1265,UMNTC,UMNTC,CSCI,1133,002,Intro to Programming Concepts,C+,1,Mai Al-Khatib,alkh0020,CSCI 1133
1265,UMNTC,UMNTC,CSCI,1133,002,Intro to Programming Concepts,D+,1,Mai Al-Khatib,alkh0020,CSCI 1133
1265,UMNTC,UMNTC,CSCI,1133,002,Intro to Programming Concepts,F,1,Mai Al-Khatib,alkh0020,CSCI 1133
1265,UMNTC,UMNTC,CSCI,1133,002,Intro to Programming Concepts,W,3,Mai Al-Khatib,alkh0020,CSCI 1133
1265,UMNTC,UMNTC,CSCI,4061,002,Intro to Operating Systems,A,54,Abhishek Chandra,chandra,CSCI 4061
1265,UMNTC,UMNTC,CSCI,4061,002,Intro to Operating Systems,A-,1,Abhishek Chandra,chandra,CSCI 4061
1265,UMNTC,UMNTC,CSCI,4061,002,Intro to Operating Systems,B+,3,Abhishek Chandra,chandra,CSCI 4061
1265,UMNTC,UMNTC,CSCI,4061,002,Intro to Operating Systems,B-,2,Abhishek Chandra,chandra,CSCI 4061
1265,UMNTC,UMNTC,CSCI,4061,002,Intro to Operating Systems,C,1,Abhishek Chandra,chandra,CSCI 4061
1265,UMNTC,UMNTC,CSCI,4061,002,Intro to Operating Systems,C+,2,Abhishek Chandra,chandra,CSCI 4061
1265,UMNTC,UMNTC,CSCI,4801,002,Software Development Process,A,1,Kevin Wendt,wendt,CSCI 4801
1265,UMNTC,UMNTC,CSCI,4801,002,Software Development Process,A-,2,Kevin Wendt,wendt,CSCI 4801
1265,UMNTC,UMNTC,CSCI,4801,002,Software Development Process,B,9,Kevin Wendt,wendt,CSCI 4801
1265,UMNTC,UMNTC,CSCI,4801,002,Software Development Process,B+,1,Kevin Wendt,wendt,CSCI 4801
1265,UMNTC,UMNTC,CSCI,4801,002,Software Development Process,B-,2,Kevin Wendt,wendt,CSCI 4801
1265,UMNTC,UMNTC,CSCI,4801,002,Software Development Process,C+,3,Kevin Wendt,wendt,CSCI 4801
1265,UMNTC,UMNTC,CSCI,4801,002,Software Development Process,D,1,Kevin Wendt,wendt,CSCI 4801
1265,UMNTC,UMNTC,CSCI,4801,002,Software Development Process,D+,1,Kevin Wendt,wendt,CSCI 4801
1265,UMNTC,UMNTC,CSCI,4801,002,Software Development Process,W,1,Kevin Wendt,wendt,CSCI 4801
1265,UMNTC,UMNTC,CSCL,1001W,001,Intro to Cultural Studies,A,8,Majorca Bateman-Coe,,CSCL 1001W
1265,UMNTC,UMNTC,CSCL,1001W,001,Intro to Cultural Studies,A-,4,Majorca Bateman-Coe,,CSCL 1001W
1265,UMNTC,UMNTC,CSCL,1001W,001,Intro to Cultural Studies,B,1,Majorca Bateman-Coe,,CSCL 1001W
1265,UMNTC,UMNTC,CSCL,1001W,001,Intro to Cultural Studies,B-,1,Majorca Bateman-Coe,,CSCL 1001W
1265,UMNTC,UMNTC,CSCL,1001W,001,Intro to Cultural Studies,C,1,Majorca Bateman-Coe,,CSCL 1001W
1265,UMNTC,UMNTC,CSCL,1001W,001,Intro to Cultural Studies,C-,1,Majorca Bateman-Coe,,CSCL 1001W
1265,UMNTC,UMNTC,CSCL,1001W,001,Intro to Cultural Studies,F,1,Majorca Bateman-Coe,,CSCL 1001W
1265,UMNTC,UMNTC,CSCL,1001W,001,Intro to Cultural Studies,S,1,Majorca Bateman-Coe,,CSCL 1001W
1265,UMNTC,UMNTC,CSCL,1001W,001,Intro to Cultural Studies,W,1,Majorca Bateman-Coe,,CSCL 1001W
1265,UMNTC,UMNTC,CSCL,3221,001,On Television,A,5,Olga Tchepikova-Treon,tchep003,CSCL 3221
1265,UMNTC,UMNTC,CSCL,3221,001,On Television,B,3,Olga Tchepikova-Treon,tchep003,CSCL 3221
1265,UMNTC,UMNTC,CSCL,3221,001,On Television,B+,3,Olga Tchepikova-Treon,tchep003,CSCL 3221
1265,UMNTC,UMNTC,CSCL,3221,001,On Television,B-,1,Olga Tchepikova-Treon,tchep003,CSCL 3221
1265,UMNTC,UMNTC,CSCL,3221,001,On Television,C+,3,Olga Tchepikova-Treon,tchep003,CSCL 3221
1265,UMNTC,UMNTC,CSCL,3221,001,On Television,F,1,Olga Tchepikova-Treon,tchep003,CSCL 3221
1265,UMNDL,UMNDL,CSD,5230,001,Adv Appl in Comm Modalities,A,34,Jolene Hyppa Martin,jhm,CSD 5230
1265,UMNDL,UMNDL,CSD,5230,001,Adv Appl in Comm Modalities,A-,2,Jolene Hyppa Martin,jhm,CSD 5230
1265,UMNDL,UMNDL,CSD,5230,001,Adv Appl in Comm Modalities,B,1,Jolene Hyppa Martin,jhm,CSD 5230
1265,UMNDL,UMNDL,CSD,5230,001,Adv Appl in Comm Modalities,B+,1,Jolene Hyppa Martin,jhm,CSD 5230
1265,UMNDL,UMNDL,CSD,5230,001,Adv Appl in Comm Modalities,B-,1,Jolene Hyppa Martin,jhm,CSD 5230
1265,UMNDL,UMNDL,CSD,5237,001,Cognitive Comm Disorders,A,20,Sharyl Samargia-Grivette,samargia,CSD 5237
1265,UMNDL,UMNDL,CSD,5237,001,Cognitive Comm Disorders,A-,7,Sharyl Samargia-Grivette,samargia,CSD 5237
1265,UMNDL,UMNDL,CSD,5237,001,Cognitive Comm Disorders,B,3,Sharyl Samargia-Grivette,samargia,CSD 5237
1265,UMNDL,UMNDL,CSD,5237,001,Cognitive Comm Disorders,B+,6,Sharyl Samargia-Grivette,samargia,CSD 5237
1265,UMNDL,UMNDL,CSD,5237,001,Cognitive Comm Disorders,B-,1,Sharyl Samargia-Grivette,samargia,CSD 5237
1265,UMNDL,UMNDL,CSD,5237,001,Cognitive Comm Disorders,C,1,Sharyl Samargia-Grivette,samargia,CSD 5237
1265,UMNDL,UMNDL,CSD,5237,001,Cognitive Comm Disorders,C+,1,Sharyl Samargia-Grivette,samargia,CSD 5237
1265,UMNDL,UMNDL,CSD,5237,001,Cognitive Comm Disorders,W,1,Sharyl Samargia-Grivette,samargia,CSD 5237
1265,UMNDL,UMNDL,CSD,5270,001,Structural Orofacial,A,32,Dana Collins,drcollin,CSD 5270
1265,UMNDL,UMNDL,CSD,5270,001,Structural Orofacial,A-,2,Dana Collins,drcollin,CSD 5270
1265,UMNDL,UMNDL,CSD,5270,001,Structural Orofacial,B,1,Dana Collins,drcollin,CSD 5270
1265,UMNDL,UMNDL,CSD,5270,001,Structural Orofacial,B+,3,Dana Collins,drcollin,CSD 5270
1265,UMNDL,UMNDL,CSD,5270,001,Structural Orofacial,B-,1,Dana Collins,drcollin,CSD 5270
1265,UMNDL,UMNDL,CSD,5500,001,Voice Disorders,A,37,Dana Collins,drcollin,CSD 5500
1265,UMNDL,UMNDL,CSD,5500,001,Voice Disorders,A-,1,Dana Collins,drcollin,CSD 5500
1265,UMNDL,UMNDL,CSD,5500,001,Voice Disorders,B+,1,Dana Collins,drcollin,CSD 5500
1265,UMNDL,UMNDL,CSD,8099,005,Projects CD,A,12,Sharyl Samargia-Grivette,samargia,CSD 8099
1265,UMNDL,UMNDL,CSD,8099,005,Projects CD,B,2,Sharyl Samargia-Grivette,samargia,CSD 8099
1265,UMNTC,UMNTC,CSE,4896,002,Co-op Industrial Assign I,A,34,Kia Bazargan,kia,CSE 4896
1265,UMNTC,UMNTC,CSE,4896,002,Co-op Industrial Assign I,A-,4,Kia Bazargan,kia,CSE 4896
1265,UMNTC,UMNTC,CSE,4896,002,Co-op Industrial Assign I,B,1,Kia Bazargan,kia,CSE 4896
1265,UMNTC,UMNTC,CSE,4896,002,Co-op Industrial Assign I,B+,3,Kia Bazargan,kia,CSE 4896
1265,UMNTC,UMNTC,CSE,4896,002,Co-op Industrial Assign I,F,2,Kia Bazargan,kia,CSE 4896
1265,UMNTC,UMNTC,CSE,4996,002,Co-op Industrial Assign II,A,18,Kia Bazargan,kia,CSE 4996
1265,UMNTC,UMNTC,CSE,4996,002,Co-op Industrial Assign II,A-,6,Kia Bazargan,kia,CSE 4996
1265,UMNTC,UMNTC,CSE,4996,002,Co-op Industrial Assign II,B,2,Kia Bazargan,kia,CSE 4996
1265,UMNTC,UMNTC,CSE,4996,002,Co-op Industrial Assign II,B+,1,Kia Bazargan,kia,CSE 4996
1265,UMNTC,UMNTC,CSE,4996,002,Co-op Industrial Assign II,B-,1,Kia Bazargan,kia,CSE 4996
1265,UMNTC,UMNTC,CSE,4996,002,Co-op Industrial Assign II,D,1,Kia Bazargan,kia,CSE 4996
1265,UMNTC,UMNTC,CSE,4996,002,Co-op Industrial Assign II,F,1,Kia Bazargan,kia,CSE 4996
1265,UMNTC,UMNTC,CSPH,1203,001,Social Media/Mental Health,A,33,Kit Breshears,kit,CSPH 1203
1265,UMNTC,UMNTC,CSPH,1203,001,Social Media/Mental Health,A-,1,Kit Breshears,kit,CSPH 1203
1265,UMNTC,UMNTC,CSPH,1203,001,Social Media/Mental Health,B,2,Kit Breshears,kit,CSPH 1203
1265,UMNTC,UMNTC,CSPH,1203,001,Social Media/Mental Health,C+,1,Kit Breshears,kit,CSPH 1203
1265,UMNTC,UMNTC,CSPH,1203,001,Social Media/Mental Health,S,1,Kit Breshears,kit,CSPH 1203
1265,UMNTC,UMNTC,CSPH,1204,001,Creating a Meaningful Life,A,15,Kit Breshears,kit,CSPH 1204
1265,UMNTC,UMNTC,CSPH,1204,001,Creating a Meaningful Life,A-,2,Kit Breshears,kit,CSPH 1204
1265,UMNTC,UMNTC,CSPH,1204,001,Creating a Meaningful Life,C,1,Kit Breshears,kit,CSPH 1204
1265,UMNTC,UMNTC,CSPH,1204,001,Creating a Meaningful Life,F,1,Kit Breshears,kit,CSPH 1204
1265,UMNTC,UMNTC,CSPH,1204,001,Creating a Meaningful Life,S,1,Kit Breshears,kit,CSPH 1204
1265,UMNTC,UMNTC,CSPH,5101,002,Overview Integrative Practices,A,25,Robin Austin,quis0026,CSPH 5101
1265,UMNTC,UMNTC,CSPH,5101,002,Overview Integrative Practices,D+,1,Robin Austin,quis0026,CSPH 5101
1265,UMNTC,UMNTC,CSPH,5101,002,Overview Integrative Practices,F,1,Robin Austin,quis0026,CSPH 5101
1265,UMNTC,UMNTC,CSPH,5313,001,Acupressure,A,11,Kim Christensen,chri3799,CSPH 5313
1265,UMNTC,UMNTC,CSPH,5313,001,Acupressure,B+,1,Kim Christensen,chri3799,CSPH 5313
1265,UMNTC,UMNTC,CSPH,5317,001,"Yoga: Ethics, Spirit, Healing",A,9,Katie Schuver,schuv007,CSPH 5317
1265,UMNTC,UMNTC,CSPH,5317,001,"Yoga: Ethics, Spirit, Healing",A-,2,Katie Schuver,schuv007,CSPH 5317
1265,UMNTC,UMNTC,CSPH,5317,001,"Yoga: Ethics, Spirit, Healing",C-,1,Katie Schuver,schuv007,CSPH 5317
1265,UMNTC,UMNTC,CSPH,5317,001,"Yoga: Ethics, Spirit, Healing",D+,1,Katie Schuver,schuv007,CSPH 5317
1265,UMNTC,UMNTC,CSPH,5317,001,"Yoga: Ethics, Spirit, Healing",F,1,Katie Schuver,schuv007,CSPH 5317
1265,UMNTC,UMNTC,CSPH,5317,001,"Yoga: Ethics, Spirit, Healing",W,2,Katie Schuver,schuv007,CSPH 5317
1265,UMNTC,UMNTC,CSPH,5318,500,Tibetan Medicine in India,A,9,Tenzin Namdul,tenzin,CSPH 5318
1265,UMNTC,UMNTC,CSPH,5318,500,Tibetan Medicine in India,A-,1,Tenzin Namdul,tenzin,CSPH 5318
1265,UMNTC,UMNTC,CSPH,5343,001,Ayurveda Medicine,A,9,Asavari Manvikar,amanvika,CSPH 5343
1265,UMNTC,UMNTC,CSPH,5343,001,Ayurveda Medicine,A-,1,Asavari Manvikar,amanvika,CSPH 5343
1265,UMNTC,UMNTC,CSPH,5343,001,Ayurveda Medicine,B+,1,Asavari Manvikar,amanvika,CSPH 5343
1265,UMNTC,UMNTC,CSPH,5343,001,Ayurveda Medicine,S,1,Asavari Manvikar,amanvika,CSPH 5343
1265,UMNTC,UMNTC,CSPH,5343,001,Ayurveda Medicine,W,1,Asavari Manvikar,amanvika,CSPH 5343
1265,UMNTC,UMNTC,CSPH,5503,001,Aromatherapy Fundamentals,A,11,Janet Tomaino,toma0131,CSPH 5503
1265,UMNTC,UMNTC,CSPH,5503,001,Aromatherapy Fundamentals,A-,1,Janet Tomaino,toma0131,CSPH 5503
1265,UMNTC,UMNTC,CSPH,5503,001,Aromatherapy Fundamentals,B+,1,Janet Tomaino,toma0131,CSPH 5503
1265,UMNTC,UMNTC,CSPH,5503,001,Aromatherapy Fundamentals,S,1,Janet Tomaino,toma0131,CSPH 5503
1265,UMNTC,UMNTC,CSPH,5522,001,Therapeutic Horticulture,A,11,Jean Larson,larso095,CSPH 5522
1265,UMNTC,UMNTC,CSPH,5522,001,Therapeutic Horticulture,B,1,Jean Larson,larso095,CSPH 5522
1265,UMNTC,UMNTC,CSPH,5522,001,Therapeutic Horticulture,F,1,Jean Larson,larso095,CSPH 5522
1265,UMNTC,UMNTC,CSPH,5522,001,Therapeutic Horticulture,S,1,Jean Larson,larso095,CSPH 5522
1265,UMNTC,UMNTC,CSPH,5713,001,Health Coaching for Hlth Prof,A,11,Cherie O'Neill,cherie,CSPH 5713
1265,UMNTC,UMNTC,CSPH,5713,001,Health Coaching for Hlth Prof,B,1,Cherie O'Neill,cherie,CSPH 5713
1265,UMNTC,UMNTC,CSPH,5713,001,Health Coaching for Hlth Prof,B+,1,Cherie O'Neill,cherie,CSPH 5713
1265,UMNTC,UMNTC,CSPH,5713,001,Health Coaching for Hlth Prof,B-,1,Cherie O'Neill,cherie,CSPH 5713
1265,UMNTC,UMNTC,DDS,6127,001,Periodontology Clinic D4 Sum,S,86,Elham Akhlaghi,eakhdagh,DDS 6127
1265,UMNTC,UMNTC,DDS,6161,001,OMFS Clinic Rotation,N,1,Rachel Uppgaard,uppg0003,DDS 6161
1265,UMNTC,UMNTC,DDS,6161,001,OMFS Clinic Rotation,S,20,Rachel Uppgaard,uppg0003,DDS 6161
1265,UMNTC,UMNTC,DDS,6231,001,Phys Evaluation I,A,78,Nelson Rhodus,rhodu001,DDS 6231
1265,UMNTC,UMNTC,DDS,6231,001,Phys Evaluation I,B,21,Nelson Rhodus,rhodu001,DDS 6231
1265,UMNTC,UMNTC,DDS,6231,001,Phys Evaluation I,C,5,Nelson Rhodus,rhodu001,DDS 6231
1265,UMNTC,UMNTC,DDS,6412,001,Biomaterials Science II,A,51,Jae Lee,andjslee,DDS 6412
1265,UMNTC,UMNTC,DDS,6412,001,Biomaterials Science II,B,44,Jae Lee,andjslee,DDS 6412
1265,UMNTC,UMNTC,DDS,6412,001,Biomaterials Science II,C,7,Jae Lee,andjslee,DDS 6412
1265,UMNTC,UMNTC,DDS,6451,002,Intro to Endo,A,73,Rodriguez-Figueroa DDS,rodri274,DDS 6451
1265,UMNTC,UMNTC,DDS,6451,002,Intro to Endo,B,44,Rodriguez-Figueroa DDS,rodri274,DDS 6451
1265,UMNTC,UMNTC,DDS,6471,001,PC Pros Tech Lec II,A,101,Sangeeta Yadav,syadav,DDS 6471
1265,UMNTC,UMNTC,DDS,6471,001,PC Pros Tech Lec II,B,2,Sangeeta Yadav,syadav,DDS 6471
1265,UMNTC,UMNTC,DDS,6472,001,PC Pros Lab II,A,86,Sangeeta Yadav,syadav,DDS 6472
1265,UMNTC,UMNTC,DDS,6472,001,PC Pros Lab II,B,13,Sangeeta Yadav,syadav,DDS 6472
1265,UMNTC,UMNTC,DDS,6472,001,PC Pros Lab II,C,2,Sangeeta Yadav,syadav,DDS 6472
1265,UMNTC,UMNTC,DDS,6487,001,PASS Prosthodontic Technique 2,A,7,Ranier Adarve,adar0002,DDS 6487
1265,UMNTC,UMNTC,DDS,6487,001,PASS Prosthodontic Technique 2,B,9,Ranier Adarve,adar0002,DDS 6487
1265,UMNTC,UMNTC,DDS,6487,001,PASS Prosthodontic Technique 2,C,1,Ranier Adarve,adar0002,DDS 6487
1265,UMNTC,UMNTC,DDS,6491,001,PC Pros Tech Lec VI,A,36,WookJin Seong,seong001,DDS 6491
1265,UMNTC,UMNTC,DDS,6491,001,PC Pros Tech Lec VI,B,51,WookJin Seong,seong001,DDS 6491
1265,UMNTC,UMNTC,DDS,6491,001,PC Pros Tech Lec VI,C,28,WookJin Seong,seong001,DDS 6491
1265,UMNTC,UMNTC,DDS,6491,001,PC Pros Tech Lec VI,C-,2,WookJin Seong,seong001,DDS 6491
1265,UMNTC,UMNTC,DDS,6491,001,PC Pros Tech Lec VI,F,1,WookJin Seong,seong001,DDS 6491
1265,UMNTC,UMNTC,DDS,6492,001,PC Pros Tech Lab VI,A,40,WookJin Seong,seong001,DDS 6492
1265,UMNTC,UMNTC,DDS,6492,001,PC Pros Tech Lab VI,B,69,WookJin Seong,seong001,DDS 6492
1265,UMNTC,UMNTC,DDS,6492,001,PC Pros Tech Lab VI,C,11,WookJin Seong,seong001,DDS 6492
1265,UMNTC,UMNTC,DDS,6492,001,PC Pros Tech Lab VI,F,1,WookJin Seong,seong001,DDS 6492
1265,UMNTC,UMNTC,DDS,7112,001,Periodontology II-B: Technique,A,92,Lanette Wedell,rehb0015,DDS 7112
1265,UMNTC,UMNTC,DDS,7112,001,Periodontology II-B: Technique,B,11,Lanette Wedell,rehb0015,DDS 7112
1265,UMNTC,UMNTC,DH,3121,002,Local Anesthesia & Pain Mgmt,A,9,Jenny Miller,mill3930,DH 3121
1265,UMNTC,UMNTC,DH,3121,002,Local Anesthesia & Pain Mgmt,A-,8,Jenny Miller,mill3930,DH 3121
1265,UMNTC,UMNTC,DH,3121,002,Local Anesthesia & Pain Mgmt,B+,3,Jenny Miller,mill3930,DH 3121
1265,UMNTC,UMNTC,DH,3123,002,Clinical Application III,A,12,Mercedes VanDeWiele,borde111,DH 3123
1265,UMNTC,UMNTC,DH,3123,002,Clinical Application III,A-,5,Mercedes VanDeWiele,borde111,DH 3123
1265,UMNTC,UMNTC,DH,3123,002,Clinical Application III,B+,3,Mercedes VanDeWiele,borde111,DH 3123
1265,UMNTC,UMNTC,DH,3125,001,General and Oral Pathology,A,4,Danna Paulson,dannardh,DH 3125
1265,UMNTC,UMNTC,DH,3125,001,General and Oral Pathology,A-,4,Danna Paulson,dannardh,DH 3125
1265,UMNTC,UMNTC,DH,3125,001,General and Oral Pathology,B,5,Danna Paulson,dannardh,DH 3125
1265,UMNTC,UMNTC,DH,3125,001,General and Oral Pathology,B+,3,Danna Paulson,dannardh,DH 3125
1265,UMNTC,UMNTC,DH,3125,001,General and Oral Pathology,B-,3,Danna Paulson,dannardh,DH 3125
1265,UMNTC,UMNTC,DH,3125,001,General and Oral Pathology,C,1,Danna Paulson,dannardh,DH 3125
1265,UMNTC,UMNTC,DH,3134,001,Pediatric Dentistry,A,8,Danae Kotula,seyffer,DH 3134
1265,UMNTC,UMNTC,DH,3134,001,Pediatric Dentistry,A-,5,Danae Kotula,seyffer,DH 3134
1265,UMNTC,UMNTC,DH,3134,001,Pediatric Dentistry,B,2,Danae Kotula,seyffer,DH 3134
1265,UMNTC,UMNTC,DH,3134,001,Pediatric Dentistry,B+,3,Danae Kotula,seyffer,DH 3134
1265,UMNTC,UMNTC,DH,3134,001,Pediatric Dentistry,B-,2,Danae Kotula,seyffer,DH 3134
1265,UMNTC,UMNTC,DH,3211,002,Biomaterials/Restorative Tech,A,8,Drew Christianson,chri1855,DH 3211
1265,UMNTC,UMNTC,DH,3211,002,Biomaterials/Restorative Tech,A-,7,Drew Christianson,chri1855,DH 3211
1265,UMNTC,UMNTC,DH,3211,002,Biomaterials/Restorative Tech,B+,4,Drew Christianson,chri1855,DH 3211
1265,UMNTC,UMNTC,DH,3211,002,Biomaterials/Restorative Tech,B-,1,Drew Christianson,chri1855,DH 3211
1265,UMNTC,UMNTC,DH,4226,002,Clinical Application VI,A,17,Yvette Reibel,yreibel,DH 4226
1265,UMNTC,UMNTC,DH,4226,002,Clinical Application VI,B+,3,Yvette Reibel,yreibel,DH 4226
1265,UMNTC,UMNTC,DH,4234,001,Leadership: Prof Development,A,15,Cyndee Stull,stul0045,DH 4234
1265,UMNTC,UMNTC,DH,4234,001,Leadership: Prof Development,A-,4,Cyndee Stull,stul0045,DH 4234
1265,UMNTC,UMNTC,DH,4234,001,Leadership: Prof Development,B+,1,Cyndee Stull,stul0045,DH 4234
1265,UMNDL,UMNDL,ECON,1022,001,Principles of  Econ: Macro,A,4,Luiggi Donayre,adonayre,ECON 1022
1265,UMNDL,UMNDL,ECON,1022,001,Principles of  Econ: Macro,A-,2,Luiggi Donayre,adonayre,ECON 1022
1265,UMNDL,UMNDL,ECON,1022,001,Principles of  Econ: Macro,B,2,Luiggi Donayre,adonayre,ECON 1022
1265,UMNDL,UMNDL,ECON,1022,001,Principles of  Econ: Macro,B+,8,Luiggi Donayre,adonayre,ECON 1022
1265,UMNDL,UMNDL,ECON,1022,001,Principles of  Econ: Macro,B-,1,Luiggi Donayre,adonayre,ECON 1022
1265,UMNDL,UMNDL,ECON,1022,001,Principles of  Econ: Macro,C+,1,Luiggi Donayre,adonayre,ECON 1022
1265,UMNDL,UMNDL,ECON,1022,001,Principles of  Econ: Macro,F,3,Luiggi Donayre,adonayre,ECON 1022
1265,UMNDL,UMNDL,ECON,1023,001,Principles of Econ: Micro,A,4,Yufei Ren,yren,ECON 1023
1265,UMNDL,UMNDL,ECON,1023,001,Principles of Econ: Micro,A-,1,Yufei Ren,yren,ECON 1023
1265,UMNDL,UMNDL,ECON,1023,001,Principles of Econ: Micro,B,6,Yufei Ren,yren,ECON 1023
1265,UMNDL,UMNDL,ECON,1023,001,Principles of Econ: Micro,B+,4,Yufei Ren,yren,ECON 1023
1265,UMNDL,UMNDL,ECON,1023,001,Principles of Econ: Micro,C,2,Yufei Ren,yren,ECON 1023
1265,UMNDL,UMNDL,ECON,1023,001,Principles of Econ: Micro,C+,1,Yufei Ren,yren,ECON 1023
1265,UMNDL,UMNDL,ECON,1023,001,Principles of Econ: Micro,C-,1,Yufei Ren,yren,ECON 1023
1265,UMNDL,UMNDL,ECON,1023,001,Principles of Econ: Micro,F,1,Yufei Ren,yren,ECON 1023
1265,UMNTC,UMNTC,ECON,1101,004,Principles of Microeconomics,A,4,Emiliano Rivera,,ECON 1101
1265,UMNTC,UMNTC,ECON,1101,004,Principles of Microeconomics,A-,4,Emiliano Rivera,,ECON 1101
1265,UMNTC,UMNTC,ECON,1101,004,Principles of Microeconomics,B,4,Emiliano Rivera,,ECON 1101
1265,UMNTC,UMNTC,ECON,1101,004,Principles of Microeconomics,B+,1,Emiliano Rivera,,ECON 1101
1265,UMNTC,UMNTC,ECON,1101,004,Principles of Microeconomics,C,3,Emiliano Rivera,,ECON 1101
1265,UMNTC,UMNTC,ECON,1101,004,Principles of Microeconomics,C+,3,Emiliano Rivera,,ECON 1101
1265,UMNTC,UMNTC,ECON,1101,004,Principles of Microeconomics,F,2,Emiliano Rivera,,ECON 1101
1265,UMNTC,UMNTC,ECON,1101,004,Principles of Microeconomics,W,1,Emiliano Rivera,,ECON 1101
1265,UMNTC,UMNTC,ECON,1101,301,Principles of Microeconomics,A,4,Aidan Carr,,ECON 1101
1265,UMNTC,UMNTC,ECON,1101,301,Principles of Microeconomics,A-,3,Aidan Carr,,ECON 1101
1265,UMNTC,UMNTC,ECON,1101,301,Principles of Microeconomics,B,3,Aidan Carr,,ECON 1101
1265,UMNTC,UMNTC,ECON,1101,301,Principles of Microeconomics,B+,3,Aidan Carr,,ECON 1101
1265,UMNTC,UMNTC,ECON,1101,301,Principles of Microeconomics,B-,5,Aidan Carr,,ECON 1101
1265,UMNTC,UMNTC,ECON,1101,301,Principles of Microeconomics,C,1,Aidan Carr,,ECON 1101
1265,UMNTC,UMNTC,ECON,1101,301,Principles of Microeconomics,C+,3,Aidan Carr,,ECON 1101
1265,UMNTC,UMNTC,ECON,1101,301,Principles of Microeconomics,D,3,Aidan Carr,,ECON 1101
1265,UMNTC,UMNTC,ECON,1101,301,Principles of Microeconomics,F,3,Aidan Carr,,ECON 1101
1265,UMNTC,UMNTC,ECON,1101,301,Principles of Microeconomics,S,1,Aidan Carr,,ECON 1101
1265,UMNTC,UMNTC,ECON,1101,301,Principles of Microeconomics,W,3,Aidan Carr,,ECON 1101
1265,UMNTC,UMNTC,ECON,1102,002,Principles Macro,A,5,Bruno Freitas,estev043,ECON 1102
1265,UMNTC,UMNTC,ECON,1102,002,Principles Macro,B,3,Bruno Freitas,estev043,ECON 1102
1265,UMNTC,UMNTC,ECON,1102,002,Principles Macro,B-,1,Bruno Freitas,estev043,ECON 1102
1265,UMNTC,UMNTC,ECON,1102,002,Principles Macro,D,1,Bruno Freitas,estev043,ECON 1102
1265,UMNTC,UMNTC,ECON,1102,301,Principles Macro,A,2,Pamela Ramos Blanco,ramos316,ECON 1102
1265,UMNTC,UMNTC,ECON,1102,301,Principles Macro,A-,5,Pamela Ramos Blanco,ramos316,ECON 1102
1265,UMNTC,UMNTC,ECON,1102,301,Principles Macro,B,2,Pamela Ramos Blanco,ramos316,ECON 1102
1265,UMNTC,UMNTC,ECON,1102,301,Principles Macro,B+,4,Pamela Ramos Blanco,ramos316,ECON 1102
1265,UMNTC,UMNTC,ECON,1102,301,Principles Macro,B-,1,Pamela Ramos Blanco,ramos316,ECON 1102
1265,UMNTC,UMNTC,ECON,1102,301,Principles Macro,C,1,Pamela Ramos Blanco,ramos316,ECON 1102
1265,UMNTC,UMNTC,ECON,1102,301,Principles Macro,C+,1,Pamela Ramos Blanco,ramos316,ECON 1102
1265,UMNTC,UMNTC,ECON,1102,301,Principles Macro,C-,1,Pamela Ramos Blanco,ramos316,ECON 1102
1265,UMNTC,UMNTC,ECON,1102,301,Principles Macro,D+,1,Pamela Ramos Blanco,ramos316,ECON 1102
1265,UMNTC,UMNTC,ECON,1102,301,Principles Macro,F,5,Pamela Ramos Blanco,ramos316,ECON 1102
1265,UMNTC,UMNTC,ECON,1102,301,Principles Macro,W,2,Pamela Ramos Blanco,ramos316,ECON 1102
1265,UMNDL,UMNDL,ECON,2030,001,Applied Statistics,A,18,Neil Wilmot,nwilmot,ECON 2030
1265,UMNDL,UMNDL,ECON,2030,001,Applied Statistics,A-,1,Neil Wilmot,nwilmot,ECON 2030
1265,UMNDL,UMNDL,ECON,2030,001,Applied Statistics,B,1,Neil Wilmot,nwilmot,ECON 2030
1265,UMNDL,UMNDL,ECON,2030,001,Applied Statistics,B+,2,Neil Wilmot,nwilmot,ECON 2030
1265,UMNDL,UMNDL,ECON,2030,001,Applied Statistics,B-,1,Neil Wilmot,nwilmot,ECON 2030
1265,UMNDL,UMNDL,ECON,2030,001,Applied Statistics,C+,1,Neil Wilmot,nwilmot,ECON 2030
1265,UMNDL,UMNDL,ECON,2030,001,Applied Statistics,D,1,Neil Wilmot,nwilmot,ECON 2030
1265,UMNDL,UMNDL,ECON,2030,001,Applied Statistics,F,1,Neil Wilmot,nwilmot,ECON 2030
1265,UMNCR,UMNCR,ECON,2101,E90,Microeconomics,A,4,Oxana Wieland,wiel0057,ECON 2101
1265,UMNCR,UMNCR,ECON,2101,E90,Microeconomics,A-,3,Oxana Wieland,wiel0057,ECON 2101
1265,UMNCR,UMNCR,ECON,2101,E90,Microeconomics,B,7,Oxana Wieland,wiel0057,ECON 2101
1265,UMNCR,UMNCR,ECON,2101,E90,Microeconomics,B+,1,Oxana Wieland,wiel0057,ECON 2101
1265,UMNCR,UMNCR,ECON,2101,E90,Microeconomics,C,2,Oxana Wieland,wiel0057,ECON 2101
1265,UMNCR,UMNCR,ECON,2101,E90,Microeconomics,C+,2,Oxana Wieland,wiel0057,ECON 2101
1265,UMNCR,UMNCR,ECON,2101,E90,Microeconomics,D,2,Oxana Wieland,wiel0057,ECON 2101
1265,UMNCR,UMNCR,ECON,2101,E90,Microeconomics,D+,1,Oxana Wieland,wiel0057,ECON 2101
1265,UMNCR,UMNCR,ECON,2101,E90,Microeconomics,F,6,Oxana Wieland,wiel0057,ECON 2101
1265,UMNCR,UMNCR,ECON,2101,E90,Microeconomics,W,1,Oxana Wieland,wiel0057,ECON 2101
1265,UMNCR,UMNCR,ECON,2101,E91,Microeconomics,A,4,Oxana Wieland,wiel0057,ECON 2101
1265,UMNCR,UMNCR,ECON,2101,E91,Microeconomics,A-,6,Oxana Wieland,wiel0057,ECON 2101
1265,UMNCR,UMNCR,ECON,2101,E91,Microeconomics,B,5,Oxana Wieland,wiel0057,ECON 2101
1265,UMNCR,UMNCR,ECON,2101,E91,Microeconomics,B+,1,Oxana Wieland,wiel0057,ECON 2101
1265,UMNCR,UMNCR,ECON,2101,E91,Microeconomics,B-,2,Oxana Wieland,wiel0057,ECON 2101
1265,UMNCR,UMNCR,ECON,2101,E91,Microeconomics,C,1,Oxana Wieland,wiel0057,ECON 2101
1265,UMNCR,UMNCR,ECON,2101,E91,Microeconomics,C+,1,Oxana Wieland,wiel0057,ECON 2101
1265,UMNCR,UMNCR,ECON,2101,E91,Microeconomics,C-,2,Oxana Wieland,wiel0057,ECON 2101
1265,UMNCR,UMNCR,ECON,2101,E91,Microeconomics,D,1,Oxana Wieland,wiel0057,ECON 2101
1265,UMNCR,UMNCR,ECON,2101,E91,Microeconomics,F,2,Oxana Wieland,wiel0057,ECON 2101
1265,UMNCR,UMNCR,ECON,2101,E91,Microeconomics,W,4,Oxana Wieland,wiel0057,ECON 2101
1265,UMNCR,UMNCR,ECON,2102,E90,Macroeconomics,A,6,Greg Evans,evan1125,ECON 2102
1265,UMNCR,UMNCR,ECON,2102,E90,Macroeconomics,A-,5,Greg Evans,evan1125,ECON 2102
1265,UMNCR,UMNCR,ECON,2102,E90,Macroeconomics,B,2,Greg Evans,evan1125,ECON 2102
1265,UMNCR,UMNCR,ECON,2102,E90,Macroeconomics,B+,2,Greg Evans,evan1125,ECON 2102
1265,UMNCR,UMNCR,ECON,2102,E90,Macroeconomics,B-,2,Greg Evans,evan1125,ECON 2102
1265,UMNCR,UMNCR,ECON,2102,E90,Macroeconomics,C,2,Greg Evans,evan1125,ECON 2102
1265,UMNCR,UMNCR,ECON,2102,E90,Macroeconomics,D,1,Greg Evans,evan1125,ECON 2102
1265,UMNCR,UMNCR,ECON,2102,E90,Macroeconomics,D+,1,Greg Evans,evan1125,ECON 2102
1265,UMNCR,UMNCR,ECON,2102,E90,Macroeconomics,W,5,Greg Evans,evan1125,ECON 2102
1265,UMNTC,UMNTC,ECON,3011,002,Intermediate Microeconomics I,A,14,Pavel Koval,koval084,ECON 3011
1265,UMNTC,UMNTC,ECON,3011,002,Intermediate Microeconomics I,A-,2,Pavel Koval,koval084,ECON 3011
1265,UMNTC,UMNTC,ECON,3011,002,Intermediate Microeconomics I,B,5,Pavel Koval,koval084,ECON 3011
1265,UMNTC,UMNTC,ECON,3011,002,Intermediate Microeconomics I,C,3,Pavel Koval,koval084,ECON 3011
1265,UMNTC,UMNTC,ECON,3011,002,Intermediate Microeconomics I,C+,1,Pavel Koval,koval084,ECON 3011
1265,UMNTC,UMNTC,ECON,3011,002,Intermediate Microeconomics I,C-,4,Pavel Koval,koval084,ECON 3011
1265,UMNTC,UMNTC,ECON,3011,002,Intermediate Microeconomics I,F,3,Pavel Koval,koval084,ECON 3011
1265,UMNTC,UMNTC,ECON,3012,002,Intermediate Microeconomics II,A,18,Martin Dibarrart,dibar012,ECON 3012
1265,UMNTC,UMNTC,ECON,3012,002,Intermediate Microeconomics II,A-,4,Martin Dibarrart,dibar012,ECON 3012
1265,UMNTC,UMNTC,ECON,3012,002,Intermediate Microeconomics II,B,3,Martin Dibarrart,dibar012,ECON 3012
1265,UMNTC,UMNTC,ECON,3012,002,Intermediate Microeconomics II,B+,1,Martin Dibarrart,dibar012,ECON 3012
1265,UMNTC,UMNTC,ECON,3012,002,Intermediate Microeconomics II,B-,1,Martin Dibarrart,dibar012,ECON 3012
1265,UMNTC,UMNTC,ECON,3012,002,Intermediate Microeconomics II,C,2,Martin Dibarrart,dibar012,ECON 3012
1265,UMNTC,UMNTC,ECON,3012,002,Intermediate Microeconomics II,C+,1,Martin Dibarrart,dibar012,ECON 3012
1265,UMNTC,UMNTC,ECON,3012,002,Intermediate Microeconomics II,C-,2,Martin Dibarrart,dibar012,ECON 3012
1265,UMNTC,UMNTC,ECON,3012,002,Intermediate Microeconomics II,F,2,Martin Dibarrart,dibar012,ECON 3012
1265,UMNTC,UMNTC,ECON,3023,002,Intermediate Macroeconomics I,A,14,Samed Kucukikiz,kucuk013,ECON 3023
1265,UMNTC,UMNTC,ECON,3023,002,Intermediate Macroeconomics I,A-,2,Samed Kucukikiz,kucuk013,ECON 3023
1265,UMNTC,UMNTC,ECON,3023,002,Intermediate Macroeconomics I,B,4,Samed Kucukikiz,kucuk013,ECON 3023
1265,UMNTC,UMNTC,ECON,3023,002,Intermediate Macroeconomics I,B+,2,Samed Kucukikiz,kucuk013,ECON 3023
1265,UMNTC,UMNTC,ECON,3023,002,Intermediate Macroeconomics I,B-,2,Samed Kucukikiz,kucuk013,ECON 3023
1265,UMNTC,UMNTC,ECON,3023,002,Intermediate Macroeconomics I,C,6,Samed Kucukikiz,kucuk013,ECON 3023
1265,UMNTC,UMNTC,ECON,3023,002,Intermediate Macroeconomics I,C+,2,Samed Kucukikiz,kucuk013,ECON 3023
1265,UMNTC,UMNTC,ECON,3023,002,Intermediate Macroeconomics I,C-,4,Samed Kucukikiz,kucuk013,ECON 3023
1265,UMNTC,UMNTC,ECON,3023,002,Intermediate Macroeconomics I,D,3,Samed Kucukikiz,kucuk013,ECON 3023
1265,UMNTC,UMNTC,ECON,3023,002,Intermediate Macroeconomics I,F,1,Samed Kucukikiz,kucuk013,ECON 3023
1265,UMNTC,UMNTC,ECON,3023,002,Intermediate Macroeconomics I,W,2,Samed Kucukikiz,kucuk013,ECON 3023
1265,UMNTC,UMNTC,ECON,3024,002,Intermediate Macroeconomics II,A,10,Samson Shen,shen0624,ECON 3024
1265,UMNTC,UMNTC,ECON,3024,002,Intermediate Macroeconomics II,A-,1,Samson Shen,shen0624,ECON 3024
1265,UMNTC,UMNTC,ECON,3024,002,Intermediate Macroeconomics II,B,7,Samson Shen,shen0624,ECON 3024
1265,UMNTC,UMNTC,ECON,3024,002,Intermediate Macroeconomics II,B+,2,Samson Shen,shen0624,ECON 3024
1265,UMNTC,UMNTC,ECON,3024,002,Intermediate Macroeconomics II,B-,3,Samson Shen,shen0624,ECON 3024
1265,UMNTC,UMNTC,ECON,3024,002,Intermediate Macroeconomics II,C,2,Samson Shen,shen0624,ECON 3024
1265,UMNTC,UMNTC,ECON,3024,002,Intermediate Macroeconomics II,C+,6,Samson Shen,shen0624,ECON 3024
1265,UMNTC,UMNTC,ECON,3024,002,Intermediate Macroeconomics II,C-,5,Samson Shen,shen0624,ECON 3024
1265,UMNTC,UMNTC,ECON,3024,002,Intermediate Macroeconomics II,D,1,Samson Shen,shen0624,ECON 3024
1265,UMNTC,UMNTC,ECON,3024,002,Intermediate Macroeconomics II,F,1,Samson Shen,shen0624,ECON 3024
1265,UMNTC,UMNTC,ECON,3024,002,Intermediate Macroeconomics II,W,2,Samson Shen,shen0624,ECON 3024
1265,UMNDL,UMNDL,ECON,3311,001,Money and Banking,A,44,Ariuna Taivan,ataivan,ECON 3311
1265,UMNDL,UMNDL,ECON,3311,001,Money and Banking,A-,2,Ariuna Taivan,ataivan,ECON 3311
1265,UMNDL,UMNDL,ECON,3311,001,Money and Banking,B,1,Ariuna Taivan,ataivan,ECON 3311
1265,UMNDL,UMNDL,ECON,3311,001,Money and Banking,B+,1,Ariuna Taivan,ataivan,ECON 3311
1265,UMNDL,UMNDL,ECON,3311,001,Money and Banking,C,1,Ariuna Taivan,ataivan,ECON 3311
1265,UMNDL,UMNDL,ECON,3311,001,Money and Banking,C-,1,Ariuna Taivan,ataivan,ECON 3311
1265,UMNDL,UMNDL,ECON,3311,001,Money and Banking,F,2,Ariuna Taivan,ataivan,ECON 3311
1265,UMNDL,UMNDL,ECON,3402,001,Global Economic Issues,A,5,Bedassa Tadesse,btadesse,ECON 3402
1265,UMNDL,UMNDL,ECON,3402,001,Global Economic Issues,A-,8,Bedassa Tadesse,btadesse,ECON 3402
1265,UMNDL,UMNDL,ECON,3402,001,Global Economic Issues,B,8,Bedassa Tadesse,btadesse,ECON 3402
1265,UMNDL,UMNDL,ECON,3402,001,Global Economic Issues,B+,7,Bedassa Tadesse,btadesse,ECON 3402
1265,UMNDL,UMNDL,ECON,3402,001,Global Economic Issues,B-,5,Bedassa Tadesse,btadesse,ECON 3402
1265,UMNDL,UMNDL,ECON,3402,001,Global Economic Issues,C,3,Bedassa Tadesse,btadesse,ECON 3402
1265,UMNDL,UMNDL,ECON,3402,001,Global Economic Issues,C+,2,Bedassa Tadesse,btadesse,ECON 3402
1265,UMNDL,UMNDL,ECON,3402,001,Global Economic Issues,D,1,Bedassa Tadesse,btadesse,ECON 3402
1265,UMNDL,UMNDL,ECON,3402,001,Global Economic Issues,D+,1,Bedassa Tadesse,btadesse,ECON 3402
1265,UMNDL,UMNDL,ECON,3402,001,Global Economic Issues,F,2,Bedassa Tadesse,btadesse,ECON 3402
1265,UMNDL,UMNDL,ECON,3402,001,Global Economic Issues,W,1,Bedassa Tadesse,btadesse,ECON 3402
1265,UMNTC,UMNTC,ECON,3951,001,Economics Capstone,A,4,Jessie Dickens,,ECON 3951
1265,UMNTC,UMNTC,ECON,3951,001,Economics Capstone,A-,6,Jessie Dickens,,ECON 3951
1265,UMNTC,UMNTC,ECON,3951,001,Economics Capstone,B,2,Jessie Dickens,,ECON 3951
1265,UMNTC,UMNTC,ECON,3951,001,Economics Capstone,F,2,Jessie Dickens,,ECON 3951
1265,UMNTC,UMNTC,ECON,4331W,001,Economic Development,A,8,Damien Hellier,,ECON 4331W
1265,UMNTC,UMNTC,ECON,4331W,001,Economic Development,A-,5,Damien Hellier,,ECON 4331W
1265,UMNTC,UMNTC,ECON,4331W,001,Economic Development,B,6,Damien Hellier,,ECON 4331W
1265,UMNTC,UMNTC,ECON,4331W,001,Economic Development,B+,3,Damien Hellier,,ECON 4331W
1265,UMNTC,UMNTC,ECON,4331W,001,Economic Development,C,1,Damien Hellier,,ECON 4331W
1265,UMNTC,UMNTC,ECON,4331W,001,Economic Development,C+,5,Damien Hellier,,ECON 4331W
1265,UMNTC,UMNTC,ECON,4331W,001,Economic Development,C-,2,Damien Hellier,,ECON 4331W
1265,UMNTC,UMNTC,ECON,4331W,001,Economic Development,F,4,Damien Hellier,,ECON 4331W
1265,UMNTC,UMNTC,ECON,4331W,001,Economic Development,W,2,Damien Hellier,,ECON 4331W
1265,UMNTC,UMNTC,ECON,4428,500,LDN: Economy Trade Environment,A,13,Fahima Aziz,azizx002,ECON 4428
1265,UMNTC,UMNTC,ECON,4428,500,LDN: Economy Trade Environment,A-,1,Fahima Aziz,azizx002,ECON 4428
1265,UMNTC,UMNTC,ECON,4751,001,Financial Economics,A,6,Hasan Cetin,,ECON 4751
1265,UMNTC,UMNTC,ECON,4751,001,Financial Economics,A-,2,Hasan Cetin,,ECON 4751
1265,UMNTC,UMNTC,ECON,4751,001,Financial Economics,B,7,Hasan Cetin,,ECON 4751
1265,UMNTC,UMNTC,ECON,4751,001,Financial Economics,B+,2,Hasan Cetin,,ECON 4751
1265,UMNTC,UMNTC,ECON,4751,001,Financial Economics,C+,6,Hasan Cetin,,ECON 4751
1265,UMNTC,UMNTC,ECON,4751,001,Financial Economics,C-,1,Hasan Cetin,,ECON 4751
1265,UMNTC,UMNTC,ECON,4751,001,Financial Economics,W,1,Hasan Cetin,,ECON 4751
1265,UMNTC,UMNTC,ECON,4831,001,Cost-Benefit Analysis,A,6,Luca Donghi,,ECON 4831
1265,UMNTC,UMNTC,ECON,4831,001,Cost-Benefit Analysis,A-,1,Luca Donghi,,ECON 4831
1265,UMNTC,UMNTC,ECON,4831,001,Cost-Benefit Analysis,B,3,Luca Donghi,,ECON 4831
1265,UMNTC,UMNTC,ECON,4831,001,Cost-Benefit Analysis,B+,1,Luca Donghi,,ECON 4831
1265,UMNTC,UMNTC,ECON,4831,001,Cost-Benefit Analysis,B-,1,Luca Donghi,,ECON 4831
1265,UMNTC,UMNTC,ECON,4831,001,Cost-Benefit Analysis,C,1,Luca Donghi,,ECON 4831
1265,UMNTC,UMNTC,ECON,4831,001,Cost-Benefit Analysis,C+,2,Luca Donghi,,ECON 4831
1265,UMNTC,UMNTC,ECON,4831,001,Cost-Benefit Analysis,C-,4,Luca Donghi,,ECON 4831
1265,UMNTC,UMNTC,ECON,4831,001,Cost-Benefit Analysis,W,1,Luca Donghi,,ECON 4831
1265,UMNMO,UMNMO,ED,2201W,098,Perspectives/Young Adult Lit,A,1,Michelle Page,pagem,ED 2201W
1265,UMNMO,UMNMO,ED,2201W,098,Perspectives/Young Adult Lit,A-,2,Michelle Page,pagem,ED 2201W
1265,UMNMO,UMNMO,ED,2201W,098,Perspectives/Young Adult Lit,B-,2,Michelle Page,pagem,ED 2201W
1265,UMNMO,UMNMO,ED,2201W,098,Perspectives/Young Adult Lit,C,2,Michelle Page,pagem,ED 2201W
1265,UMNMO,UMNMO,ED,2201W,098,Perspectives/Young Adult Lit,C-,1,Michelle Page,pagem,ED 2201W
1265,UMNMO,UMNMO,ED,2201W,098,Perspectives/Young Adult Lit,W,3,Michelle Page,pagem,ED 2201W
1265,UMNDL,UMNDL,EDUC,1002,030,Development and Learning,A,4,Ariri Onchwari,jonchwar,EDUC 1002
1265,UMNDL,UMNDL,EDUC,1002,030,Development and Learning,A-,2,Ariri Onchwari,jonchwar,EDUC 1002
1265,UMNDL,UMNDL,EDUC,1002,030,Development and Learning,B,1,Ariri Onchwari,jonchwar,EDUC 1002
1265,UMNDL,UMNDL,EDUC,1002,030,Development and Learning,B-,3,Ariri Onchwari,jonchwar,EDUC 1002
1265,UMNDL,UMNDL,EDUC,1002,030,Development and Learning,F,2,Ariri Onchwari,jonchwar,EDUC 1002
1265,UMNDL,UMNDL,EDUC,1101,030,Education in Modern Society,A,14,Chang'aa Mweti,cmweti,EDUC 1101
1265,UMNDL,UMNDL,EDUC,1101,030,Education in Modern Society,A-,2,Chang'aa Mweti,cmweti,EDUC 1101
1265,UMNDL,UMNDL,EDUC,2105,030,White Identity in the US,A,16,Hope Kitts,hkitts,EDUC 2105
1265,UMNDL,UMNDL,EDUC,2105,030,White Identity in the US,A-,6,Hope Kitts,hkitts,EDUC 2105
1265,UMNDL,UMNDL,EDUC,2105,030,White Identity in the US,B,1,Hope Kitts,hkitts,EDUC 2105
1265,UMNDL,UMNDL,EDUC,2105,030,White Identity in the US,B+,5,Hope Kitts,hkitts,EDUC 2105
1265,UMNDL,UMNDL,EDUC,2105,030,White Identity in the US,C-,1,Hope Kitts,hkitts,EDUC 2105
1265,UMNDL,UMNDL,EDUC,2105,030,White Identity in the US,F,1,Hope Kitts,hkitts,EDUC 2105
1265,UMNTC,UMNTC,EE,2015,002,Signals Circuits & Electronics,A,3,Cheol-Hong Min,minxx016,EE 2015
1265,UMNTC,UMNTC,EE,2015,002,Signals Circuits & Electronics,A-,1,Cheol-Hong Min,minxx016,EE 2015
1265,UMNTC,UMNTC,EE,2015,002,Signals Circuits & Electronics,B,2,Cheol-Hong Min,minxx016,EE 2015
1265,UMNTC,UMNTC,EE,2015,002,Signals Circuits & Electronics,B+,1,Cheol-Hong Min,minxx016,EE 2015
1265,UMNTC,UMNTC,EE,2015,002,Signals Circuits & Electronics,B-,1,Cheol-Hong Min,minxx016,EE 2015
1265,UMNTC,UMNTC,EE,2015,002,Signals Circuits & Electronics,C-,2,Cheol-Hong Min,minxx016,EE 2015
1265,UMNTC,UMNTC,EE,2015,002,Signals Circuits & Electronics,D,1,Cheol-Hong Min,minxx016,EE 2015
1265,UMNTC,UMNTC,EE,2015,002,Signals Circuits & Electronics,W,2,Cheol-Hong Min,minxx016,EE 2015
1265,UMNTC,UMNTC,EE,2015,003,Signals Circuits & Electronics,A-,1,Cheol-Hong Min,minxx016,EE 2015
1265,UMNTC,UMNTC,EE,2015,003,Signals Circuits & Electronics,B,2,Cheol-Hong Min,minxx016,EE 2015
1265,UMNTC,UMNTC,EE,2015,003,Signals Circuits & Electronics,B-,1,Cheol-Hong Min,minxx016,EE 2015
1265,UMNTC,UMNTC,EE,2015,003,Signals Circuits & Electronics,C,1,Cheol-Hong Min,minxx016,EE 2015
1265,UMNTC,UMNTC,EE,2015,003,Signals Circuits & Electronics,C-,4,Cheol-Hong Min,minxx016,EE 2015
1265,UMNTC,UMNTC,EE,2015,003,Signals Circuits & Electronics,D,1,Cheol-Hong Min,minxx016,EE 2015
1265,UMNTC,UMNTC,EE,2015,003,Signals Circuits & Electronics,W,2,Cheol-Hong Min,minxx016,EE 2015
1265,UMNTC,UMNTC,EE,2301,002,Intro to Digital System Design,A,1,Sharat Batra,batra052,EE 2301
1265,UMNTC,UMNTC,EE,2301,002,Intro to Digital System Design,A-,1,Sharat Batra,batra052,EE 2301
1265,UMNTC,UMNTC,EE,2301,002,Intro to Digital System Design,B,5,Sharat Batra,batra052,EE 2301
1265,UMNTC,UMNTC,EE,2301,002,Intro to Digital System Design,B+,2,Sharat Batra,batra052,EE 2301
1265,UMNTC,UMNTC,EE,2301,002,Intro to Digital System Design,C+,1,Sharat Batra,batra052,EE 2301
1265,UMNTC,UMNTC,EE,2301,002,Intro to Digital System Design,C-,1,Sharat Batra,batra052,EE 2301
1265,UMNTC,UMNTC,EE,2301,002,Intro to Digital System Design,F,1,Sharat Batra,batra052,EE 2301
1265,UMNTC,UMNTC,EE,2361,002,Intro to Microcontrollers,A,3,Kenan Baltaci,balta031,EE 2361
1265,UMNTC,UMNTC,EE,2361,002,Intro to Microcontrollers,B,1,Kenan Baltaci,balta031,EE 2361
1265,UMNTC,UMNTC,EE,2361,002,Intro to Microcontrollers,B+,4,Kenan Baltaci,balta031,EE 2361
1265,UMNTC,UMNTC,EE,2361,002,Intro to Microcontrollers,B-,1,Kenan Baltaci,balta031,EE 2361
1265,UMNTC,UMNTC,EE,2361,002,Intro to Microcontrollers,C-,2,Kenan Baltaci,balta031,EE 2361
1265,UMNTC,UMNTC,EE,3005,001,Fundamentals EE,A,2,Jeong-Hyun Cho,jcho,EE 3005
1265,UMNTC,UMNTC,EE,3005,001,Fundamentals EE,A-,2,Jeong-Hyun Cho,jcho,EE 3005
1265,UMNTC,UMNTC,EE,3005,001,Fundamentals EE,B,3,Jeong-Hyun Cho,jcho,EE 3005
1265,UMNTC,UMNTC,EE,3005,001,Fundamentals EE,B+,2,Jeong-Hyun Cho,jcho,EE 3005
1265,UMNTC,UMNTC,EE,3005,001,Fundamentals EE,B-,1,Jeong-Hyun Cho,jcho,EE 3005
1265,UMNTC,UMNTC,EE,3005,001,Fundamentals EE,C,1,Jeong-Hyun Cho,jcho,EE 3005
1265,UMNTC,UMNTC,EE,3005,001,Fundamentals EE,C-,1,Jeong-Hyun Cho,jcho,EE 3005
1265,UMNTC,UMNTC,EE,3005,001,Fundamentals EE,D,1,Jeong-Hyun Cho,jcho,EE 3005
1265,UMNTC,UMNTC,EE,3005,001,Fundamentals EE,F,1,Jeong-Hyun Cho,jcho,EE 3005
1265,UMNTC,UMNTC,EE,5373,001,Data Modeling Using R,A,7,Alexander Dukart,dukar014,EE 5373
1265,UMNTC,UMNTC,EE,5373,001,Data Modeling Using R,B,2,Alexander Dukart,dukar014,EE 5373
1265,UMNTC,UMNTC,EE,5373,001,Data Modeling Using R,B+,1,Alexander Dukart,dukar014,EE 5373
1265,UMNTC,UMNTC,EEB,3407,002,Ecology,A,15,Mariana Cardenas Henao,,EEB 3407
1265,UMNTC,UMNTC,EEB,3407,002,Ecology,A-,7,Mariana Cardenas Henao,,EEB 3407
1265,UMNTC,UMNTC,EEB,3407,002,Ecology,B,2,Mariana Cardenas Henao,,EEB 3407
1265,UMNTC,UMNTC,EEB,3407,002,Ecology,B+,5,Mariana Cardenas Henao,,EEB 3407
1265,UMNTC,UMNTC,EEB,3407,002,Ecology,B-,1,Mariana Cardenas Henao,,EEB 3407
1265,UMNTC,UMNTC,EEB,3407,002,Ecology,C-,1,Mariana Cardenas Henao,,EEB 3407
1265,UMNTC,UMNTC,EEB,3407,002,Ecology,F,1,Mariana Cardenas Henao,,EEB 3407
1265,UMNTC,UMNTC,EEB,4839,001,Field Studies in Mammalogy,A,6,Joe Whittaker,whit0243,EEB 4839
1265,UMNTC,UMNTC,EEB,4839,001,Field Studies in Mammalogy,A-,2,Joe Whittaker,whit0243,EEB 4839
1265,UMNTC,UMNTC,EEB,4839,001,Field Studies in Mammalogy,B,4,Joe Whittaker,whit0243,EEB 4839
1265,UMNTC,UMNTC,EEB,4839,001,Field Studies in Mammalogy,C+,1,Joe Whittaker,whit0243,EEB 4839
1265,UMNTC,UMNTC,EEB,4844,001,Field Ornithology,A,7,Fred Beaudry,fbeaudry,EEB 4844
1265,UMNTC,UMNTC,EEB,4844,001,Field Ornithology,A-,3,Fred Beaudry,fbeaudry,EEB 4844
1265,UMNTC,UMNTC,EEB,4844,001,Field Ornithology,B,2,Fred Beaudry,fbeaudry,EEB 4844
1265,UMNTC,UMNTC,EEB,4844,001,Field Ornithology,B+,1,Fred Beaudry,fbeaudry,EEB 4844
1265,UMNTC,UMNTC,EEB,4844,001,Field Ornithology,B-,1,Fred Beaudry,fbeaudry,EEB 4844
1265,UMNTC,UMNTC,EEB,4844,001,Field Ornithology,F,1,Fred Beaudry,fbeaudry,EEB 4844
1265,UMNDL,UMNDL,EES,4500,001,Field Geology,A,2,Michael Braunagel,braun578,EES 4500
1265,UMNDL,UMNDL,EES,4500,001,Field Geology,A-,1,Michael Braunagel,braun578,EES 4500
1265,UMNDL,UMNDL,EES,4500,001,Field Geology,B,4,Michael Braunagel,braun578,EES 4500
1265,UMNDL,UMNDL,EES,4500,001,Field Geology,B+,1,Michael Braunagel,braun578,EES 4500
1265,UMNDL,UMNDL,EES,4500,001,Field Geology,B-,1,Michael Braunagel,braun578,EES 4500
1265,UMNDL,UMNDL,EES,4500,001,Field Geology,C,2,Michael Braunagel,braun578,EES 4500
1265,UMNDL,UMNDL,EES,4500,001,Field Geology,C+,1,Michael Braunagel,braun578,EES 4500
1265,UMNDL,UMNDL,EES,4500,001,Field Geology,C-,1,Michael Braunagel,braun578,EES 4500
1265,UMNDL,UMNDL,EES,4500,001,Field Geology,W,1,Michael Braunagel,braun578,EES 4500
1265,UMNDL,UMNDL,ENED,1700,001,Equity in Child. Nat. Studies,A,9,Elizabeth Boileau,eboileau,ENED 1700
1265,UMNDL,UMNDL,ENED,1700,001,Equity in Child. Nat. Studies,A-,1,Elizabeth Boileau,eboileau,ENED 1700
1265,UMNDL,UMNDL,ENED,1700,001,Equity in Child. Nat. Studies,B,1,Elizabeth Boileau,eboileau,ENED 1700
1265,UMNDL,UMNDL,ENED,1700,001,Equity in Child. Nat. Studies,B-,2,Elizabeth Boileau,eboileau,ENED 1700
1265,UMNDL,UMNDL,ENED,1700,001,Equity in Child. Nat. Studies,C+,1,Elizabeth Boileau,eboileau,ENED 1700
1265,UMNDL,UMNDL,ENED,1700,001,Equity in Child. Nat. Studies,C-,1,Elizabeth Boileau,eboileau,ENED 1700
1265,UMNDL,UMNDL,ENED,1700,001,Equity in Child. Nat. Studies,D,1,Elizabeth Boileau,eboileau,ENED 1700
1265,UMNTC,UMNTC,ENGL,1001W,001,Introduction to Literature,A,13,Stephanie Liang,,ENGL 1001W
1265,UMNTC,UMNTC,ENGL,1001W,001,Introduction to Literature,A-,5,Stephanie Liang,,ENGL 1001W
1265,UMNTC,UMNTC,ENGL,1001W,001,Introduction to Literature,B+,2,Stephanie Liang,,ENGL 1001W
1265,UMNTC,UMNTC,ENGL,1001W,001,Introduction to Literature,F,1,Stephanie Liang,,ENGL 1001W
1265,UMNTC,UMNTC,ENGL,1001W,001,Introduction to Literature,S,3,Stephanie Liang,,ENGL 1001W
1265,UMNTC,UMNTC,ENGL,1001W,001,Introduction to Literature,W,1,Stephanie Liang,,ENGL 1001W
1265,UMNTC,UMNTC,ENGL,1001W,002,Introduction to Literature,A,7,Hannah St. Francis,,ENGL 1001W
1265,UMNTC,UMNTC,ENGL,1001W,002,Introduction to Literature,A-,4,Hannah St. Francis,,ENGL 1001W
1265,UMNTC,UMNTC,ENGL,1001W,002,Introduction to Literature,B-,3,Hannah St. Francis,,ENGL 1001W
1265,UMNTC,UMNTC,ENGL,1001W,002,Introduction to Literature,D,1,Hannah St. Francis,,ENGL 1001W
1265,UMNTC,UMNTC,ENGL,1001W,002,Introduction to Literature,F,1,Hannah St. Francis,,ENGL 1001W
1265,UMNTC,UMNTC,ENGL,1001W,002,Introduction to Literature,S,2,Hannah St. Francis,,ENGL 1001W
1265,UMNTC,UMNTC,ENGL,1001W,002,Introduction to Literature,W,1,Hannah St. Francis,,ENGL 1001W
1265,UMNTC,UMNTC,ENGL,1004,001,Banned Books,A,19,Sachiko Hamada,,ENGL 1004
1265,UMNTC,UMNTC,ENGL,1004,001,Banned Books,A-,3,Sachiko Hamada,,ENGL 1004
1265,UMNTC,UMNTC,ENGL,1004,001,Banned Books,B+,1,Sachiko Hamada,,ENGL 1004
1265,UMNTC,UMNTC,ENGL,1004,001,Banned Books,D+,1,Sachiko Hamada,,ENGL 1004
1265,UMNTC,UMNTC,ENGL,1004,001,Banned Books,F,1,Sachiko Hamada,,ENGL 1004
1265,UMNTC,UMNTC,ENGL,1004,001,Banned Books,S,4,Sachiko Hamada,,ENGL 1004
1265,UMNTC,UMNTC,ENGL,1005,001,Reading Poetry,A,18,Sandra Del Rio Madrigal,,ENGL 1005
1265,UMNTC,UMNTC,ENGL,1005,001,Reading Poetry,A-,3,Sandra Del Rio Madrigal,,ENGL 1005
1265,UMNTC,UMNTC,ENGL,1005,001,Reading Poetry,B+,2,Sandra Del Rio Madrigal,,ENGL 1005
1265,UMNTC,UMNTC,ENGL,1005,001,Reading Poetry,F,3,Sandra Del Rio Madrigal,,ENGL 1005
1265,UMNTC,UMNTC,ENGL,1005,001,Reading Poetry,S,1,Sandra Del Rio Madrigal,,ENGL 1005
1265,UMNTC,UMNTC,ENGL,1005,001,Reading Poetry,W,1,Sandra Del Rio Madrigal,,ENGL 1005
1265,UMNCR,UMNCR,ENGL,1016,E90,"Am Lit: Race, Gender, Class",A,6,Matthew Morgenstern,mmorgens,ENGL 1016
1265,UMNCR,UMNCR,ENGL,1016,E90,"Am Lit: Race, Gender, Class",A-,2,Matthew Morgenstern,mmorgens,ENGL 1016
1265,UMNCR,UMNCR,ENGL,1016,E90,"Am Lit: Race, Gender, Class",B-,1,Matthew Morgenstern,mmorgens,ENGL 1016
1265,UMNCR,UMNCR,ENGL,1016,E90,"Am Lit: Race, Gender, Class",C+,1,Matthew Morgenstern,mmorgens,ENGL 1016
1265,UMNCR,UMNCR,ENGL,1016,E90,"Am Lit: Race, Gender, Class",C-,1,Matthew Morgenstern,mmorgens,ENGL 1016
1265,UMNCR,UMNCR,ENGL,1016,E90,"Am Lit: Race, Gender, Class",D,1,Matthew Morgenstern,mmorgens,ENGL 1016
1265,UMNCR,UMNCR,ENGL,1016,E90,"Am Lit: Race, Gender, Class",F,1,Matthew Morgenstern,mmorgens,ENGL 1016
1265,UMNCR,UMNCR,ENGL,1016,E90,"Am Lit: Race, Gender, Class",W,1,Matthew Morgenstern,mmorgens,ENGL 1016
1265,UMNTC,UMNTC,ENGL,1031,001,Intro to the Short Story,A,21,Scott Nelson,,ENGL 1031
1265,UMNTC,UMNTC,ENGL,1031,001,Intro to the Short Story,A-,3,Scott Nelson,,ENGL 1031
1265,UMNTC,UMNTC,ENGL,1031,001,Intro to the Short Story,B+,2,Scott Nelson,,ENGL 1031
1265,UMNTC,UMNTC,ENGL,1031,001,Intro to the Short Story,C+,1,Scott Nelson,,ENGL 1031
1265,UMNTC,UMNTC,ENGL,1031,001,Intro to the Short Story,F,1,Scott Nelson,,ENGL 1031
1265,UMNTC,UMNTC,ENGL,1031,001,Intro to the Short Story,S,2,Scott Nelson,,ENGL 1031
1265,UMNTC,UMNTC,ENGL,1031,002,Intro to the Short Story,A,15,Rachel Botkin,,ENGL 1031
1265,UMNTC,UMNTC,ENGL,1031,002,Intro to the Short Story,B,2,Rachel Botkin,,ENGL 1031
1265,UMNTC,UMNTC,ENGL,1031,002,Intro to the Short Story,B+,3,Rachel Botkin,,ENGL 1031
1265,UMNTC,UMNTC,ENGL,1031,002,Intro to the Short Story,F,4,Rachel Botkin,,ENGL 1031
1265,UMNTC,UMNTC,ENGL,1031,002,Intro to the Short Story,S,1,Rachel Botkin,,ENGL 1031
1265,UMNTC,UMNTC,ENGL,1051,001,"Lit, Science & Technology",A,11,Heejoon Lee,,ENGL 1051
1265,UMNTC,UMNTC,ENGL,1051,001,"Lit, Science & Technology",A-,4,Heejoon Lee,,ENGL 1051
1265,UMNTC,UMNTC,ENGL,1051,001,"Lit, Science & Technology",B,1,Heejoon Lee,,ENGL 1051
1265,UMNTC,UMNTC,ENGL,1051,001,"Lit, Science & Technology",B+,4,Heejoon Lee,,ENGL 1051
1265,UMNTC,UMNTC,ENGL,1051,001,"Lit, Science & Technology",B-,2,Heejoon Lee,,ENGL 1051
1265,UMNTC,UMNTC,ENGL,1051,001,"Lit, Science & Technology",C,1,Heejoon Lee,,ENGL 1051
1265,UMNTC,UMNTC,ENGL,1051,001,"Lit, Science & Technology",D+,1,Heejoon Lee,,ENGL 1051
1265,UMNTC,UMNTC,ENGL,1051,001,"Lit, Science & Technology",S,1,Heejoon Lee,,ENGL 1051
1265,UMNTC,UMNTC,ENGL,1051,001,"Lit, Science & Technology",W,2,Heejoon Lee,,ENGL 1051
1265,UMNTC,UMNTC,ENGL,1201W,001,Contemporary American Lit,A,19,Thomas Forrest,,ENGL 1201W
1265,UMNTC,UMNTC,ENGL,1201W,001,Contemporary American Lit,A-,1,Thomas Forrest,,ENGL 1201W
1265,UMNTC,UMNTC,ENGL,1201W,001,Contemporary American Lit,B,1,Thomas Forrest,,ENGL 1201W
1265,UMNTC,UMNTC,ENGL,1201W,001,Contemporary American Lit,B+,1,Thomas Forrest,,ENGL 1201W
1265,UMNTC,UMNTC,ENGL,1201W,001,Contemporary American Lit,S,1,Thomas Forrest,,ENGL 1201W
1265,UMNTC,UMNTC,ENGL,1201W,001,Contemporary American Lit,W,1,Thomas Forrest,,ENGL 1201W
1265,UMNTC,UMNTC,ENGL,1301W,001,US Lit & Social Injustice,A,11,Roma Lucarelli,,ENGL 1301W
1265,UMNTC,UMNTC,ENGL,1301W,001,US Lit & Social Injustice,A-,4,Roma Lucarelli,,ENGL 1301W
1265,UMNTC,UMNTC,ENGL,1301W,001,US Lit & Social Injustice,B,1,Roma Lucarelli,,ENGL 1301W
1265,UMNTC,UMNTC,ENGL,1301W,001,US Lit & Social Injustice,B+,2,Roma Lucarelli,,ENGL 1301W
1265,UMNTC,UMNTC,ENGL,1301W,001,US Lit & Social Injustice,F,2,Roma Lucarelli,,ENGL 1301W
1265,UMNTC,UMNTC,ENGL,1301W,001,US Lit & Social Injustice,S,3,Roma Lucarelli,,ENGL 1301W
1265,UMNTC,UMNTC,ENGL,1301W,002,US Lit & Social Injustice,A,3,Nicole Emanuel,,ENGL 1301W
1265,UMNTC,UMNTC,ENGL,1301W,002,US Lit & Social Injustice,A-,6,Nicole Emanuel,,ENGL 1301W
1265,UMNTC,UMNTC,ENGL,1301W,002,US Lit & Social Injustice,B,2,Nicole Emanuel,,ENGL 1301W
1265,UMNTC,UMNTC,ENGL,1301W,002,US Lit & Social Injustice,B+,8,Nicole Emanuel,,ENGL 1301W
1265,UMNTC,UMNTC,ENGL,1301W,002,US Lit & Social Injustice,C,1,Nicole Emanuel,,ENGL 1301W
1265,UMNTC,UMNTC,ENGL,1301W,002,US Lit & Social Injustice,C+,1,Nicole Emanuel,,ENGL 1301W
1265,UMNTC,UMNTC,ENGL,1301W,002,US Lit & Social Injustice,W,3,Nicole Emanuel,,ENGL 1301W
1265,UMNTC,UMNRO,ENGL,1433,001,Literature,A,14,Jennifer Wacek,jawacek,ENGL 1433
1265,UMNTC,UMNRO,ENGL,1433,001,Literature,A-,4,Jennifer Wacek,jawacek,ENGL 1433
1265,UMNTC,UMNRO,ENGL,1433,001,Literature,B,1,Jennifer Wacek,jawacek,ENGL 1433
1265,UMNTC,UMNRO,ENGL,1433,001,Literature,B+,1,Jennifer Wacek,jawacek,ENGL 1433
1265,UMNTC,UMNRO,ENGL,1433,001,Literature,C+,1,Jennifer Wacek,jawacek,ENGL 1433
1265,UMNTC,UMNRO,ENGL,1433,001,Literature,D,1,Jennifer Wacek,jawacek,ENGL 1433
1265,UMNTC,UMNRO,ENGL,1433,001,Literature,F,1,Jennifer Wacek,jawacek,ENGL 1433
1265,UMNDL,UMNDL,ENGL,1586,080,Race and 21st-Century Lit,A,8,Katie Van Wert,kvanwert,ENGL 1586
1265,UMNDL,UMNDL,ENGL,1586,080,Race and 21st-Century Lit,A-,1,Katie Van Wert,kvanwert,ENGL 1586
1265,UMNDL,UMNDL,ENGL,1586,080,Race and 21st-Century Lit,B,1,Katie Van Wert,kvanwert,ENGL 1586
1265,UMNDL,UMNDL,ENGL,1586,080,Race and 21st-Century Lit,B-,1,Katie Van Wert,kvanwert,ENGL 1586
1265,UMNDL,UMNDL,ENGL,1586,080,Race and 21st-Century Lit,F,1,Katie Van Wert,kvanwert,ENGL 1586
1265,UMNDL,UMNDL,ENGL,1586,080,Race and 21st-Century Lit,W,1,Katie Van Wert,kvanwert,ENGL 1586
1265,UMNTC,UMNTC,ENGL,1701,001,Modern Fiction,A,11,Le Raimondi,,ENGL 1701
1265,UMNTC,UMNTC,ENGL,1701,001,Modern Fiction,A-,1,Le Raimondi,,ENGL 1701
1265,UMNTC,UMNTC,ENGL,1701,001,Modern Fiction,B,2,Le Raimondi,,ENGL 1701
1265,UMNTC,UMNTC,ENGL,1701,001,Modern Fiction,B+,2,Le Raimondi,,ENGL 1701
1265,UMNTC,UMNTC,ENGL,1701,001,Modern Fiction,B-,4,Le Raimondi,,ENGL 1701
1265,UMNTC,UMNTC,ENGL,1701,001,Modern Fiction,F,3,Le Raimondi,,ENGL 1701
1265,UMNTC,UMNTC,ENGL,1701,001,Modern Fiction,N,1,Le Raimondi,,ENGL 1701
1265,UMNTC,UMNTC,ENGL,1701,001,Modern Fiction,S,2,Le Raimondi,,ENGL 1701
1265,UMNTC,UMNTC,ENGL,1701,001,Modern Fiction,W,1,Le Raimondi,,ENGL 1701
1265,UMNTC,UMNTC,ENGL,3003W,001,Survey British Literature I,A,8,Emily Jones,,ENGL 3003W
1265,UMNTC,UMNTC,ENGL,3003W,001,Survey British Literature I,B,1,Emily Jones,,ENGL 3003W
1265,UMNTC,UMNTC,ENGL,3003W,001,Survey British Literature I,B+,2,Emily Jones,,ENGL 3003W
1265,UMNTC,UMNTC,ENGL,3003W,001,Survey British Literature I,B-,2,Emily Jones,,ENGL 3003W
1265,UMNTC,UMNTC,ENGL,3003W,001,Survey British Literature I,C,2,Emily Jones,,ENGL 3003W
1265,UMNTC,UMNTC,ENGL,3003W,001,Survey British Literature I,C+,2,Emily Jones,,ENGL 3003W
1265,UMNTC,UMNTC,ENGL,3003W,001,Survey British Literature I,C-,1,Emily Jones,,ENGL 3003W
1265,UMNTC,UMNTC,ENGL,3003W,001,Survey British Literature I,F,1,Emily Jones,,ENGL 3003W
1265,UMNTC,UMNTC,ENGL,3003W,001,Survey British Literature I,W,4,Emily Jones,,ENGL 3003W
1265,UMNTC,UMNTC,ENGL,3005W,001,Survey American Literature I,A,10,Joy Mazahreh,,ENGL 3005W
1265,UMNTC,UMNTC,ENGL,3005W,001,Survey American Literature I,A-,5,Joy Mazahreh,,ENGL 3005W
1265,UMNTC,UMNTC,ENGL,3005W,001,Survey American Literature I,B,3,Joy Mazahreh,,ENGL 3005W
1265,UMNTC,UMNTC,ENGL,3005W,001,Survey American Literature I,B+,2,Joy Mazahreh,,ENGL 3005W
1265,UMNTC,UMNTC,ENGL,3005W,001,Survey American Literature I,B-,2,Joy Mazahreh,,ENGL 3005W
1265,UMNTC,UMNTC,ENGL,3005W,001,Survey American Literature I,F,2,Joy Mazahreh,,ENGL 3005W
1265,UMNTC,UMNTC,ENGL,3006W,001,Survey American Literature II,A,9,Alexandra Thek,,ENGL 3006W
1265,UMNTC,UMNTC,ENGL,3006W,001,Survey American Literature II,A-,4,Alexandra Thek,,ENGL 3006W
1265,UMNTC,UMNTC,ENGL,3006W,001,Survey American Literature II,B,2,Alexandra Thek,,ENGL 3006W
1265,UMNTC,UMNTC,ENGL,3006W,001,Survey American Literature II,B+,3,Alexandra Thek,,ENGL 3006W
1265,UMNTC,UMNTC,ENGL,3006W,001,Survey American Literature II,B-,1,Alexandra Thek,,ENGL 3006W
1265,UMNTC,UMNTC,ENGL,3006W,001,Survey American Literature II,F,2,Alexandra Thek,,ENGL 3006W
1265,UMNTC,UMNTC,ENGL,3006W,001,Survey American Literature II,W,1,Alexandra Thek,,ENGL 3006W
1265,UMNTC,UMNTC,ENGL,3007,001,Shakespeare,A,16,Kayla Carden,,ENGL 3007
1265,UMNTC,UMNTC,ENGL,3007,001,Shakespeare,A-,2,Kayla Carden,,ENGL 3007
1265,UMNTC,UMNTC,ENGL,3007,001,Shakespeare,B,2,Kayla Carden,,ENGL 3007
1265,UMNTC,UMNTC,ENGL,3007,001,Shakespeare,B+,3,Kayla Carden,,ENGL 3007
1265,UMNTC,UMNTC,ENGL,3007,001,Shakespeare,C,1,Kayla Carden,,ENGL 3007
1265,UMNTC,UMNTC,ENGL,3007,001,Shakespeare,F,3,Kayla Carden,,ENGL 3007
1265,UMNTC,UMNTC,ENGL,3007,001,Shakespeare,S,1,Kayla Carden,,ENGL 3007
1265,UMNTC,UMNTC,ENGL,3007,001,Shakespeare,W,1,Kayla Carden,,ENGL 3007
1265,UMNTC,UMNTC,ENGL,3092,500,Misbehaving Dead Bodies - 19C,A,11,Ann Tandy-Treiber,tandy004,ENGL 3092
1265,UMNTC,UMNTC,ENGL,3092,500,Misbehaving Dead Bodies - 19C,B+,2,Ann Tandy-Treiber,tandy004,ENGL 3092
1265,UMNTC,UMNTC,ENGW,1101W,001,Intro Creative Writ,A,25,Amna Chaudhry,,ENGW 1101W
1265,UMNTC,UMNTC,ENGW,1101W,001,Intro Creative Writ,S,1,Amna Chaudhry,,ENGW 1101W
1265,UMNTC,UMNTC,ENGW,1101W,002,Intro Creative Writ,A,16,Anna Simonton,,ENGW 1101W
1265,UMNTC,UMNTC,ENGW,1101W,002,Intro Creative Writ,B,4,Anna Simonton,,ENGW 1101W
1265,UMNTC,UMNTC,ENGW,1101W,002,Intro Creative Writ,C,1,Anna Simonton,,ENGW 1101W
1265,UMNTC,UMNTC,ENGW,1101W,002,Intro Creative Writ,D,1,Anna Simonton,,ENGW 1101W
1265,UMNTC,UMNTC,ENGW,1101W,002,Intro Creative Writ,F,3,Anna Simonton,,ENGW 1101W
1265,UMNTC,UMNTC,ENGW,1101W,002,Intro Creative Writ,W,1,Anna Simonton,,ENGW 1101W
1265,UMNTC,UMNTC,ENGW,1101W,003,Intro Creative Writ,A,23,Olivia Wood,,ENGW 1101W
1265,UMNTC,UMNTC,ENGW,1101W,003,Intro Creative Writ,S,2,Olivia Wood,,ENGW 1101W
1265,UMNTC,UMNTC,ENGW,1102W,001,Intro to Fiction Writing,A,19,Ezekiel Caligiuri,,ENGW 1102W
1265,UMNTC,UMNTC,ENGW,1102W,001,Intro to Fiction Writing,A-,1,Ezekiel Caligiuri,,ENGW 1102W
1265,UMNTC,UMNTC,ENGW,1102W,001,Intro to Fiction Writing,B,2,Ezekiel Caligiuri,,ENGW 1102W
1265,UMNTC,UMNTC,ENGW,1102W,001,Intro to Fiction Writing,C+,1,Ezekiel Caligiuri,,ENGW 1102W
1265,UMNTC,UMNTC,ENGW,1102W,001,Intro to Fiction Writing,F,1,Ezekiel Caligiuri,,ENGW 1102W
1265,UMNTC,UMNTC,ENGW,1103W,001,Introduction to Poetry Writing,A,16,Isabel Zacharias,,ENGW 1103W
1265,UMNTC,UMNTC,ENGW,1103W,001,Introduction to Poetry Writing,A-,3,Isabel Zacharias,,ENGW 1103W
1265,UMNTC,UMNTC,ENGW,1103W,001,Introduction to Poetry Writing,B-,1,Isabel Zacharias,,ENGW 1103W
1265,UMNTC,UMNTC,ENGW,1103W,001,Introduction to Poetry Writing,F,3,Isabel Zacharias,,ENGW 1103W
1265,UMNTC,UMNTC,ENGW,1103W,001,Introduction to Poetry Writing,S,3,Isabel Zacharias,,ENGW 1103W
1265,UMNTC,UMNTC,ENGW,1104W,001,Intro to Literary Nonfiction,A,14,Julia Oschwald Tilton,,ENGW 1104W
1265,UMNTC,UMNTC,ENGW,1104W,001,Intro to Literary Nonfiction,A-,1,Julia Oschwald Tilton,,ENGW 1104W
1265,UMNTC,UMNTC,ENGW,1104W,001,Intro to Literary Nonfiction,B,1,Julia Oschwald Tilton,,ENGW 1104W
1265,UMNTC,UMNTC,ENGW,1104W,001,Intro to Literary Nonfiction,B-,2,Julia Oschwald Tilton,,ENGW 1104W
1265,UMNTC,UMNTC,ENGW,1104W,001,Intro to Literary Nonfiction,C+,2,Julia Oschwald Tilton,,ENGW 1104W
1265,UMNTC,UMNTC,ENGW,1104W,001,Intro to Literary Nonfiction,F,3,Julia Oschwald Tilton,,ENGW 1104W
1265,UMNTC,UMNTC,ENGW,1104W,001,Intro to Literary Nonfiction,S,1,Julia Oschwald Tilton,,ENGW 1104W
1265,UMNTC,UMNTC,ENGW,3111W,001,Sci Fi  & Fantasy Writing,A,14,Sadia Khatri,,ENGW 3111W
1265,UMNTC,UMNTC,ENGW,3111W,001,Sci Fi  & Fantasy Writing,C-,1,Sadia Khatri,,ENGW 3111W
1265,UMNTC,UMNTC,ENGW,3111W,001,Sci Fi  & Fantasy Writing,F,1,Sadia Khatri,,ENGW 3111W
1265,UMNTC,UMNTC,ENGW,3111W,001,Sci Fi  & Fantasy Writing,S,1,Sadia Khatri,,ENGW 3111W
1265,UMNTC,UMNTC,ENGW,3111W,001,Sci Fi  & Fantasy Writing,W,1,Sadia Khatri,,ENGW 3111W
1265,UMNTC,UMNTC,ENTR,6025,070,Intro to Entrepreneurship,A,26,Alan Fine,finex003,ENTR 6025
1265,UMNTC,UMNTC,ENTR,6025,070,Intro to Entrepreneurship,A-,12,Alan Fine,finex003,ENTR 6025
1265,UMNTC,UMNTC,ENTR,6025,070,Intro to Entrepreneurship,B+,3,Alan Fine,finex003,ENTR 6025
1265,UMNTC,UMNTC,ENTR,6025,070,Intro to Entrepreneurship,B-,1,Alan Fine,finex003,ENTR 6025
1265,UMNTC,UMNTC,EPSY,3264,001,Basic/Applied Stats,A,18,Suzanne Loch,chova001,EPSY 3264
1265,UMNTC,UMNTC,EPSY,3264,001,Basic/Applied Stats,A-,3,Suzanne Loch,chova001,EPSY 3264
1265,UMNTC,UMNTC,EPSY,3264,001,Basic/Applied Stats,B,2,Suzanne Loch,chova001,EPSY 3264
1265,UMNTC,UMNTC,EPSY,3264,001,Basic/Applied Stats,B+,1,Suzanne Loch,chova001,EPSY 3264
1265,UMNTC,UMNTC,EPSY,3264,001,Basic/Applied Stats,B-,3,Suzanne Loch,chova001,EPSY 3264
1265,UMNTC,UMNTC,EPSY,3264,001,Basic/Applied Stats,C+,5,Suzanne Loch,chova001,EPSY 3264
1265,UMNTC,UMNTC,EPSY,3264,001,Basic/Applied Stats,C-,3,Suzanne Loch,chova001,EPSY 3264
1265,UMNTC,UMNTC,EPSY,3264,001,Basic/Applied Stats,D,1,Suzanne Loch,chova001,EPSY 3264
1265,UMNTC,UMNTC,EPSY,3264,001,Basic/Applied Stats,F,2,Suzanne Loch,chova001,EPSY 3264
1265,UMNTC,UMNTC,EPSY,3264,001,Basic/Applied Stats,S,1,Suzanne Loch,chova001,EPSY 3264
1265,UMNTC,UMNTC,EPSY,3705,500,Field Experience in Denmark,A,12,Charissa O'Neill,coneill,EPSY 3705
1265,UMNTC,UMNTC,EPSY,3705,500,Field Experience in Denmark,C+,1,Charissa O'Neill,coneill,EPSY 3705
1265,UMNTC,UMNTC,EPSY,5001,004,"Learning,Cognition,Assessment",A,58,Ananya Matewos,mukho004,EPSY 5001
1265,UMNTC,UMNTC,EPSY,5001,004,"Learning,Cognition,Assessment",A-,4,Ananya Matewos,mukho004,EPSY 5001
1265,UMNTC,UMNTC,EPSY,5001,004,"Learning,Cognition,Assessment",B,1,Ananya Matewos,mukho004,EPSY 5001
1265,UMNTC,UMNTC,EPSY,5016,001,Special Education Foundations,A,38,Hannah Beavis,,EPSY 5016
1265,UMNTC,UMNTC,EPSY,5016,001,Special Education Foundations,A-,2,Hannah Beavis,,EPSY 5016
1265,UMNTC,UMNTC,EPSY,5016,001,Special Education Foundations,B,2,Hannah Beavis,,EPSY 5016
1265,UMNTC,UMNTC,EPSY,5016,001,Special Education Foundations,B+,3,Hannah Beavis,,EPSY 5016
1265,UMNTC,UMNTC,EPSY,5016,001,Special Education Foundations,B-,1,Hannah Beavis,,EPSY 5016
1265,UMNTC,UMNTC,EPSY,5016,001,Special Education Foundations,C+,2,Hannah Beavis,,EPSY 5016
1265,UMNTC,UMNTC,EPSY,5016,001,Special Education Foundations,D,1,Hannah Beavis,,EPSY 5016
1265,UMNTC,UMNTC,EPSY,5016,001,Special Education Foundations,F,2,Hannah Beavis,,EPSY 5016
1265,UMNTC,UMNTC,EPSY,5016,002,Special Education Foundations,A,37,Jamil Salaam,holt0043,EPSY 5016
1265,UMNTC,UMNTC,EPSY,5016,002,Special Education Foundations,A-,1,Jamil Salaam,holt0043,EPSY 5016
1265,UMNTC,UMNTC,EPSY,5261,001,Intro Statistical Methods,A,33,Chelsey Legacy,legac006,EPSY 5261
1265,UMNTC,UMNTC,EPSY,5261,001,Intro Statistical Methods,A-,2,Chelsey Legacy,legac006,EPSY 5261
1265,UMNTC,UMNTC,EPSY,5261,001,Intro Statistical Methods,B,1,Chelsey Legacy,legac006,EPSY 5261
1265,UMNTC,UMNTC,EPSY,5261,001,Intro Statistical Methods,B+,1,Chelsey Legacy,legac006,EPSY 5261
1265,UMNTC,UMNTC,EPSY,5261,001,Intro Statistical Methods,S,2,Chelsey Legacy,legac006,EPSY 5261
1265,UMNTC,UMNTC,EPSY,5261,001,Intro Statistical Methods,W,2,Chelsey Legacy,legac006,EPSY 5261
1265,UMNTC,UMNTC,EPSY,5404,001,GroupCouns,A,31,Feven Seifu,fseifu,EPSY 5404
1265,UMNTC,UMNTC,EPSY,5404,001,GroupCouns,B,1,Feven Seifu,fseifu,EPSY 5404
1265,UMNTC,UMNTC,EPSY,5405,001,CareerCouns,A,29,Seth Christman,chri2031,EPSY 5405
1265,UMNTC,UMNTC,EPSY,5405,001,CareerCouns,A-,2,Seth Christman,chri2031,EPSY 5405
1265,UMNTC,UMNTC,EPSY,5405,001,CareerCouns,B+,1,Seth Christman,chri2031,EPSY 5405
1265,UMNTC,UMNTC,EPSY,5666,001,Disability Policy & Services,A,10,Rebecca Dosch Brown,dosch018,EPSY 5666
1265,UMNTC,UMNTC,EPSY,5666,001,Disability Policy & Services,A-,2,Rebecca Dosch Brown,dosch018,EPSY 5666
1265,UMNTC,UMNTC,EPSY,5666,001,Disability Policy & Services,B-,1,Rebecca Dosch Brown,dosch018,EPSY 5666
1265,UMNTC,UMNTC,EPSY,5666,001,Disability Policy & Services,C-,1,Rebecca Dosch Brown,dosch018,EPSY 5666
1265,UMNDL,UMNDL,ES,4097,001,Internship,S,10,Ryan Bergstrom,rbergstr,ES 4097
1265,UMNTC,UMNTC,ESCI,1001,100,Earth and Its Environments,A,12,Justin Revenaugh,justinr,ESCI 1001
1265,UMNTC,UMNTC,ESCI,1001,100,Earth and Its Environments,A-,1,Justin Revenaugh,justinr,ESCI 1001
1265,UMNTC,UMNTC,ESCI,1001,100,Earth and Its Environments,B,3,Justin Revenaugh,justinr,ESCI 1001
1265,UMNTC,UMNTC,ESCI,1001,100,Earth and Its Environments,B+,1,Justin Revenaugh,justinr,ESCI 1001
1265,UMNTC,UMNTC,ESCI,1001,100,Earth and Its Environments,B-,1,Justin Revenaugh,justinr,ESCI 1001
1265,UMNTC,UMNTC,ESCI,1001,100,Earth and Its Environments,C+,3,Justin Revenaugh,justinr,ESCI 1001
1265,UMNTC,UMNTC,ESCI,1001,100,Earth and Its Environments,C-,2,Justin Revenaugh,justinr,ESCI 1001
1265,UMNTC,UMNTC,ESCI,1001,100,Earth and Its Environments,D,1,Justin Revenaugh,justinr,ESCI 1001
1265,UMNTC,UMNTC,ESCI,1001,100,Earth and Its Environments,F,4,Justin Revenaugh,justinr,ESCI 1001
1265,UMNTC,UMNTC,ESCI,1001,100,Earth and Its Environments,S,2,Justin Revenaugh,justinr,ESCI 1001
1265,UMNTC,UMNTC,ESCI,1001,101,Earth and Its Environments,A,5,Justin Revenaugh,justinr,ESCI 1001
1265,UMNTC,UMNTC,ESCI,1001,101,Earth and Its Environments,A-,4,Justin Revenaugh,justinr,ESCI 1001
1265,UMNTC,UMNTC,ESCI,1001,101,Earth and Its Environments,B,1,Justin Revenaugh,justinr,ESCI 1001
1265,UMNTC,UMNTC,ESCI,1001,101,Earth and Its Environments,B+,4,Justin Revenaugh,justinr,ESCI 1001
1265,UMNTC,UMNTC,ESCI,1001,101,Earth and Its Environments,B-,2,Justin Revenaugh,justinr,ESCI 1001
1265,UMNTC,UMNTC,ESCI,1001,101,Earth and Its Environments,C,1,Justin Revenaugh,justinr,ESCI 1001
1265,UMNTC,UMNTC,ESCI,1001,101,Earth and Its Environments,C+,1,Justin Revenaugh,justinr,ESCI 1001
1265,UMNTC,UMNTC,ESCI,1001,101,Earth and Its Environments,C-,1,Justin Revenaugh,justinr,ESCI 1001
1265,UMNTC,UMNTC,ESCI,1001,101,Earth and Its Environments,S,3,Justin Revenaugh,justinr,ESCI 1001
1265,UMNTC,UMNTC,ESCI,1001,101,Earth and Its Environments,W,4,Justin Revenaugh,justinr,ESCI 1001
1265,UMNTC,UMNTC,ESCI,1001,102,Earth and Its Environments,A,6,Justin Revenaugh,justinr,ESCI 1001
1265,UMNTC,UMNTC,ESCI,1001,102,Earth and Its Environments,A-,3,Justin Revenaugh,justinr,ESCI 1001
1265,UMNTC,UMNTC,ESCI,1001,102,Earth and Its Environments,B,1,Justin Revenaugh,justinr,ESCI 1001
1265,UMNTC,UMNTC,ESCI,1001,102,Earth and Its Environments,B+,3,Justin Revenaugh,justinr,ESCI 1001
1265,UMNTC,UMNTC,ESCI,1001,102,Earth and Its Environments,B-,1,Justin Revenaugh,justinr,ESCI 1001
1265,UMNTC,UMNTC,ESCI,1001,102,Earth and Its Environments,C,3,Justin Revenaugh,justinr,ESCI 1001
1265,UMNTC,UMNTC,ESCI,1001,102,Earth and Its Environments,C+,3,Justin Revenaugh,justinr,ESCI 1001
1265,UMNTC,UMNTC,ESCI,1001,102,Earth and Its Environments,C-,2,Justin Revenaugh,justinr,ESCI 1001
1265,UMNTC,UMNTC,ESCI,1001,102,Earth and Its Environments,S,3,Justin Revenaugh,justinr,ESCI 1001
1265,UMNTC,UMNTC,ESCI,1001,102,Earth and Its Environments,W,2,Justin Revenaugh,justinr,ESCI 1001
1265,UMNTC,UMNTC,ESCI,1101,001,Introduction to Geology,A,20,Justin Revenaugh,justinr,ESCI 1101
1265,UMNTC,UMNTC,ESCI,1101,001,Introduction to Geology,A-,6,Justin Revenaugh,justinr,ESCI 1101
1265,UMNTC,UMNTC,ESCI,1101,001,Introduction to Geology,B,5,Justin Revenaugh,justinr,ESCI 1101
1265,UMNTC,UMNTC,ESCI,1101,001,Introduction to Geology,B+,3,Justin Revenaugh,justinr,ESCI 1101
1265,UMNTC,UMNTC,ESCI,1101,001,Introduction to Geology,C,2,Justin Revenaugh,justinr,ESCI 1101
1265,UMNTC,UMNTC,ESCI,1101,001,Introduction to Geology,C+,1,Justin Revenaugh,justinr,ESCI 1101
1265,UMNTC,UMNTC,ESCI,1101,001,Introduction to Geology,F,2,Justin Revenaugh,justinr,ESCI 1101
1265,UMNTC,UMNTC,ESCI,1101,001,Introduction to Geology,W,2,Justin Revenaugh,justinr,ESCI 1101
1265,UMNTC,UMNTC,ESCI,3911,001,Intro Field Geology,A,1,Annia Fayon,fayon001,ESCI 3911
1265,UMNTC,UMNTC,ESCI,3911,001,Intro Field Geology,A-,7,Annia Fayon,fayon001,ESCI 3911
1265,UMNTC,UMNTC,ESCI,3911,001,Intro Field Geology,B,3,Annia Fayon,fayon001,ESCI 3911
1265,UMNTC,UMNTC,ESCI,3911,001,Intro Field Geology,B+,9,Annia Fayon,fayon001,ESCI 3911
1265,UMNTC,UMNTC,ESCI,3911,001,Intro Field Geology,B-,4,Annia Fayon,fayon001,ESCI 3911
1265,UMNTC,UMNTC,ESCI,3911,001,Intro Field Geology,W,1,Annia Fayon,fayon001,ESCI 3911
1265,UMNTC,UMNTC,ESCI,4971W,001,Field Hydrogeology,A,3,William Daniels,dani0357,ESCI 4971W
1265,UMNTC,UMNTC,ESCI,4971W,001,Field Hydrogeology,A-,4,William Daniels,dani0357,ESCI 4971W
1265,UMNTC,UMNTC,ESCI,4971W,001,Field Hydrogeology,B,6,William Daniels,dani0357,ESCI 4971W
1265,UMNTC,UMNTC,ESCI,4971W,001,Field Hydrogeology,B+,3,William Daniels,dani0357,ESCI 4971W
1265,UMNDL,UMNDL,EXSC,4700,001,"Statistics, Methods in Ex Sci",A,10,Mark Hartman,hartm373,EXSC 4700
1265,UMNDL,UMNDL,EXSC,4700,001,"Statistics, Methods in Ex Sci",A-,1,Mark Hartman,hartm373,EXSC 4700
1265,UMNDL,UMNDL,EXSC,4700,001,"Statistics, Methods in Ex Sci",B+,1,Mark Hartman,hartm373,EXSC 4700
1265,UMNDL,UMNDL,EXSC,4700,001,"Statistics, Methods in Ex Sci",B-,1,Mark Hartman,hartm373,EXSC 4700
1265,UMNCR,UMNCR,FIN,3100,E90,Managerial Finance,A,13,Kara Bowen,klbowen,FIN 3100
1265,UMNCR,UMNCR,FIN,3100,E90,Managerial Finance,A-,5,Kara Bowen,klbowen,FIN 3100
1265,UMNCR,UMNCR,FIN,3100,E90,Managerial Finance,B,3,Kara Bowen,klbowen,FIN 3100
1265,UMNCR,UMNCR,FIN,3100,E90,Managerial Finance,B-,3,Kara Bowen,klbowen,FIN 3100
1265,UMNCR,UMNCR,FIN,3100,E90,Managerial Finance,C,1,Kara Bowen,klbowen,FIN 3100
1265,UMNCR,UMNCR,FIN,3100,E90,Managerial Finance,C+,1,Kara Bowen,klbowen,FIN 3100
1265,UMNCR,UMNCR,FIN,3100,E90,Managerial Finance,C-,1,Kara Bowen,klbowen,FIN 3100
1265,UMNCR,UMNCR,FIN,3100,E90,Managerial Finance,D,1,Kara Bowen,klbowen,FIN 3100
1265,UMNDL,UMNDL,FIN,3601,001,Corporate Finance,A,5,Wei Huang,whuang6,FIN 3601
1265,UMNDL,UMNDL,FIN,3601,001,Corporate Finance,A-,2,Wei Huang,whuang6,FIN 3601
1265,UMNDL,UMNDL,FIN,3601,001,Corporate Finance,B,5,Wei Huang,whuang6,FIN 3601
1265,UMNDL,UMNDL,FIN,3601,001,Corporate Finance,B+,1,Wei Huang,whuang6,FIN 3601
1265,UMNDL,UMNDL,FIN,3601,001,Corporate Finance,B-,1,Wei Huang,whuang6,FIN 3601
1265,UMNDL,UMNDL,FIN,3601,001,Corporate Finance,C+,2,Wei Huang,whuang6,FIN 3601
1265,UMNDL,UMNDL,FIN,3601,001,Corporate Finance,C-,1,Wei Huang,whuang6,FIN 3601
1265,UMNDL,UMNDL,FIN,3601,001,Corporate Finance,D,1,Wei Huang,whuang6,FIN 3601
1265,UMNDL,UMNDL,FIN,3601,001,Corporate Finance,D+,1,Wei Huang,whuang6,FIN 3601
1265,UMNDL,UMNDL,FIN,3601,001,Corporate Finance,F,1,Wei Huang,whuang6,FIN 3601
1265,UMNDL,UMNDL,FIN,3619,001,Analysis Financial Statements,A,5,Timothy Peterson,tpeters2,FIN 3619
1265,UMNDL,UMNDL,FIN,3619,001,Analysis Financial Statements,A-,1,Timothy Peterson,tpeters2,FIN 3619
1265,UMNDL,UMNDL,FIN,3619,001,Analysis Financial Statements,B,4,Timothy Peterson,tpeters2,FIN 3619
1265,UMNDL,UMNDL,FIN,3619,001,Analysis Financial Statements,B+,2,Timothy Peterson,tpeters2,FIN 3619
1265,UMNDL,UMNDL,FIN,3619,001,Analysis Financial Statements,B-,4,Timothy Peterson,tpeters2,FIN 3619
1265,UMNDL,UMNDL,FIN,3619,001,Analysis Financial Statements,C,1,Timothy Peterson,tpeters2,FIN 3619
1265,UMNDL,UMNDL,FIN,3619,001,Analysis Financial Statements,C-,1,Timothy Peterson,tpeters2,FIN 3619
1265,UMNDL,UMNDL,FIN,3619,001,Analysis Financial Statements,F,1,Timothy Peterson,tpeters2,FIN 3619
1265,UMNDL,UMNDL,FIN,3644,001,Investment Fundamentals,A,4,Raluca Stan,rstan,FIN 3644
1265,UMNDL,UMNDL,FIN,3644,001,Investment Fundamentals,A-,5,Raluca Stan,rstan,FIN 3644
1265,UMNDL,UMNDL,FIN,3644,001,Investment Fundamentals,B,3,Raluca Stan,rstan,FIN 3644
1265,UMNDL,UMNDL,FIN,3644,001,Investment Fundamentals,B+,7,Raluca Stan,rstan,FIN 3644
1265,UMNDL,UMNDL,FIN,3644,001,Investment Fundamentals,B-,1,Raluca Stan,rstan,FIN 3644
1265,UMNDL,UMNDL,FIN,3644,001,Investment Fundamentals,C,2,Raluca Stan,rstan,FIN 3644
1265,UMNDL,UMNDL,FIN,3644,001,Investment Fundamentals,C+,1,Raluca Stan,rstan,FIN 3644
1265,UMNDL,UMNDL,FIN,3644,001,Investment Fundamentals,C-,2,Raluca Stan,rstan,FIN 3644
1265,UMNDL,UMNDL,FIN,3644,001,Investment Fundamentals,D,1,Raluca Stan,rstan,FIN 3644
1265,UMNDL,UMNDL,FIN,3644,001,Investment Fundamentals,W,1,Raluca Stan,rstan,FIN 3644
1265,UMNDL,UMNDL,FIN,3697,001,Finance Internship,A,14,Marte Kitson,mkitson,FIN 3697
1265,UMNDL,UMNDL,FIN,3697,001,Finance Internship,A-,1,Marte Kitson,mkitson,FIN 3697
1265,UMNDL,UMNDL,FIN,3697,001,Finance Internship,B,3,Marte Kitson,mkitson,FIN 3697
1265,UMNDL,UMNDL,FIN,3697,001,Finance Internship,B+,1,Marte Kitson,mkitson,FIN 3697
1265,UMNDL,UMNDL,FIN,3697,001,Finance Internship,D,1,Marte Kitson,mkitson,FIN 3697
1265,UMNTC,UMNTC,FINA,3001,001,Finance Fundamentals,A,36,Stuart Webb,swebb,FINA 3001
1265,UMNTC,UMNTC,FINA,3001,001,Finance Fundamentals,A-,19,Stuart Webb,swebb,FINA 3001
1265,UMNTC,UMNTC,FINA,3001,001,Finance Fundamentals,B,2,Stuart Webb,swebb,FINA 3001
1265,UMNTC,UMNTC,FINA,3001,001,Finance Fundamentals,B+,11,Stuart Webb,swebb,FINA 3001
1265,UMNTC,UMNTC,FINA,3001,001,Finance Fundamentals,B-,3,Stuart Webb,swebb,FINA 3001
1265,UMNTC,UMNTC,FINA,3001,001,Finance Fundamentals,F,1,Stuart Webb,swebb,FINA 3001
1265,UMNTC,UMNTC,FINA,3001,001,Finance Fundamentals,W,1,Stuart Webb,swebb,FINA 3001
1265,UMNTC,UMNTC,FINA,6322,070,Financial Modeling,A,10,Timothy Nantell,tnantell,FINA 6322
1265,UMNTC,UMNTC,FINA,6322,070,Financial Modeling,A-,9,Timothy Nantell,tnantell,FINA 6322
1265,UMNTC,UMNTC,FINA,6322,070,Financial Modeling,B,4,Timothy Nantell,tnantell,FINA 6322
1265,UMNTC,UMNTC,FINA,6322,070,Financial Modeling,B+,6,Timothy Nantell,tnantell,FINA 6322
1265,UMNTC,UMNTC,FINA,6322,070,Financial Modeling,B-,1,Timothy Nantell,tnantell,FINA 6322
1265,UMNTC,UMNTC,FINA,6322,070,Financial Modeling,W,3,Timothy Nantell,tnantell,FINA 6322
1265,UMNTC,UMNTC,FOST,1201,500,Study Abroad,A,12,Unknown Instructor,,FOST 1201
1265,UMNTC,UMNTC,FOST,1201,500,Study Abroad,A-,3,Unknown Instructor,,FOST 1201
1265,UMNTC,UMNTC,FOST,1201,500,Study Abroad,B,2,Unknown Instructor,,FOST 1201
1265,UMNTC,UMNTC,FOST,1201,500,Study Abroad,F,1,Unknown Instructor,,FOST 1201
1265,UMNTC,UMNTC,FOST,3201,500,Study Abroad,A,147,Unknown Instructor,,FOST 3201
1265,UMNTC,UMNTC,FOST,3201,500,Study Abroad,A-,40,Unknown Instructor,,FOST 3201
1265,UMNTC,UMNTC,FOST,3201,500,Study Abroad,B,12,Unknown Instructor,,FOST 3201
1265,UMNTC,UMNTC,FOST,3201,500,Study Abroad,B+,31,Unknown Instructor,,FOST 3201
1265,UMNTC,UMNTC,FOST,3201,500,Study Abroad,B-,2,Unknown Instructor,,FOST 3201
1265,UMNTC,UMNTC,FOST,3201,500,Study Abroad,C,1,Unknown Instructor,,FOST 3201
1265,UMNTC,UMNTC,FOST,3201,500,Study Abroad,C+,3,Unknown Instructor,,FOST 3201
1265,UMNTC,UMNTC,FOST,3201,500,Study Abroad,C-,1,Unknown Instructor,,FOST 3201
1265,UMNTC,UMNTC,FOST,3202,500,Study Abroad,A,56,Unknown Instructor,,FOST 3202
1265,UMNTC,UMNTC,FOST,3202,500,Study Abroad,A-,18,Unknown Instructor,,FOST 3202
1265,UMNTC,UMNTC,FOST,3202,500,Study Abroad,B,4,Unknown Instructor,,FOST 3202
1265,UMNTC,UMNTC,FOST,3202,500,Study Abroad,B+,6,Unknown Instructor,,FOST 3202
1265,UMNTC,UMNTC,FOST,3202,500,Study Abroad,B-,1,Unknown Instructor,,FOST 3202
1265,UMNTC,UMNTC,FOST,3202,500,Study Abroad,C+,1,Unknown Instructor,,FOST 3202
1265,UMNTC,UMNTC,FOST,3202,500,Study Abroad,D+,1,Unknown Instructor,,FOST 3202
1265,UMNTC,UMNTC,FOST,3203,500,Study Abroad,A,18,Unknown Instructor,,FOST 3203
1265,UMNTC,UMNTC,FOST,3203,500,Study Abroad,A-,5,Unknown Instructor,,FOST 3203
1265,UMNTC,UMNTC,FOST,3203,500,Study Abroad,B+,1,Unknown Instructor,,FOST 3203
1265,UMNTC,UMNTC,FOST,3332,500,Global Identity,A,16,Christine Anderson,ander590,FOST 3332
1265,UMNTC,UMNTC,FOST,3332,500,Global Identity,A-,1,Christine Anderson,ander590,FOST 3332
1265,UMNTC,UMNTC,FOST,3332,500,Global Identity,B,1,Christine Anderson,ander590,FOST 3332
1265,UMNTC,UMNTC,FOST,3332,500,Global Identity,B+,1,Christine Anderson,ander590,FOST 3332
1265,UMNTC,UMNTC,FOST,3332,500,Global Identity,C,1,Christine Anderson,ander590,FOST 3332
1265,UMNTC,UMNTC,FOST,3332,500,Global Identity,F,2,Christine Anderson,ander590,FOST 3332
1265,UMNTC,UMNTC,FOST,3332,500,Global Identity,W,1,Christine Anderson,ander590,FOST 3332
1265,UMNTC,UMNTC,FREN,1003,001,Intermediate French I,A,3,Marina Calas,mcalas,FREN 1003
1265,UMNTC,UMNTC,FREN,1003,001,Intermediate French I,A-,1,Marina Calas,mcalas,FREN 1003
1265,UMNTC,UMNTC,FREN,1003,001,Intermediate French I,B,2,Marina Calas,mcalas,FREN 1003
1265,UMNTC,UMNTC,FREN,1003,001,Intermediate French I,B+,1,Marina Calas,mcalas,FREN 1003
1265,UMNTC,UMNTC,FREN,1003,001,Intermediate French I,C+,2,Marina Calas,mcalas,FREN 1003
1265,UMNTC,UMNTC,FREN,1003,001,Intermediate French I,F,2,Marina Calas,mcalas,FREN 1003
1265,UMNTC,UMNTC,FREN,1003,001,Intermediate French I,S,1,Marina Calas,mcalas,FREN 1003
1265,UMNTC,UMNTC,FREN,1004,001,Intermediate French II,A,3,Chimene Dupuis,,FREN 1004
1265,UMNTC,UMNTC,FREN,1004,001,Intermediate French II,A-,3,Chimene Dupuis,,FREN 1004
1265,UMNTC,UMNTC,FREN,1004,001,Intermediate French II,B,2,Chimene Dupuis,,FREN 1004
1265,UMNTC,UMNTC,FREN,1004,001,Intermediate French II,B+,3,Chimene Dupuis,,FREN 1004
1265,UMNTC,UMNTC,FREN,1004,001,Intermediate French II,B-,3,Chimene Dupuis,,FREN 1004
1265,UMNTC,UMNTC,FREN,1004,001,Intermediate French II,C,2,Chimene Dupuis,,FREN 1004
1265,UMNTC,UMNTC,FREN,1004,001,Intermediate French II,C+,3,Chimene Dupuis,,FREN 1004
1265,UMNTC,UMNTC,FREN,1004,001,Intermediate French II,D,1,Chimene Dupuis,,FREN 1004
1265,UMNTC,UMNTC,FREN,1004,001,Intermediate French II,F,2,Chimene Dupuis,,FREN 1004
1265,UMNTC,UMNTC,FREN,1004,001,Intermediate French II,S,2,Chimene Dupuis,,FREN 1004
1265,UMNTC,UMNTC,FREN,3721,500,French Culture and Cuisine,A,8,Trina Whitaker,whita006,FREN 3721
1265,UMNTC,UMNTC,FREN,3721,500,French Culture and Cuisine,B+,1,Trina Whitaker,whita006,FREN 3721
1265,UMNTC,UMNTC,FREN,3721,500,French Culture and Cuisine,C-,1,Trina Whitaker,whita006,FREN 3721
1265,UMNTC,UMNTC,FSCN,1112,002,Principles of Nutrition,A,24,Corrie Marion,cmarion,FSCN 1112
1265,UMNTC,UMNTC,FSCN,1112,002,Principles of Nutrition,A-,5,Corrie Marion,cmarion,FSCN 1112
1265,UMNTC,UMNTC,FSCN,1112,002,Principles of Nutrition,B,4,Corrie Marion,cmarion,FSCN 1112
1265,UMNTC,UMNTC,FSCN,1112,002,Principles of Nutrition,B+,1,Corrie Marion,cmarion,FSCN 1112
1265,UMNTC,UMNTC,FSCN,1112,002,Principles of Nutrition,B-,2,Corrie Marion,cmarion,FSCN 1112
1265,UMNTC,UMNTC,FSCN,1112,002,Principles of Nutrition,C,1,Corrie Marion,cmarion,FSCN 1112
1265,UMNTC,UMNTC,FSCN,1112,002,Principles of Nutrition,C+,2,Corrie Marion,cmarion,FSCN 1112
1265,UMNTC,UMNTC,FSCN,1112,002,Principles of Nutrition,F,4,Corrie Marion,cmarion,FSCN 1112
1265,UMNTC,UMNTC,FSCN,1112,002,Principles of Nutrition,W,1,Corrie Marion,cmarion,FSCN 1112
1265,UMNTC,UMNTC,FSOS,1201,001,Human Develop Fam: Lifespan,A,8,Greyson Arnold,,FSOS 1201
1265,UMNTC,UMNTC,FSOS,1201,001,Human Develop Fam: Lifespan,A-,10,Greyson Arnold,,FSOS 1201
1265,UMNTC,UMNTC,FSOS,1201,001,Human Develop Fam: Lifespan,B,6,Greyson Arnold,,FSOS 1201
1265,UMNTC,UMNTC,FSOS,1201,001,Human Develop Fam: Lifespan,B+,7,Greyson Arnold,,FSOS 1201
1265,UMNTC,UMNTC,FSOS,1201,001,Human Develop Fam: Lifespan,B-,3,Greyson Arnold,,FSOS 1201
1265,UMNTC,UMNTC,FSOS,1201,001,Human Develop Fam: Lifespan,C,1,Greyson Arnold,,FSOS 1201
1265,UMNTC,UMNTC,FSOS,1201,001,Human Develop Fam: Lifespan,C+,1,Greyson Arnold,,FSOS 1201
1265,UMNTC,UMNTC,FSOS,1201,001,Human Develop Fam: Lifespan,C-,2,Greyson Arnold,,FSOS 1201
1265,UMNTC,UMNTC,FSOS,1201,001,Human Develop Fam: Lifespan,D,1,Greyson Arnold,,FSOS 1201
1265,UMNTC,UMNTC,FSOS,1201,001,Human Develop Fam: Lifespan,F,6,Greyson Arnold,,FSOS 1201
1265,UMNTC,UMNTC,FSOS,1201,001,Human Develop Fam: Lifespan,W,2,Greyson Arnold,,FSOS 1201
1265,UMNTC,UMNTC,FSOS,1301,001,Cash or Credit:You Need toKnow,A,6,Hanna Yu,,FSOS 1301
1265,UMNTC,UMNTC,FSOS,1301,001,Cash or Credit:You Need toKnow,A-,3,Hanna Yu,,FSOS 1301
1265,UMNTC,UMNTC,FSOS,1301,001,Cash or Credit:You Need toKnow,B-,1,Hanna Yu,,FSOS 1301
1265,UMNTC,UMNTC,FSOS,1301,001,Cash or Credit:You Need toKnow,C+,1,Hanna Yu,,FSOS 1301
1265,UMNTC,UMNTC,FSOS,1301,001,Cash or Credit:You Need toKnow,W,1,Hanna Yu,,FSOS 1301
1265,UMNTC,UMNTC,FSOS,3426,001,AlcohDrugs: FamCult,A,8,Yubo Xu,,FSOS 3426
1265,UMNTC,UMNTC,FSOS,3426,001,AlcohDrugs: FamCult,A-,4,Yubo Xu,,FSOS 3426
1265,UMNTC,UMNTC,FSOS,3426,001,AlcohDrugs: FamCult,B,1,Yubo Xu,,FSOS 3426
1265,UMNTC,UMNTC,FSOS,3426,001,AlcohDrugs: FamCult,B+,3,Yubo Xu,,FSOS 3426
1265,UMNTC,UMNTC,FSOS,3426,001,AlcohDrugs: FamCult,B-,1,Yubo Xu,,FSOS 3426
1265,UMNTC,UMNTC,FSOS,3426,001,AlcohDrugs: FamCult,C-,1,Yubo Xu,,FSOS 3426
1265,UMNTC,UMNTC,FSOS,3426,001,AlcohDrugs: FamCult,D,1,Yubo Xu,,FSOS 3426
1265,UMNTC,UMNTC,FSOS,3426,001,AlcohDrugs: FamCult,F,3,Yubo Xu,,FSOS 3426
1265,UMNTC,UMNTC,FSOS,3426,001,AlcohDrugs: FamCult,S,2,Yubo Xu,,FSOS 3426
1265,UMNTC,UMNTC,FSOS,5150,002,Special Topics,A,9,Michael Curtis,curtism,FSOS 5150
1265,UMNTC,UMNTC,FSOS,5150,002,Special Topics,A-,3,Michael Curtis,curtism,FSOS 5150
1265,UMNTC,UMNTC,FSOS,5150,002,Special Topics,B+,1,Michael Curtis,curtism,FSOS 5150
1265,UMNTC,UMNTC,FSOS,5150,003,Special Topics,A,15,Angela Klinefelter,klin0265,FSOS 5150
1265,UMNTC,UMNTC,FSOS,5150,003,Special Topics,B+,1,Angela Klinefelter,klin0265,FSOS 5150
1265,UMNCR,UMNCR,GBUS,1005,E90,Orientation to Online Learning,A,16,Courtney Bergman,cbergman,GBUS 1005
1265,UMNCR,UMNCR,GBUS,1005,E90,Orientation to Online Learning,A-,2,Courtney Bergman,cbergman,GBUS 1005
1265,UMNCR,UMNCR,GBUS,1005,E90,Orientation to Online Learning,B,1,Courtney Bergman,cbergman,GBUS 1005
1265,UMNCR,UMNCR,GBUS,1005,E90,Orientation to Online Learning,B+,1,Courtney Bergman,cbergman,GBUS 1005
1265,UMNCR,UMNCR,GBUS,1005,E90,Orientation to Online Learning,B-,2,Courtney Bergman,cbergman,GBUS 1005
1265,UMNCR,UMNCR,GBUS,1005,E90,Orientation to Online Learning,C+,3,Courtney Bergman,cbergman,GBUS 1005
1265,UMNCR,UMNCR,GBUS,1005,E90,Orientation to Online Learning,D+,1,Courtney Bergman,cbergman,GBUS 1005
1265,UMNCR,UMNCR,GBUS,1005,E90,Orientation to Online Learning,F,3,Courtney Bergman,cbergman,GBUS 1005
1265,UMNCR,UMNCR,GBUS,1005,E90,Orientation to Online Learning,W,1,Courtney Bergman,cbergman,GBUS 1005
1265,UMNCR,UMNCR,GBUS,1005,E91,Orientation to Online Learning,A,17,Courtney Bergman,cbergman,GBUS 1005
1265,UMNCR,UMNCR,GBUS,1005,E91,Orientation to Online Learning,A-,2,Courtney Bergman,cbergman,GBUS 1005
1265,UMNCR,UMNCR,GBUS,1005,E91,Orientation to Online Learning,B+,1,Courtney Bergman,cbergman,GBUS 1005
1265,UMNCR,UMNCR,GBUS,1005,E91,Orientation to Online Learning,C-,1,Courtney Bergman,cbergman,GBUS 1005
1265,UMNCR,UMNCR,GBUS,1005,E91,Orientation to Online Learning,D+,1,Courtney Bergman,cbergman,GBUS 1005
1265,UMNCR,UMNCR,GBUS,1005,E91,Orientation to Online Learning,F,6,Courtney Bergman,cbergman,GBUS 1005
1265,UMNCR,UMNCR,GBUS,1005,E91,Orientation to Online Learning,W,2,Courtney Bergman,cbergman,GBUS 1005
1265,UMNCR,UMNCR,GBUS,1005,E92,Orientation to Online Learning,A,18,Megan Kragness,krag0038,GBUS 1005
1265,UMNCR,UMNCR,GBUS,1005,E92,Orientation to Online Learning,B,3,Megan Kragness,krag0038,GBUS 1005
1265,UMNCR,UMNCR,GBUS,1005,E92,Orientation to Online Learning,B+,1,Megan Kragness,krag0038,GBUS 1005
1265,UMNCR,UMNCR,GBUS,1005,E92,Orientation to Online Learning,C,1,Megan Kragness,krag0038,GBUS 1005
1265,UMNCR,UMNCR,GBUS,1005,E92,Orientation to Online Learning,F,1,Megan Kragness,krag0038,GBUS 1005
1265,UMNCR,UMNCR,GBUS,1005,E95,Orientation to Online Learning,A,21,Julie Hinders,jsmithhi,GBUS 1005
1265,UMNCR,UMNCR,GBUS,1005,E95,Orientation to Online Learning,B-,2,Julie Hinders,jsmithhi,GBUS 1005
1265,UMNCR,UMNCR,GBUS,1005,E95,Orientation to Online Learning,C-,1,Julie Hinders,jsmithhi,GBUS 1005
1265,UMNCR,UMNCR,GBUS,1005,E95,Orientation to Online Learning,F,5,Julie Hinders,jsmithhi,GBUS 1005
1265,UMNCR,UMNCR,GBUS,1005,E96,Orientation to Online Learning,A,6,Julie Hinders,jsmithhi,GBUS 1005
1265,UMNCR,UMNCR,GBUS,1005,E96,Orientation to Online Learning,B,1,Julie Hinders,jsmithhi,GBUS 1005
1265,UMNCR,UMNCR,GBUS,1005,E96,Orientation to Online Learning,D,2,Julie Hinders,jsmithhi,GBUS 1005
1265,UMNCR,UMNCR,GBUS,1005,E96,Orientation to Online Learning,F,3,Julie Hinders,jsmithhi,GBUS 1005
1265,UMNCR,UMNCR,GBUS,3100,E90,Career & Professional Develpmt,A,15,Courtney Bergman,cbergman,GBUS 3100
1265,UMNCR,UMNCR,GBUS,3100,E90,Career & Professional Develpmt,A-,1,Courtney Bergman,cbergman,GBUS 3100
1265,UMNCR,UMNCR,GBUS,3100,E90,Career & Professional Develpmt,B,1,Courtney Bergman,cbergman,GBUS 3100
1265,UMNCR,UMNCR,GBUS,3100,E90,Career & Professional Develpmt,B+,2,Courtney Bergman,cbergman,GBUS 3100
1265,UMNCR,UMNCR,GBUS,3100,E90,Career & Professional Develpmt,C,1,Courtney Bergman,cbergman,GBUS 3100
1265,UMNCR,UMNCR,GBUS,3100,E90,Career & Professional Develpmt,C+,1,Courtney Bergman,cbergman,GBUS 3100
1265,UMNCR,UMNCR,GBUS,3100,E90,Career & Professional Develpmt,F,1,Courtney Bergman,cbergman,GBUS 3100
1265,UMNCR,UMNCR,GBUS,3107,E90,Legal Environment in Business,A,9,Annette Roter,aroter,GBUS 3107
1265,UMNCR,UMNCR,GBUS,3107,E90,Legal Environment in Business,A-,7,Annette Roter,aroter,GBUS 3107
1265,UMNCR,UMNCR,GBUS,3107,E90,Legal Environment in Business,B,1,Annette Roter,aroter,GBUS 3107
1265,UMNCR,UMNCR,GBUS,3107,E90,Legal Environment in Business,B+,3,Annette Roter,aroter,GBUS 3107
1265,UMNCR,UMNCR,GBUS,3107,E90,Legal Environment in Business,B-,1,Annette Roter,aroter,GBUS 3107
1265,UMNCR,UMNCR,GBUS,3107,E90,Legal Environment in Business,C,1,Annette Roter,aroter,GBUS 3107
1265,UMNCR,UMNCR,GBUS,3107,E90,Legal Environment in Business,C+,1,Annette Roter,aroter,GBUS 3107
1265,UMNCR,UMNCR,GBUS,3107,E90,Legal Environment in Business,C-,2,Annette Roter,aroter,GBUS 3107
1265,UMNCR,UMNCR,GBUS,3107,E90,Legal Environment in Business,F,4,Annette Roter,aroter,GBUS 3107
1265,UMNCR,UMNCR,GBUS,3107,E90,Legal Environment in Business,W,1,Annette Roter,aroter,GBUS 3107
1265,UMNCR,UMNCR,GBUS,3500,E90,Business Ethics,A,11,Ken Myers,kmyers,GBUS 3500
1265,UMNCR,UMNCR,GBUS,3500,E90,Business Ethics,A-,2,Ken Myers,kmyers,GBUS 3500
1265,UMNCR,UMNCR,GBUS,3500,E90,Business Ethics,B,3,Ken Myers,kmyers,GBUS 3500
1265,UMNCR,UMNCR,GBUS,3500,E90,Business Ethics,B+,1,Ken Myers,kmyers,GBUS 3500
1265,UMNCR,UMNCR,GBUS,3500,E90,Business Ethics,B-,1,Ken Myers,kmyers,GBUS 3500
1265,UMNCR,UMNCR,GBUS,3500,E90,Business Ethics,C,1,Ken Myers,kmyers,GBUS 3500
1265,UMNCR,UMNCR,GBUS,3500,E90,Business Ethics,D+,1,Ken Myers,kmyers,GBUS 3500
1265,UMNCR,UMNCR,GBUS,3500,E90,Business Ethics,F,2,Ken Myers,kmyers,GBUS 3500
1265,UMNCR,UMNCR,GBUS,3500,E90,Business Ethics,W,2,Ken Myers,kmyers,GBUS 3500
1265,UMNTC,UMNTC,GCD,3022,090,Genetics,A,20,Nobuaki Kikyo,kikyo001,GCD 3022
1265,UMNTC,UMNTC,GCD,3022,090,Genetics,A-,16,Nobuaki Kikyo,kikyo001,GCD 3022
1265,UMNTC,UMNTC,GCD,3022,090,Genetics,B,8,Nobuaki Kikyo,kikyo001,GCD 3022
1265,UMNTC,UMNTC,GCD,3022,090,Genetics,B+,4,Nobuaki Kikyo,kikyo001,GCD 3022
1265,UMNTC,UMNTC,GCD,3022,090,Genetics,B-,3,Nobuaki Kikyo,kikyo001,GCD 3022
1265,UMNTC,UMNTC,GCD,3022,090,Genetics,C,10,Nobuaki Kikyo,kikyo001,GCD 3022
1265,UMNTC,UMNTC,GCD,3022,090,Genetics,C+,6,Nobuaki Kikyo,kikyo001,GCD 3022
1265,UMNTC,UMNTC,GCD,3022,090,Genetics,C-,2,Nobuaki Kikyo,kikyo001,GCD 3022
1265,UMNTC,UMNTC,GCD,3022,090,Genetics,D,2,Nobuaki Kikyo,kikyo001,GCD 3022
1265,UMNTC,UMNTC,GCD,3022,090,Genetics,F,4,Nobuaki Kikyo,kikyo001,GCD 3022
1265,UMNTC,UMNTC,GCD,3485,001,Bioinformatic Analysis,A,5,David Matthes,dmatthes,GCD 3485
1265,UMNTC,UMNTC,GCD,3485,001,Bioinformatic Analysis,A-,3,David Matthes,dmatthes,GCD 3485
1265,UMNTC,UMNTC,GCD,3485,001,Bioinformatic Analysis,B,1,David Matthes,dmatthes,GCD 3485
1265,UMNTC,UMNTC,GCD,3485,001,Bioinformatic Analysis,B+,1,David Matthes,dmatthes,GCD 3485
1265,UMNTC,UMNTC,GCD,3485,001,Bioinformatic Analysis,C,1,David Matthes,dmatthes,GCD 3485
1265,UMNTC,UMNTC,GCD,3485,001,Bioinformatic Analysis,C+,1,David Matthes,dmatthes,GCD 3485
1265,UMNTC,UMNTC,GCD,3485,001,Bioinformatic Analysis,C-,2,David Matthes,dmatthes,GCD 3485
1265,UMNTC,UMNTC,GCD,3485,001,Bioinformatic Analysis,F,1,David Matthes,dmatthes,GCD 3485
1265,UMNDL,UMNDL,GEOG,1414,080,Physical Geography,A,11,Tongxin Zhu,tzhu,GEOG 1414
1265,UMNDL,UMNDL,GEOG,1414,080,Physical Geography,A-,3,Tongxin Zhu,tzhu,GEOG 1414
1265,UMNDL,UMNDL,GEOG,1414,080,Physical Geography,F,1,Tongxin Zhu,tzhu,GEOG 1414
1265,UMNTC,UMNTC,GEOG,1502,001,Mapping Our World,A,76,Ganapathy Narayanaraj,nara0030,GEOG 1502
1265,UMNTC,UMNTC,GEOG,1502,001,Mapping Our World,A-,1,Ganapathy Narayanaraj,nara0030,GEOG 1502
1265,UMNTC,UMNTC,GEOG,1502,001,Mapping Our World,B,1,Ganapathy Narayanaraj,nara0030,GEOG 1502
1265,UMNTC,UMNTC,GEOG,1502,001,Mapping Our World,B+,2,Ganapathy Narayanaraj,nara0030,GEOG 1502
1265,UMNTC,UMNTC,GEOG,1502,001,Mapping Our World,C+,1,Ganapathy Narayanaraj,nara0030,GEOG 1502
1265,UMNTC,UMNTC,GEOG,1502,001,Mapping Our World,S,1,Ganapathy Narayanaraj,nara0030,GEOG 1502
1265,UMNTC,UMNTC,GER,1004,001,Intermediate German,A,2,Ari Hoptman,hoptm001,GER 1004
1265,UMNTC,UMNTC,GER,1004,001,Intermediate German,A-,4,Ari Hoptman,hoptm001,GER 1004
1265,UMNTC,UMNTC,GER,1004,001,Intermediate German,B,2,Ari Hoptman,hoptm001,GER 1004
1265,UMNTC,UMNTC,GER,1004,001,Intermediate German,B+,1,Ari Hoptman,hoptm001,GER 1004
1265,UMNTC,UMNTC,GER,1004,001,Intermediate German,B-,2,Ari Hoptman,hoptm001,GER 1004
1265,UMNTC,UMNTC,GER,1004,001,Intermediate German,C,1,Ari Hoptman,hoptm001,GER 1004
1265,UMNTC,UMNTC,GER,1004,001,Intermediate German,S,1,Ari Hoptman,hoptm001,GER 1004
1265,UMNCR,UMNCR,GNAG,3900,002,Internship,A,17,Lily Germano,lgermano,GNAG 3900
1265,UMNCR,UMNCR,GNAG,3900,002,Internship,A-,2,Lily Germano,lgermano,GNAG 3900
1265,UMNCR,UMNCR,GNAG,3900,002,Internship,B,2,Lily Germano,lgermano,GNAG 3900
1265,UMNCR,UMNCR,GNAG,3900,002,Internship,B+,1,Lily Germano,lgermano,GNAG 3900
1265,UMNCR,UMNCR,GNAG,3900,002,Internship,B-,1,Lily Germano,lgermano,GNAG 3900
1265,UMNCR,UMNCR,GNAG,3900,002,Internship,C,1,Lily Germano,lgermano,GNAG 3900
1265,UMNCR,UMNCR,GNAG,3900,002,Internship,C+,1,Lily Germano,lgermano,GNAG 3900
1265,UMNCR,UMNCR,GNAG,3900,002,Internship,D,3,Lily Germano,lgermano,GNAG 3900
1265,UMNCR,UMNCR,GNAG,3900,002,Internship,D+,1,Lily Germano,lgermano,GNAG 3900
1265,UMNTC,UMNTC,GWSS,3003,001,Gender and Global Politics,A,14,Leith Ghuloum,,GWSS 3003
1265,UMNTC,UMNTC,GWSS,3003,001,Gender and Global Politics,A-,3,Leith Ghuloum,,GWSS 3003
1265,UMNTC,UMNTC,GWSS,3003,001,Gender and Global Politics,B,1,Leith Ghuloum,,GWSS 3003
1265,UMNTC,UMNTC,GWSS,3003,001,Gender and Global Politics,C+,1,Leith Ghuloum,,GWSS 3003
1265,UMNTC,UMNTC,GWSS,3203W,001,"Blood, Bodies, and Science",A,12,Pim Gonzales,,GWSS 3203W
1265,UMNTC,UMNTC,GWSS,3203W,001,"Blood, Bodies, and Science",A-,3,Pim Gonzales,,GWSS 3203W
1265,UMNTC,UMNTC,GWSS,3203W,001,"Blood, Bodies, and Science",B,4,Pim Gonzales,,GWSS 3203W
1265,UMNTC,UMNTC,GWSS,3203W,001,"Blood, Bodies, and Science",B+,4,Pim Gonzales,,GWSS 3203W
1265,UMNTC,UMNTC,GWSS,3203W,001,"Blood, Bodies, and Science",C,1,Pim Gonzales,,GWSS 3203W
1265,UMNTC,UMNTC,GWSS,3203W,001,"Blood, Bodies, and Science",C+,2,Pim Gonzales,,GWSS 3203W
1265,UMNTC,UMNTC,GWSS,3203W,001,"Blood, Bodies, and Science",D,1,Pim Gonzales,,GWSS 3203W
1265,UMNTC,UMNTC,GWSS,3203W,001,"Blood, Bodies, and Science",F,5,Pim Gonzales,,GWSS 3203W
1265,UMNTC,UMNTC,GWSS,3203W,001,"Blood, Bodies, and Science",W,1,Pim Gonzales,,GWSS 3203W
1265,UMNTC,UMNTC,GWSS,3203W,002,"Blood, Bodies, and Science",A,15,Gaeun Kim,,GWSS 3203W
1265,UMNTC,UMNTC,GWSS,3203W,002,"Blood, Bodies, and Science",A-,4,Gaeun Kim,,GWSS 3203W
1265,UMNTC,UMNTC,GWSS,3203W,002,"Blood, Bodies, and Science",B,2,Gaeun Kim,,GWSS 3203W
1265,UMNTC,UMNTC,GWSS,3203W,002,"Blood, Bodies, and Science",B+,4,Gaeun Kim,,GWSS 3203W
1265,UMNTC,UMNTC,GWSS,3203W,002,"Blood, Bodies, and Science",C+,2,Gaeun Kim,,GWSS 3203W
1265,UMNTC,UMNTC,GWSS,3203W,002,"Blood, Bodies, and Science",F,4,Gaeun Kim,,GWSS 3203W
1265,UMNTC,UMNTC,GWSS,3203W,002,"Blood, Bodies, and Science",W,1,Gaeun Kim,,GWSS 3203W
1265,UMNTC,UMNTC,GWSS,3302,001,Women and the Arts,A,19,Isaac Esposto,,GWSS 3302
1265,UMNTC,UMNTC,GWSS,3302,001,Women and the Arts,B,1,Isaac Esposto,,GWSS 3302
1265,UMNTC,UMNTC,GWSS,3302,001,Women and the Arts,C-,1,Isaac Esposto,,GWSS 3302
1265,UMNTC,UMNTC,GWSS,3302,001,Women and the Arts,F,4,Isaac Esposto,,GWSS 3302
1265,UMNTC,UMNTC,GWSS,3302,001,Women and the Arts,S,1,Isaac Esposto,,GWSS 3302
1265,UMNTC,UMNTC,GWSS,3302,001,Women and the Arts,W,1,Isaac Esposto,,GWSS 3302
1265,UMNTC,UMNTC,GWSS,3306,001,Pop Culture Women,A,13,Tanveer Anoy,,GWSS 3306
1265,UMNTC,UMNTC,GWSS,3306,001,Pop Culture Women,A-,2,Tanveer Anoy,,GWSS 3306
1265,UMNDL,UMNDL,HCM,2020,001,How Inequality Makes Us Sick,A,12,Jennifer Schultz,jschultz,HCM 2020
1265,UMNDL,UMNDL,HCM,2020,001,How Inequality Makes Us Sick,A-,1,Jennifer Schultz,jschultz,HCM 2020
1265,UMNDL,UMNDL,HCM,2020,001,How Inequality Makes Us Sick,B,1,Jennifer Schultz,jschultz,HCM 2020
1265,UMNDL,UMNDL,HCM,2020,001,How Inequality Makes Us Sick,B+,3,Jennifer Schultz,jschultz,HCM 2020
1265,UMNDL,UMNDL,HCM,2020,001,How Inequality Makes Us Sick,B-,2,Jennifer Schultz,jschultz,HCM 2020
1265,UMNDL,UMNDL,HCM,2020,001,How Inequality Makes Us Sick,F,3,Jennifer Schultz,jschultz,HCM 2020
1265,UMNDL,UMNDL,HCM,2020,001,How Inequality Makes Us Sick,W,1,Jennifer Schultz,jschultz,HCM 2020
1265,UMNMO,UMNMO,HIST,1111,098,Introduction to World History,A,3,Benjamin Narvaez,bnarvaez,HIST 1111
1265,UMNMO,UMNMO,HIST,1111,098,Introduction to World History,A-,2,Benjamin Narvaez,bnarvaez,HIST 1111
1265,UMNMO,UMNMO,HIST,1111,098,Introduction to World History,B,3,Benjamin Narvaez,bnarvaez,HIST 1111
1265,UMNMO,UMNMO,HIST,1111,098,Introduction to World History,B+,3,Benjamin Narvaez,bnarvaez,HIST 1111
1265,UMNMO,UMNMO,HIST,1111,098,Introduction to World History,B-,1,Benjamin Narvaez,bnarvaez,HIST 1111
1265,UMNMO,UMNMO,HIST,1111,098,Introduction to World History,C,2,Benjamin Narvaez,bnarvaez,HIST 1111
1265,UMNMO,UMNMO,HIST,1111,098,Introduction to World History,F,1,Benjamin Narvaez,bnarvaez,HIST 1111
1265,UMNDL,UMNDL,HIST,1304,001,US History Part I: 1607-1877,A,4,Gideon Mailer,gamailer,HIST 1304
1265,UMNDL,UMNDL,HIST,1304,001,US History Part I: 1607-1877,A-,7,Gideon Mailer,gamailer,HIST 1304
1265,UMNDL,UMNDL,HIST,1304,001,US History Part I: 1607-1877,B+,3,Gideon Mailer,gamailer,HIST 1304
1265,UMNDL,UMNDL,HIST,1304,001,US History Part I: 1607-1877,C,2,Gideon Mailer,gamailer,HIST 1304
1265,UMNDL,UMNDL,HIST,1304,001,US History Part I: 1607-1877,F,1,Gideon Mailer,gamailer,HIST 1304
1265,UMNDL,UMNDL,HIST,1304,001,US History Part I: 1607-1877,W,1,Gideon Mailer,gamailer,HIST 1304
1265,UMNTC,UMNTC,HIST,1811,001,The Sixties: History & Memory,A,10,Shankar Csr,,HIST 1811
1265,UMNTC,UMNTC,HIST,1811,001,The Sixties: History & Memory,A-,6,Shankar Csr,,HIST 1811
1265,UMNTC,UMNTC,HIST,1811,001,The Sixties: History & Memory,D,1,Shankar Csr,,HIST 1811
1265,UMNTC,UMNTC,HIST,1811,001,The Sixties: History & Memory,F,1,Shankar Csr,,HIST 1811
1265,UMNTC,UMNTC,HIST,1811,002,The Sixties: History & Memory,A,5,Yun Kim,,HIST 1811
1265,UMNTC,UMNTC,HIST,1811,002,The Sixties: History & Memory,A-,2,Yun Kim,,HIST 1811
1265,UMNTC,UMNTC,HIST,1811,002,The Sixties: History & Memory,B,1,Yun Kim,,HIST 1811
1265,UMNTC,UMNTC,HIST,1811,002,The Sixties: History & Memory,B+,2,Yun Kim,,HIST 1811
1265,UMNTC,UMNTC,HIST,1811,002,The Sixties: History & Memory,C,1,Yun Kim,,HIST 1811
1265,UMNTC,UMNTC,HIST,1811,002,The Sixties: History & Memory,F,1,Yun Kim,,HIST 1811
1265,UMNTC,UMNTC,HIST,1811,002,The Sixties: History & Memory,W,1,Yun Kim,,HIST 1811
1265,UMNDL,UMNDL,HIST,3244,001,History of the Holocaust,A,11,Natalie Belsky,nbelsky,HIST 3244
1265,UMNDL,UMNDL,HIST,3244,001,History of the Holocaust,A-,2,Natalie Belsky,nbelsky,HIST 3244
1265,UMNDL,UMNDL,HIST,3244,001,History of the Holocaust,B,3,Natalie Belsky,nbelsky,HIST 3244
1265,UMNDL,UMNDL,HIST,3244,001,History of the Holocaust,B-,1,Natalie Belsky,nbelsky,HIST 3244
1265,UMNDL,UMNDL,HIST,3244,001,History of the Holocaust,C+,2,Natalie Belsky,nbelsky,HIST 3244
1265,UMNDL,UMNDL,HIST,3244,001,History of the Holocaust,F,1,Natalie Belsky,nbelsky,HIST 3244
1265,UMNDL,UMNDL,HIST,3244,001,History of the Holocaust,W,1,Natalie Belsky,nbelsky,HIST 3244
1265,UMNTC,UMNTC,HIST,3417W,002,Food in History,A,5,Kara Barker,barke252,HIST 3417W
1265,UMNTC,UMNTC,HIST,3417W,002,Food in History,A-,3,Kara Barker,barke252,HIST 3417W
1265,UMNTC,UMNTC,HIST,3417W,002,Food in History,B,5,Kara Barker,barke252,HIST 3417W
1265,UMNTC,UMNTC,HIST,3417W,002,Food in History,B+,3,Kara Barker,barke252,HIST 3417W
1265,UMNTC,UMNTC,HIST,3417W,002,Food in History,B-,1,Kara Barker,barke252,HIST 3417W
1265,UMNTC,UMNTC,HIST,3417W,002,Food in History,C,2,Kara Barker,barke252,HIST 3417W
1265,UMNTC,UMNTC,HIST,3417W,002,Food in History,C+,1,Kara Barker,barke252,HIST 3417W
1265,UMNTC,UMNTC,HIST,3417W,002,Food in History,C-,1,Kara Barker,barke252,HIST 3417W
1265,UMNTC,UMNTC,HIST,3417W,002,Food in History,S,1,Kara Barker,barke252,HIST 3417W
1265,UMNTC,UMNTC,HIST,3417W,002,Food in History,W,1,Kara Barker,barke252,HIST 3417W
1265,UMNTC,UMNTC,HIST,3417W,003,Food in History,A,5,Ethan Besser Fredrick,,HIST 3417W
1265,UMNTC,UMNTC,HIST,3417W,003,Food in History,B,3,Ethan Besser Fredrick,,HIST 3417W
1265,UMNTC,UMNTC,HIST,3417W,003,Food in History,B+,2,Ethan Besser Fredrick,,HIST 3417W
1265,UMNTC,UMNTC,HIST,3417W,003,Food in History,B-,1,Ethan Besser Fredrick,,HIST 3417W
1265,UMNTC,UMNTC,HIST,3417W,003,Food in History,C+,1,Ethan Besser Fredrick,,HIST 3417W
1265,UMNTC,UMNTC,HIST,3417W,003,Food in History,D,1,Ethan Besser Fredrick,,HIST 3417W
1265,UMNTC,UMNTC,HIST,3417W,003,Food in History,W,5,Ethan Besser Fredrick,,HIST 3417W
1265,UMNDL,UMNDL,HIST,3735,001,Muslim Societies,A,6,Rosemary Stanfield-Johnson,rstanfie,HIST 3735
1265,UMNDL,UMNDL,HIST,3735,001,Muslim Societies,B+,1,Rosemary Stanfield-Johnson,rstanfie,HIST 3735
1265,UMNDL,UMNDL,HIST,3735,001,Muslim Societies,C,2,Rosemary Stanfield-Johnson,rstanfie,HIST 3735
1265,UMNDL,UMNDL,HIST,3735,001,Muslim Societies,C-,1,Rosemary Stanfield-Johnson,rstanfie,HIST 3735
1265,UMNTC,UMNTC,HIST,3822,301,Making America Modern,A,8,Alisa Kuzmina,,HIST 3822
1265,UMNTC,UMNTC,HIST,3822,301,Making America Modern,A-,2,Alisa Kuzmina,,HIST 3822
1265,UMNTC,UMNTC,HIST,3822,301,Making America Modern,B,1,Alisa Kuzmina,,HIST 3822
1265,UMNTC,UMNTC,HIST,3822,301,Making America Modern,B+,4,Alisa Kuzmina,,HIST 3822
1265,UMNTC,UMNTC,HIST,3822,301,Making America Modern,B-,1,Alisa Kuzmina,,HIST 3822
1265,UMNTC,UMNTC,HIST,3822,301,Making America Modern,C-,3,Alisa Kuzmina,,HIST 3822
1265,UMNTC,UMNTC,HIST,3822,301,Making America Modern,F,3,Alisa Kuzmina,,HIST 3822
1265,UMNTC,UMNTC,HIST,3822,301,Making America Modern,S,2,Alisa Kuzmina,,HIST 3822
1265,UMNTC,UMNTC,HIST,3822,301,Making America Modern,W,2,Alisa Kuzmina,,HIST 3822
1265,UMNDL,UMNDL,HLTH,1100,001,Health and Wellness,A,10,Patricia Wendinger,pwending,HLTH 1100
1265,UMNDL,UMNDL,HLTH,1100,001,Health and Wellness,A-,2,Patricia Wendinger,pwending,HLTH 1100
1265,UMNDL,UMNDL,HLTH,1100,001,Health and Wellness,B+,4,Patricia Wendinger,pwending,HLTH 1100
1265,UMNDL,UMNDL,HLTH,1100,001,Health and Wellness,C,1,Patricia Wendinger,pwending,HLTH 1100
1265,UMNDL,UMNDL,HLTH,1100,001,Health and Wellness,C+,2,Patricia Wendinger,pwending,HLTH 1100
1265,UMNDL,UMNDL,HLTH,1100,001,Health and Wellness,D+,1,Patricia Wendinger,pwending,HLTH 1100
1265,UMNDL,UMNDL,HLTH,1100,001,Health and Wellness,F,1,Patricia Wendinger,pwending,HLTH 1100
1265,UMNDL,UMNDL,HLTH,3202,001,Drug Education,A,7,Karen Skrbich,kskrbich,HLTH 3202
1265,UMNDL,UMNDL,HLTH,3202,001,Drug Education,A-,1,Karen Skrbich,kskrbich,HLTH 3202
1265,UMNDL,UMNDL,HLTH,3202,001,Drug Education,B,1,Karen Skrbich,kskrbich,HLTH 3202
1265,UMNDL,UMNDL,HLTH,3202,001,Drug Education,F,1,Karen Skrbich,kskrbich,HLTH 3202
1265,UMNTC,UMNTC,HRIR,3021,001,Human Capital Management,A,20,Sara Swenson,swen0341,HRIR 3021
1265,UMNTC,UMNTC,HRIR,3021,001,Human Capital Management,B,4,Sara Swenson,swen0341,HRIR 3021
1265,UMNTC,UMNTC,HRIR,3021,001,Human Capital Management,B+,1,Sara Swenson,swen0341,HRIR 3021
1265,UMNTC,UMNTC,HRIR,3021,001,Human Capital Management,B-,2,Sara Swenson,swen0341,HRIR 3021
1265,UMNTC,UMNTC,HRIR,3021,001,Human Capital Management,C+,1,Sara Swenson,swen0341,HRIR 3021
1265,UMNCR,UMNCR,HSCI,1123,E90,Fundamentals of Nutrition,A,5,Sharon Stewart,sstewart,HSCI 1123
1265,UMNCR,UMNCR,HSCI,1123,E90,Fundamentals of Nutrition,A-,1,Sharon Stewart,sstewart,HSCI 1123
1265,UMNCR,UMNCR,HSCI,1123,E90,Fundamentals of Nutrition,B,5,Sharon Stewart,sstewart,HSCI 1123
1265,UMNCR,UMNCR,HSCI,1123,E90,Fundamentals of Nutrition,B+,1,Sharon Stewart,sstewart,HSCI 1123
1265,UMNCR,UMNCR,HSCI,1123,E90,Fundamentals of Nutrition,B-,3,Sharon Stewart,sstewart,HSCI 1123
1265,UMNCR,UMNCR,HSCI,1123,E90,Fundamentals of Nutrition,C,4,Sharon Stewart,sstewart,HSCI 1123
1265,UMNCR,UMNCR,HSCI,1123,E90,Fundamentals of Nutrition,D,1,Sharon Stewart,sstewart,HSCI 1123
1265,UMNCR,UMNCR,HSCI,1123,E90,Fundamentals of Nutrition,F,2,Sharon Stewart,sstewart,HSCI 1123
1265,UMNCR,UMNCR,HSCI,1123,E90,Fundamentals of Nutrition,W,3,Sharon Stewart,sstewart,HSCI 1123
1265,UMNTC,UMNTC,HSEX,6001,301,Foundations of Human Sexuality,A,12,Shari Brightly-Brown,brigh184,HSEX 6001
1265,UMNTC,UMNTC,HSEX,6001,301,Foundations of Human Sexuality,B,1,Shari Brightly-Brown,brigh184,HSEX 6001
1265,UMNTC,UMNTC,HSEX,6213,301,Sexual Trauma,A,10,Stefani Goerlich,goerl006,HSEX 6213
1265,UMNTC,UMNTC,HSEX,6213,301,Sexual Trauma,A-,1,Stefani Goerlich,goerl006,HSEX 6213
1265,UMNTC,UMNTC,HSEX,6213,301,Sexual Trauma,B,1,Stefani Goerlich,goerl006,HSEX 6213
1265,UMNTC,UMNTC,HSEX,6213,301,Sexual Trauma,B+,2,Stefani Goerlich,goerl006,HSEX 6213
1265,UMNTC,UMNTC,HSEX,6213,301,Sexual Trauma,W,2,Stefani Goerlich,goerl006,HSEX 6213
1265,UMNTC,UMNTC,HSM,3001,301,Expl Healthcare Mgmt Careers,A,9,Michael Brethorst,mbrethor,HSM 3001
1265,UMNTC,UMNTC,HSM,3001,301,Expl Healthcare Mgmt Careers,A-,1,Michael Brethorst,mbrethor,HSM 3001
1265,UMNTC,UMNTC,HSM,3001,301,Expl Healthcare Mgmt Careers,B+,1,Michael Brethorst,mbrethor,HSM 3001
1265,UMNTC,UMNTC,HSM,3001,301,Expl Healthcare Mgmt Careers,B-,1,Michael Brethorst,mbrethor,HSM 3001
1265,UMNTC,UMNTC,HSM,3001,301,Expl Healthcare Mgmt Careers,W,2,Michael Brethorst,mbrethor,HSM 3001
1265,UMNTC,UMNTC,HSM,3521,301,Healthcare Delivery Systems,A,10,Frederick Bw'ombongi,bwomb001,HSM 3521
1265,UMNTC,UMNTC,HSM,3521,301,Healthcare Delivery Systems,A-,3,Frederick Bw'ombongi,bwomb001,HSM 3521
1265,UMNTC,UMNTC,HSM,3521,301,Healthcare Delivery Systems,B,2,Frederick Bw'ombongi,bwomb001,HSM 3521
1265,UMNTC,UMNTC,HSM,3521,301,Healthcare Delivery Systems,B+,1,Frederick Bw'ombongi,bwomb001,HSM 3521
1265,UMNTC,UMNTC,HSM,3521,301,Healthcare Delivery Systems,B-,1,Frederick Bw'ombongi,bwomb001,HSM 3521
1265,UMNTC,UMNTC,HSM,3521,301,Healthcare Delivery Systems,F,2,Frederick Bw'ombongi,bwomb001,HSM 3521
1265,UMNTC,UMNTC,HSM,3521,301,Healthcare Delivery Systems,W,3,Frederick Bw'ombongi,bwomb001,HSM 3521
1265,UMNTC,UMNTC,HSM,4065,301,Info Security in Health Mgmt,A,14,Scott Lee-Eichenwald,sleeeich,HSM 4065
1265,UMNTC,UMNTC,HSM,4065,301,Info Security in Health Mgmt,A-,5,Scott Lee-Eichenwald,sleeeich,HSM 4065
1265,UMNTC,UMNTC,HSM,4065,301,Info Security in Health Mgmt,B,1,Scott Lee-Eichenwald,sleeeich,HSM 4065
1265,UMNTC,UMNTC,HSM,4065,301,Info Security in Health Mgmt,B+,2,Scott Lee-Eichenwald,sleeeich,HSM 4065
1265,UMNTC,UMNTC,HSM,4541,301,Healthcare Management Finance,A,6,Michael Brethorst,mbrethor,HSM 4541
1265,UMNTC,UMNTC,HSM,4541,301,Healthcare Management Finance,A-,2,Michael Brethorst,mbrethor,HSM 4541
1265,UMNTC,UMNTC,HSM,4541,301,Healthcare Management Finance,B,1,Michael Brethorst,mbrethor,HSM 4541
1265,UMNTC,UMNTC,HSM,4541,301,Healthcare Management Finance,B-,1,Michael Brethorst,mbrethor,HSM 4541
1265,UMNTC,UMNTC,HSM,4541,301,Healthcare Management Finance,C,2,Michael Brethorst,mbrethor,HSM 4541
1265,UMNTC,UMNTC,HSM,4541,301,Healthcare Management Finance,F,1,Michael Brethorst,mbrethor,HSM 4541
1265,UMNTC,UMNTC,HSM,4586,301,Mgmt Assistd Liv & Senior Care,A,9,Josh Berg,jdberg,HSM 4586
1265,UMNTC,UMNTC,HSM,4586,301,Mgmt Assistd Liv & Senior Care,A-,2,Josh Berg,jdberg,HSM 4586
1265,UMNTC,UMNTC,HSM,4586,301,Mgmt Assistd Liv & Senior Care,W,1,Josh Berg,jdberg,HSM 4586
1265,UMNTC,UMNTC,HSM,4591,301,Law & Ethics Healthcare Mgmt,A,11,Debra Rudquist,rudq0003,HSM 4591
1265,UMNTC,UMNTC,HSM,4591,301,Law & Ethics Healthcare Mgmt,A-,2,Debra Rudquist,rudq0003,HSM 4591
1265,UMNTC,UMNTC,HSM,4591,301,Law & Ethics Healthcare Mgmt,B,1,Debra Rudquist,rudq0003,HSM 4591
1265,UMNTC,UMNTC,HSM,4591,301,Law & Ethics Healthcare Mgmt,B+,1,Debra Rudquist,rudq0003,HSM 4591
1265,UMNTC,UMNTC,HSM,4591,301,Law & Ethics Healthcare Mgmt,C+,1,Debra Rudquist,rudq0003,HSM 4591
1265,UMNTC,UMNTC,HSM,4591,301,Law & Ethics Healthcare Mgmt,F,1,Debra Rudquist,rudq0003,HSM 4591
1265,UMNTC,UMNTC,HSM,4591,301,Law & Ethics Healthcare Mgmt,W,1,Debra Rudquist,rudq0003,HSM 4591
1265,UMNTC,UMNTC,HSM,4596,401,Healthcare Mgmt Internship,A,4,Rebecca Davis,davi2631,HSM 4596
1265,UMNTC,UMNTC,HSM,4596,401,Healthcare Mgmt Internship,B,2,Rebecca Davis,davi2631,HSM 4596
1265,UMNTC,UMNTC,HSM,4596,401,Healthcare Mgmt Internship,B+,1,Rebecca Davis,davi2631,HSM 4596
1265,UMNTC,UMNTC,HSM,4596,401,Healthcare Mgmt Internship,B-,3,Rebecca Davis,davi2631,HSM 4596
1265,UMNTC,UMNTC,HSM,4596,401,Healthcare Mgmt Internship,C,3,Rebecca Davis,davi2631,HSM 4596
1265,UMNTC,UMNTC,HSM,4596,401,Healthcare Mgmt Internship,C+,1,Rebecca Davis,davi2631,HSM 4596
1265,UMNTC,UMNTC,HSM,4596,401,Healthcare Mgmt Internship,D,1,Rebecca Davis,davi2631,HSM 4596
1265,UMNTC,UMNTC,HSM,4596,401,Healthcare Mgmt Internship,D+,1,Rebecca Davis,davi2631,HSM 4596
1265,UMNTC,UMNTC,HSM,4596,402,Healthcare Mgmt Internship,A,6,Chelsea Steinborn,stein540,HSM 4596
1265,UMNTC,UMNTC,HSM,4596,402,Healthcare Mgmt Internship,A-,4,Chelsea Steinborn,stein540,HSM 4596
1265,UMNTC,UMNTC,HSM,4596,402,Healthcare Mgmt Internship,B,1,Chelsea Steinborn,stein540,HSM 4596
1265,UMNTC,UMNTC,HSM,4596,402,Healthcare Mgmt Internship,B+,2,Chelsea Steinborn,stein540,HSM 4596
1265,UMNTC,UMNTC,HSM,4596,402,Healthcare Mgmt Internship,C,1,Chelsea Steinborn,stein540,HSM 4596
1265,UMNTC,UMNTC,HSM,4596,402,Healthcare Mgmt Internship,C-,1,Chelsea Steinborn,stein540,HSM 4596
1265,UMNTC,UMNTC,HSM,4596,402,Healthcare Mgmt Internship,F,1,Chelsea Steinborn,stein540,HSM 4596
1265,UMNTC,UMNTC,HSM,4596,403,Healthcare Mgmt Internship,A,6,Gladys Ogunsegha,ekiso002,HSM 4596
1265,UMNTC,UMNTC,HSM,4596,403,Healthcare Mgmt Internship,A-,2,Gladys Ogunsegha,ekiso002,HSM 4596
1265,UMNTC,UMNTC,HSM,4596,403,Healthcare Mgmt Internship,B,1,Gladys Ogunsegha,ekiso002,HSM 4596
1265,UMNTC,UMNTC,HSM,4596,403,Healthcare Mgmt Internship,B+,1,Gladys Ogunsegha,ekiso002,HSM 4596
1265,UMNTC,UMNTC,HSM,4596,403,Healthcare Mgmt Internship,B-,1,Gladys Ogunsegha,ekiso002,HSM 4596
1265,UMNTC,UMNTC,HSM,4596,403,Healthcare Mgmt Internship,C+,2,Gladys Ogunsegha,ekiso002,HSM 4596
1265,UMNTC,UMNTC,HSM,4596,403,Healthcare Mgmt Internship,C-,2,Gladys Ogunsegha,ekiso002,HSM 4596
1265,UMNTC,UMNTC,HSM,4596,403,Healthcare Mgmt Internship,F,1,Gladys Ogunsegha,ekiso002,HSM 4596
1265,UMNCR,UMNCR,HUM,3310,E90,Culture and Technology,A,15,Carl Bevelhymer,bevel008,HUM 3310
1265,UMNCR,UMNCR,HUM,3310,E90,Culture and Technology,A-,9,Carl Bevelhymer,bevel008,HUM 3310
1265,UMNCR,UMNCR,HUM,3310,E90,Culture and Technology,B,2,Carl Bevelhymer,bevel008,HUM 3310
1265,UMNCR,UMNCR,HUM,3310,E90,Culture and Technology,B-,1,Carl Bevelhymer,bevel008,HUM 3310
1265,UMNCR,UMNCR,HUM,3310,E90,Culture and Technology,F,1,Carl Bevelhymer,bevel008,HUM 3310
1265,UMNTC,UMNTC,IBH,6315,001,Family Dynamics in Counseling,A,13,Eugene Hall,hall0907,IBH 6315
1265,UMNTC,UMNTC,IBH,6315,001,Family Dynamics in Counseling,A-,1,Eugene Hall,hall0907,IBH 6315
1265,UMNTC,UMNTC,IBH,6315,001,Family Dynamics in Counseling,F,2,Eugene Hall,hall0907,IBH 6315
1265,UMNTC,UMNTC,IBH,6321,001,Trauma and Crisis Intervention,A,15,Eugene Hall,hall0907,IBH 6321
1265,UMNTC,UMNTC,IBH,6321,001,Trauma and Crisis Intervention,B,1,Eugene Hall,hall0907,IBH 6321
1265,UMNTC,UMNTC,IBH,6321,001,Trauma and Crisis Intervention,B+,1,Eugene Hall,hall0907,IBH 6321
1265,UMNTC,UMNTC,IBH,6325,001,Applications of Assessment,A,10,Jennifer Weigelt,jweigelt,IBH 6325
1265,UMNTC,UMNTC,IBH,6325,001,Applications of Assessment,A-,1,Jennifer Weigelt,jweigelt,IBH 6325
1265,UMNTC,UMNTC,IBH,6325,001,Applications of Assessment,B,2,Jennifer Weigelt,jweigelt,IBH 6325
1265,UMNTC,UMNTC,IBH,6905,001,Practicum,N,1,Fiyyaz Karim,kari0057,IBH 6905
1265,UMNTC,UMNTC,IBH,6905,001,Practicum,S,10,Fiyyaz Karim,kari0057,IBH 6905
1265,UMNTC,UMNTC,IDSC,3001,020,Info Syst & Dig Transformation,A,11,Mani Subramani,subra010,IDSC 3001
1265,UMNTC,UMNTC,IDSC,3001,020,Info Syst & Dig Transformation,A-,5,Mani Subramani,subra010,IDSC 3001
1265,UMNTC,UMNTC,IDSC,3001,020,Info Syst & Dig Transformation,B,3,Mani Subramani,subra010,IDSC 3001
1265,UMNTC,UMNTC,IDSC,3001,020,Info Syst & Dig Transformation,B+,5,Mani Subramani,subra010,IDSC 3001
1265,UMNTC,UMNTC,IDSC,3001,020,Info Syst & Dig Transformation,C,3,Mani Subramani,subra010,IDSC 3001
1265,UMNTC,UMNTC,IDSC,3001,020,Info Syst & Dig Transformation,W,1,Mani Subramani,subra010,IDSC 3001
1265,UMNDL,UMNDL,ILSA,2892,001,Int Sty Art Hist: Italy Abroad,A,5,Jennifer Webb,jdwebb,ILSA 2892
1265,UMNDL,UMNDL,ILSA,2892,001,Int Sty Art Hist: Italy Abroad,A-,2,Jennifer Webb,jdwebb,ILSA 2892
1265,UMNDL,UMNDL,ILSA,2892,001,Int Sty Art Hist: Italy Abroad,B,1,Jennifer Webb,jdwebb,ILSA 2892
1265,UMNDL,UMNDL,ILSA,2892,001,Int Sty Art Hist: Italy Abroad,B+,1,Jennifer Webb,jdwebb,ILSA 2892
1265,UMNDL,UMNDL,ILSA,2892,001,Int Sty Art Hist: Italy Abroad,B-,2,Jennifer Webb,jdwebb,ILSA 2892
1265,UMNDL,UMNDL,ILSA,4255,001,ART 4255 Indep Std Art Abroad,A,9,Betsy Hunt,bjhunt,ILSA 4255
1265,UMNDL,UMNDL,ILSA,4255,001,ART 4255 Indep Std Art Abroad,A-,1,Betsy Hunt,bjhunt,ILSA 4255
1265,UMNDL,UMNDL,ILSA,4917,001,UST 4917 Research Abroad,A,2,Dana Lindaman,lindaman,ILSA 4917
1265,UMNTC,UMNTC,INET,3011W,301,Social Impact of IT,A,11,Michael Lapke,lapke004,INET 3011W
1265,UMNTC,UMNTC,INET,3011W,301,Social Impact of IT,A-,5,Michael Lapke,lapke004,INET 3011W
1265,UMNTC,UMNTC,INET,3011W,301,Social Impact of IT,B,1,Michael Lapke,lapke004,INET 3011W
1265,UMNTC,UMNTC,INET,3011W,301,Social Impact of IT,B+,2,Michael Lapke,lapke004,INET 3011W
1265,UMNTC,UMNTC,INET,3011W,301,Social Impact of IT,B-,3,Michael Lapke,lapke004,INET 3011W
1265,UMNTC,UMNTC,INET,3011W,301,Social Impact of IT,C,1,Michael Lapke,lapke004,INET 3011W
1265,UMNTC,UMNTC,INET,3011W,301,Social Impact of IT,D,1,Michael Lapke,lapke004,INET 3011W
1265,UMNTC,UMNTC,INET,3011W,301,Social Impact of IT,F,1,Michael Lapke,lapke004,INET 3011W
1265,UMNTC,UMNTC,INET,3011W,301,Social Impact of IT,W,4,Michael Lapke,lapke004,INET 3011W
1265,UMNTC,UMNTC,INET,4051,301,IT Infrastruc Oper: Capstone,A,7,Scott Lee-Eichenwald,sleeeich,INET 4051
1265,UMNTC,UMNTC,INET,4051,301,IT Infrastruc Oper: Capstone,A-,5,Scott Lee-Eichenwald,sleeeich,INET 4051
1265,UMNTC,UMNTC,INET,4051,301,IT Infrastruc Oper: Capstone,B,5,Scott Lee-Eichenwald,sleeeich,INET 4051
1265,UMNTC,UMNTC,INET,4051,301,IT Infrastruc Oper: Capstone,B+,2,Scott Lee-Eichenwald,sleeeich,INET 4051
1265,UMNTC,UMNTC,INET,4051,301,IT Infrastruc Oper: Capstone,B-,1,Scott Lee-Eichenwald,sleeeich,INET 4051
1265,UMNTC,UMNTC,INET,4051,301,IT Infrastruc Oper: Capstone,C+,2,Scott Lee-Eichenwald,sleeeich,INET 4051
1265,UMNTC,UMNTC,INET,4051,301,IT Infrastruc Oper: Capstone,F,3,Scott Lee-Eichenwald,sleeeich,INET 4051
1265,UMNTC,UMNTC,INET,4051,301,IT Infrastruc Oper: Capstone,W,2,Scott Lee-Eichenwald,sleeeich,INET 4051
1265,UMNTC,UMNTC,INET,4082W,001,ITI Projects and Processes,A,10,Banipal Ayvaz,bayvaz,INET 4082W
1265,UMNTC,UMNTC,INET,4082W,001,ITI Projects and Processes,A-,4,Banipal Ayvaz,bayvaz,INET 4082W
1265,UMNTC,UMNTC,INET,4082W,001,ITI Projects and Processes,B,5,Banipal Ayvaz,bayvaz,INET 4082W
1265,UMNTC,UMNTC,INET,4082W,001,ITI Projects and Processes,B+,2,Banipal Ayvaz,bayvaz,INET 4082W
1265,UMNTC,UMNTC,INET,4082W,001,ITI Projects and Processes,B-,1,Banipal Ayvaz,bayvaz,INET 4082W
1265,UMNTC,UMNTC,INET,4082W,001,ITI Projects and Processes,C+,3,Banipal Ayvaz,bayvaz,INET 4082W
1265,UMNTC,UMNTC,INET,4082W,001,ITI Projects and Processes,C-,2,Banipal Ayvaz,bayvaz,INET 4082W
1265,UMNTC,UMNTC,INET,4082W,001,ITI Projects and Processes,D,1,Banipal Ayvaz,bayvaz,INET 4082W
1265,UMNTC,UMNTC,INET,4153,301,Intro Security: Policy & Reg,A,11,John Raabe,raabe005,INET 4153
1265,UMNTC,UMNTC,INET,4153,301,Intro Security: Policy & Reg,A-,5,John Raabe,raabe005,INET 4153
1265,UMNTC,UMNTC,INET,4153,301,Intro Security: Policy & Reg,B,1,John Raabe,raabe005,INET 4153
1265,UMNTC,UMNTC,INET,4153,301,Intro Security: Policy & Reg,B+,4,John Raabe,raabe005,INET 4153
1265,UMNTC,UMNTC,INET,4153,301,Intro Security: Policy & Reg,B-,2,John Raabe,raabe005,INET 4153
1265,UMNTC,UMNTC,INET,4153,301,Intro Security: Policy & Reg,F,1,John Raabe,raabe005,INET 4153
1265,UMNMO,UMNMO,IS,3053,500,Irish Texts and Contexts,A,8,Julie Eckerle,ecker014,IS 3053
1265,UMNMO,UMNMO,IS,3053,500,Irish Texts and Contexts,B,1,Julie Eckerle,ecker014,IS 3053
1265,UMNMO,UMNMO,IS,3053,500,Irish Texts and Contexts,B+,1,Julie Eckerle,ecker014,IS 3053
1265,UMNMO,UMNMO,IS,3053,500,Irish Texts and Contexts,C,1,Julie Eckerle,ecker014,IS 3053
1265,UMNCR,UMNCR,ITM,3020,E90,Intro to Mgmt Info Systems,A,12,Jaafar Alghazo,alghazo,ITM 3020
1265,UMNCR,UMNCR,ITM,3020,E90,Intro to Mgmt Info Systems,A-,1,Jaafar Alghazo,alghazo,ITM 3020
1265,UMNCR,UMNCR,ITM,3020,E90,Intro to Mgmt Info Systems,B,2,Jaafar Alghazo,alghazo,ITM 3020
1265,UMNCR,UMNCR,ITM,3020,E90,Intro to Mgmt Info Systems,B+,2,Jaafar Alghazo,alghazo,ITM 3020
1265,UMNCR,UMNCR,ITM,3020,E90,Intro to Mgmt Info Systems,B-,1,Jaafar Alghazo,alghazo,ITM 3020
1265,UMNCR,UMNCR,ITM,3020,E90,Intro to Mgmt Info Systems,F,2,Jaafar Alghazo,alghazo,ITM 3020
1265,UMNCR,UMNCR,ITM,3020,E90,Intro to Mgmt Info Systems,W,1,Jaafar Alghazo,alghazo,ITM 3020
1265,UMNTC,UMNTC,JOUR,1001,001,Media in a Changing World,A,9,Scott Libin,slibin,JOUR 1001
1265,UMNTC,UMNTC,JOUR,1001,001,Media in a Changing World,A-,7,Scott Libin,slibin,JOUR 1001
1265,UMNTC,UMNTC,JOUR,1001,001,Media in a Changing World,B,7,Scott Libin,slibin,JOUR 1001
1265,UMNTC,UMNTC,JOUR,1001,001,Media in a Changing World,B+,4,Scott Libin,slibin,JOUR 1001
1265,UMNTC,UMNTC,JOUR,1001,001,Media in a Changing World,B-,1,Scott Libin,slibin,JOUR 1001
1265,UMNTC,UMNTC,JOUR,1001,001,Media in a Changing World,C+,1,Scott Libin,slibin,JOUR 1001
1265,UMNTC,UMNTC,JOUR,1001,001,Media in a Changing World,D+,1,Scott Libin,slibin,JOUR 1001
1265,UMNTC,UMNTC,JOUR,1001,001,Media in a Changing World,F,1,Scott Libin,slibin,JOUR 1001
1265,UMNTC,UMNTC,JOUR,1001,001,Media in a Changing World,S,1,Scott Libin,slibin,JOUR 1001
1265,UMNTC,UMNTC,JOUR,1001,001,Media in a Changing World,W,1,Scott Libin,slibin,JOUR 1001
1265,UMNTC,UMNTC,JOUR,1001,003,Media in a Changing World,A,15,Christopher Terry,crterry,JOUR 1001
1265,UMNTC,UMNTC,JOUR,1001,003,Media in a Changing World,B,2,Christopher Terry,crterry,JOUR 1001
1265,UMNTC,UMNTC,JOUR,1001,003,Media in a Changing World,B+,3,Christopher Terry,crterry,JOUR 1001
1265,UMNTC,UMNTC,JOUR,1001,003,Media in a Changing World,B-,1,Christopher Terry,crterry,JOUR 1001
1265,UMNTC,UMNTC,JOUR,1001,003,Media in a Changing World,C,1,Christopher Terry,crterry,JOUR 1001
1265,UMNTC,UMNTC,JOUR,1001,003,Media in a Changing World,C+,2,Christopher Terry,crterry,JOUR 1001
1265,UMNTC,UMNTC,JOUR,1001,003,Media in a Changing World,F,1,Christopher Terry,crterry,JOUR 1001
1265,UMNTC,UMNTC,JOUR,1501,001,Digital Games and Society,A,22,Elliott Edsall,,JOUR 1501
1265,UMNTC,UMNTC,JOUR,1501,001,Digital Games and Society,A-,3,Elliott Edsall,,JOUR 1501
1265,UMNTC,UMNTC,JOUR,1501,001,Digital Games and Society,B+,3,Elliott Edsall,,JOUR 1501
1265,UMNTC,UMNTC,JOUR,1501,001,Digital Games and Society,B-,3,Elliott Edsall,,JOUR 1501
1265,UMNTC,UMNTC,JOUR,1501,001,Digital Games and Society,S,2,Elliott Edsall,,JOUR 1501
1265,UMNTC,UMNTC,JOUR,1501,002,Digital Games and Society,A,20,Michael Ofori,,JOUR 1501
1265,UMNTC,UMNTC,JOUR,1501,002,Digital Games and Society,A-,4,Michael Ofori,,JOUR 1501
1265,UMNTC,UMNTC,JOUR,1501,002,Digital Games and Society,B,1,Michael Ofori,,JOUR 1501
1265,UMNTC,UMNTC,JOUR,1501,002,Digital Games and Society,B+,3,Michael Ofori,,JOUR 1501
1265,UMNTC,UMNTC,JOUR,1501,002,Digital Games and Society,C-,1,Michael Ofori,,JOUR 1501
1265,UMNTC,UMNTC,JOUR,1501,002,Digital Games and Society,S,3,Michael Ofori,,JOUR 1501
1265,UMNTC,UMNTC,JOUR,1501,002,Digital Games and Society,W,2,Michael Ofori,,JOUR 1501
1265,UMNTC,UMNTC,JOUR,1501,003,Digital Games and Society,A,5,Namuun Tsegmid,,JOUR 1501
1265,UMNTC,UMNTC,JOUR,1501,003,Digital Games and Society,A-,7,Namuun Tsegmid,,JOUR 1501
1265,UMNTC,UMNTC,JOUR,1501,003,Digital Games and Society,B,4,Namuun Tsegmid,,JOUR 1501
1265,UMNTC,UMNTC,JOUR,1501,003,Digital Games and Society,B+,6,Namuun Tsegmid,,JOUR 1501
1265,UMNTC,UMNTC,JOUR,1501,003,Digital Games and Society,B-,4,Namuun Tsegmid,,JOUR 1501
1265,UMNTC,UMNTC,JOUR,1501,003,Digital Games and Society,C,3,Namuun Tsegmid,,JOUR 1501
1265,UMNTC,UMNTC,JOUR,1501,003,Digital Games and Society,C+,2,Namuun Tsegmid,,JOUR 1501
1265,UMNTC,UMNTC,JOUR,1501,003,Digital Games and Society,D,1,Namuun Tsegmid,,JOUR 1501
1265,UMNTC,UMNTC,JOUR,1501,003,Digital Games and Society,F,1,Namuun Tsegmid,,JOUR 1501
1265,UMNTC,UMNTC,JOUR,1501,003,Digital Games and Society,S,1,Namuun Tsegmid,,JOUR 1501
1265,UMNTC,UMNTC,JOUR,1501,004,Digital Games and Society,A,6,Nicole Klevanskaya,,JOUR 1501
1265,UMNTC,UMNTC,JOUR,1501,004,Digital Games and Society,A-,9,Nicole Klevanskaya,,JOUR 1501
1265,UMNTC,UMNTC,JOUR,1501,004,Digital Games and Society,B,9,Nicole Klevanskaya,,JOUR 1501
1265,UMNTC,UMNTC,JOUR,1501,004,Digital Games and Society,B+,1,Nicole Klevanskaya,,JOUR 1501
1265,UMNTC,UMNTC,JOUR,1501,004,Digital Games and Society,B-,2,Nicole Klevanskaya,,JOUR 1501
1265,UMNTC,UMNTC,JOUR,1501,004,Digital Games and Society,C,1,Nicole Klevanskaya,,JOUR 1501
1265,UMNTC,UMNTC,JOUR,1501,004,Digital Games and Society,D,2,Nicole Klevanskaya,,JOUR 1501
1265,UMNTC,UMNTC,JOUR,1501,004,Digital Games and Society,S,4,Nicole Klevanskaya,,JOUR 1501
1265,UMNTC,UMNTC,JOUR,2790,001,Topics in Strat Comm Skills,A,16,Jennifer Johnson,joh02016,JOUR 2790
1265,UMNTC,UMNTC,JOUR,2790,001,Topics in Strat Comm Skills,C-,1,Jennifer Johnson,joh02016,JOUR 2790
1265,UMNTC,UMNTC,JOUR,2790,001,Topics in Strat Comm Skills,S,2,Jennifer Johnson,joh02016,JOUR 2790
1265,UMNTC,UMNTC,JOUR,3004,001,Info for Mass Communication,A,15,Susan LoRusso,lorus004,JOUR 3004
1265,UMNTC,UMNTC,JOUR,3004,001,Info for Mass Communication,A-,3,Susan LoRusso,lorus004,JOUR 3004
1265,UMNTC,UMNTC,JOUR,3004,001,Info for Mass Communication,B,1,Susan LoRusso,lorus004,JOUR 3004
1265,UMNTC,UMNTC,JOUR,3004,001,Info for Mass Communication,B+,3,Susan LoRusso,lorus004,JOUR 3004
1265,UMNTC,UMNTC,JOUR,3201,001,Principles of Strategic Comm,A,4,Adam Saffer,asaffer,JOUR 3201
1265,UMNTC,UMNTC,JOUR,3201,001,Principles of Strategic Comm,A-,5,Adam Saffer,asaffer,JOUR 3201
1265,UMNTC,UMNTC,JOUR,3201,001,Principles of Strategic Comm,B,1,Adam Saffer,asaffer,JOUR 3201
1265,UMNTC,UMNTC,JOUR,3201,001,Principles of Strategic Comm,B+,4,Adam Saffer,asaffer,JOUR 3201
1265,UMNTC,UMNTC,JOUR,3201,001,Principles of Strategic Comm,B-,3,Adam Saffer,asaffer,JOUR 3201
1265,UMNTC,UMNTC,JOUR,3201,001,Principles of Strategic Comm,C+,3,Adam Saffer,asaffer,JOUR 3201
1265,UMNTC,UMNTC,JOUR,3201,001,Principles of Strategic Comm,D,1,Adam Saffer,asaffer,JOUR 3201
1265,UMNTC,UMNTC,JOUR,3201,001,Principles of Strategic Comm,W,2,Adam Saffer,asaffer,JOUR 3201
1265,UMNTC,UMNTC,JOUR,3321,001,Media Design,A,10,Sara Quinn,squinn,JOUR 3321
1265,UMNTC,UMNTC,JOUR,3321,001,Media Design,A-,2,Sara Quinn,squinn,JOUR 3321
1265,UMNTC,UMNTC,JOUR,3321,001,Media Design,C,2,Sara Quinn,squinn,JOUR 3321
1265,UMNTC,UMNTC,JOUR,3321,001,Media Design,C-,1,Sara Quinn,squinn,JOUR 3321
1265,UMNTC,UMNTC,JOUR,3321,001,Media Design,F,1,Sara Quinn,squinn,JOUR 3321
1265,UMNTC,UMNTC,JOUR,3321,002,Media Design,A,4,Sara Quinn,squinn,JOUR 3321
1265,UMNTC,UMNTC,JOUR,3321,002,Media Design,A-,2,Sara Quinn,squinn,JOUR 3321
1265,UMNTC,UMNTC,JOUR,3321,002,Media Design,B,3,Sara Quinn,squinn,JOUR 3321
1265,UMNTC,UMNTC,JOUR,3321,002,Media Design,B+,2,Sara Quinn,squinn,JOUR 3321
1265,UMNTC,UMNTC,JOUR,3321,002,Media Design,B-,1,Sara Quinn,squinn,JOUR 3321
1265,UMNTC,UMNTC,JOUR,3321,002,Media Design,C,1,Sara Quinn,squinn,JOUR 3321
1265,UMNTC,UMNTC,JOUR,3321,002,Media Design,W,1,Sara Quinn,squinn,JOUR 3321
1265,UMNTC,UMNTC,JOUR,3553,001,Mobile Communication,A,8,Colin Agur,cpagur,JOUR 3553
1265,UMNTC,UMNTC,JOUR,3553,001,Mobile Communication,B,3,Colin Agur,cpagur,JOUR 3553
1265,UMNTC,UMNTC,JOUR,3553,001,Mobile Communication,B+,1,Colin Agur,cpagur,JOUR 3553
1265,UMNTC,UMNTC,JOUR,3553,001,Mobile Communication,D,1,Colin Agur,cpagur,JOUR 3553
1265,UMNTC,UMNTC,JOUR,3553,001,Mobile Communication,W,1,Colin Agur,cpagur,JOUR 3553
1265,UMNTC,UMNTC,JOUR,3741,001,Diversity and Media,A,7,Jill Bonham,jbonham,JOUR 3741
1265,UMNTC,UMNTC,JOUR,3741,001,Diversity and Media,A-,1,Jill Bonham,jbonham,JOUR 3741
1265,UMNTC,UMNTC,JOUR,3741,001,Diversity and Media,B,2,Jill Bonham,jbonham,JOUR 3741
1265,UMNTC,UMNTC,JOUR,3741,001,Diversity and Media,B+,1,Jill Bonham,jbonham,JOUR 3741
1265,UMNTC,UMNTC,JOUR,3741,001,Diversity and Media,C,1,Jill Bonham,jbonham,JOUR 3741
1265,UMNTC,UMNTC,JOUR,3741,001,Diversity and Media,F,1,Jill Bonham,jbonham,JOUR 3741
1265,UMNTC,UMNTC,JOUR,3745,001,Media and Popular Culture,A,21,Monica Crawford,,JOUR 3745
1265,UMNTC,UMNTC,JOUR,3745,001,Media and Popular Culture,A-,3,Monica Crawford,,JOUR 3745
1265,UMNTC,UMNTC,JOUR,3745,001,Media and Popular Culture,B+,2,Monica Crawford,,JOUR 3745
1265,UMNTC,UMNTC,JOUR,3745,001,Media and Popular Culture,B-,2,Monica Crawford,,JOUR 3745
1265,UMNTC,UMNTC,JOUR,3745,001,Media and Popular Culture,C+,1,Monica Crawford,,JOUR 3745
1265,UMNTC,UMNTC,JOUR,3745,001,Media and Popular Culture,C-,1,Monica Crawford,,JOUR 3745
1265,UMNTC,UMNTC,JOUR,3745,002,Media and Popular Culture,A,17,Ruth DeFoster,defoster,JOUR 3745
1265,UMNTC,UMNTC,JOUR,3745,002,Media and Popular Culture,A-,4,Ruth DeFoster,defoster,JOUR 3745
1265,UMNTC,UMNTC,JOUR,3745,002,Media and Popular Culture,B,2,Ruth DeFoster,defoster,JOUR 3745
1265,UMNTC,UMNTC,JOUR,3745,002,Media and Popular Culture,B+,5,Ruth DeFoster,defoster,JOUR 3745
1265,UMNTC,UMNTC,JOUR,3745,002,Media and Popular Culture,C+,2,Ruth DeFoster,defoster,JOUR 3745
1265,UMNTC,UMNTC,JOUR,3745,002,Media and Popular Culture,F,1,Ruth DeFoster,defoster,JOUR 3745
1265,UMNTC,UMNTC,JOUR,3745,002,Media and Popular Culture,W,1,Ruth DeFoster,defoster,JOUR 3745
1265,UMNTC,UMNTC,JOUR,3751,001,Digital Media and Culture,A,15,Allison Steinke,stei1341,JOUR 3751
1265,UMNTC,UMNTC,JOUR,3751,001,Digital Media and Culture,A-,3,Allison Steinke,stei1341,JOUR 3751
1265,UMNTC,UMNTC,JOUR,3751,001,Digital Media and Culture,B,4,Allison Steinke,stei1341,JOUR 3751
1265,UMNTC,UMNTC,JOUR,3751,001,Digital Media and Culture,B+,2,Allison Steinke,stei1341,JOUR 3751
1265,UMNTC,UMNTC,JOUR,3751,001,Digital Media and Culture,B-,3,Allison Steinke,stei1341,JOUR 3751
1265,UMNTC,UMNTC,JOUR,3751,001,Digital Media and Culture,S,1,Allison Steinke,stei1341,JOUR 3751
1265,UMNTC,UMNTC,JOUR,3751,002,Digital Media and Culture,A,23,Allison Steinke,stei1341,JOUR 3751
1265,UMNTC,UMNTC,JOUR,3751,002,Digital Media and Culture,A-,3,Allison Steinke,stei1341,JOUR 3751
1265,UMNTC,UMNTC,JOUR,3751,002,Digital Media and Culture,B,2,Allison Steinke,stei1341,JOUR 3751
1265,UMNTC,UMNTC,JOUR,3751,002,Digital Media and Culture,B+,1,Allison Steinke,stei1341,JOUR 3751
1265,UMNTC,UMNTC,JOUR,3751,002,Digital Media and Culture,B-,1,Allison Steinke,stei1341,JOUR 3751
1265,UMNTC,UMNTC,JOUR,3751,002,Digital Media and Culture,C,1,Allison Steinke,stei1341,JOUR 3751
1265,UMNTC,UMNTC,JOUR,3751,002,Digital Media and Culture,C-,1,Allison Steinke,stei1341,JOUR 3751
1265,UMNTC,UMNTC,JOUR,3751,002,Digital Media and Culture,D,1,Allison Steinke,stei1341,JOUR 3751
1265,UMNTC,UMNTC,JOUR,3751,002,Digital Media and Culture,S,1,Allison Steinke,stei1341,JOUR 3751
1265,UMNTC,UMNTC,JOUR,3759,002,"Sports, Media, and Information",A,5,Carolina Velloso,cvelloso,JOUR 3759
1265,UMNTC,UMNTC,JOUR,3759,002,"Sports, Media, and Information",A-,1,Carolina Velloso,cvelloso,JOUR 3759
1265,UMNTC,UMNTC,JOUR,3759,002,"Sports, Media, and Information",B,1,Carolina Velloso,cvelloso,JOUR 3759
1265,UMNTC,UMNTC,JOUR,3759,002,"Sports, Media, and Information",B-,1,Carolina Velloso,cvelloso,JOUR 3759
1265,UMNTC,UMNTC,JOUR,3759,002,"Sports, Media, and Information",C+,1,Carolina Velloso,cvelloso,JOUR 3759
1265,UMNTC,UMNTC,JOUR,3759,002,"Sports, Media, and Information",D+,1,Carolina Velloso,cvelloso,JOUR 3759
1265,UMNTC,UMNTC,JOUR,3759,002,"Sports, Media, and Information",F,1,Carolina Velloso,cvelloso,JOUR 3759
1265,UMNTC,UMNTC,JOUR,3761,001,Social Media Management,A,10,Valerie Belair-Gagnon,vbg,JOUR 3761
1265,UMNTC,UMNTC,JOUR,3761,001,Social Media Management,A-,2,Valerie Belair-Gagnon,vbg,JOUR 3761
1265,UMNTC,UMNTC,JOUR,3761,001,Social Media Management,B,2,Valerie Belair-Gagnon,vbg,JOUR 3761
1265,UMNTC,UMNTC,JOUR,3761,001,Social Media Management,B+,1,Valerie Belair-Gagnon,vbg,JOUR 3761
1265,UMNTC,UMNTC,JOUR,3761,001,Social Media Management,C,1,Valerie Belair-Gagnon,vbg,JOUR 3761
1265,UMNTC,UMNTC,JOUR,3761,001,Social Media Management,D,1,Valerie Belair-Gagnon,vbg,JOUR 3761
1265,UMNTC,UMNTC,JOUR,3761,001,Social Media Management,F,2,Valerie Belair-Gagnon,vbg,JOUR 3761
1265,UMNTC,UMNTC,JOUR,3771,001,Media Ethics,A,6,Stacie Swenson,stacie,JOUR 3771
1265,UMNTC,UMNTC,JOUR,3771,001,Media Ethics,A-,1,Stacie Swenson,stacie,JOUR 3771
1265,UMNTC,UMNTC,JOUR,3771,001,Media Ethics,B+,1,Stacie Swenson,stacie,JOUR 3771
1265,UMNTC,UMNTC,JOUR,3771,001,Media Ethics,D,1,Stacie Swenson,stacie,JOUR 3771
1265,UMNTC,UMNTC,JOUR,3771,001,Media Ethics,F,1,Stacie Swenson,stacie,JOUR 3771
1265,UMNTC,UMNTC,JOUR,3771,001,Media Ethics,S,1,Stacie Swenson,stacie,JOUR 3771
1265,UMNTC,UMNTC,JOUR,4251,001,Psychology of Advertising,A,20,Sherri Katz,sjkatz,JOUR 4251
1265,UMNTC,UMNTC,JOUR,4251,001,Psychology of Advertising,B,1,Sherri Katz,sjkatz,JOUR 4251
1265,UMNTC,UMNTC,JOUR,4274W,001,Advertising in Society,A,8,Ruth DeFoster,defoster,JOUR 4274W
1265,UMNTC,UMNTC,JOUR,4274W,001,Advertising in Society,A-,5,Ruth DeFoster,defoster,JOUR 4274W
1265,UMNTC,UMNTC,JOUR,4274W,001,Advertising in Society,B,2,Ruth DeFoster,defoster,JOUR 4274W
1265,UMNTC,UMNTC,JOUR,4274W,001,Advertising in Society,B+,2,Ruth DeFoster,defoster,JOUR 4274W
1265,UMNTC,UMNTC,JOUR,4274W,001,Advertising in Society,F,1,Ruth DeFoster,defoster,JOUR 4274W
1265,UMNTC,UMNTC,JOUR,8206,001,Capstone,A,10,Erich Sommerfeldt,esommerf,JOUR 8206
1265,UMNTC,UMNTC,JOUR,8206,001,Capstone,A-,1,Erich Sommerfeldt,esommerf,JOUR 8206
1265,UMNTC,UMNTC,JOUR,8208,001,Leading Digital Strategy,A,18,Dan Mandle,dnmandle,JOUR 8208
1265,UMNTC,UMNTC,JOUR,8208,001,Leading Digital Strategy,B,1,Dan Mandle,dnmandle,JOUR 8208
1265,UMNTC,UMNTC,JOUR,8208,001,Leading Digital Strategy,F,1,Dan Mandle,dnmandle,JOUR 8208
1265,UMNTC,UMNTC,JOUR,8208,002,Leading Digital Strategy,A,9,Dan Mandle,dnmandle,JOUR 8208
1265,UMNTC,UMNTC,JOUR,8208,002,Leading Digital Strategy,A-,1,Dan Mandle,dnmandle,JOUR 8208
1265,UMNTC,UMNTC,JOUR,8208,002,Leading Digital Strategy,B+,1,Dan Mandle,dnmandle,JOUR 8208
1265,UMNTC,UMNTC,JOUR,8208,002,Leading Digital Strategy,B-,1,Dan Mandle,dnmandle,JOUR 8208
1265,UMNTC,UMNTC,JOUR,8208,002,Leading Digital Strategy,C,1,Dan Mandle,dnmandle,JOUR 8208
1265,UMNTC,UMNTC,KIN,3001,001,Lifetime Health & Wellness,A,26,Katie Schuver,schuv007,KIN 3001
1265,UMNTC,UMNTC,KIN,3001,001,Lifetime Health & Wellness,A-,3,Katie Schuver,schuv007,KIN 3001
1265,UMNTC,UMNTC,KIN,3001,001,Lifetime Health & Wellness,B,1,Katie Schuver,schuv007,KIN 3001
1265,UMNTC,UMNTC,KIN,3001,001,Lifetime Health & Wellness,B+,7,Katie Schuver,schuv007,KIN 3001
1265,UMNTC,UMNTC,KIN,3001,001,Lifetime Health & Wellness,C+,1,Katie Schuver,schuv007,KIN 3001
1265,UMNTC,UMNTC,KIN,3001,001,Lifetime Health & Wellness,D+,1,Katie Schuver,schuv007,KIN 3001
1265,UMNTC,UMNTC,KIN,3001,001,Lifetime Health & Wellness,F,1,Katie Schuver,schuv007,KIN 3001
1265,UMNTC,UMNTC,KIN,3001,001,Lifetime Health & Wellness,W,2,Katie Schuver,schuv007,KIN 3001
1265,UMNTC,UMNTC,KIN,3027,002,Human Anatomy for Kinesiology,A,3,Lindsey Grafstrom,,KIN 3027
1265,UMNTC,UMNTC,KIN,3027,002,Human Anatomy for Kinesiology,B,4,Lindsey Grafstrom,,KIN 3027
1265,UMNTC,UMNTC,KIN,3027,002,Human Anatomy for Kinesiology,B+,3,Lindsey Grafstrom,,KIN 3027
1265,UMNTC,UMNTC,KIN,3027,002,Human Anatomy for Kinesiology,C,1,Lindsey Grafstrom,,KIN 3027
1265,UMNTC,UMNTC,KIN,3027,002,Human Anatomy for Kinesiology,D,1,Lindsey Grafstrom,,KIN 3027
1265,UMNTC,UMNTC,KIN,3027,002,Human Anatomy for Kinesiology,F,1,Lindsey Grafstrom,,KIN 3027
1265,UMNTC,UMNTC,KIN,3027,002,Human Anatomy for Kinesiology,W,1,Lindsey Grafstrom,,KIN 3027
1265,UMNTC,UMNTC,KIN,3027,003,Human Anatomy for Kinesiology,B,1,Lindsey Grafstrom,,KIN 3027
1265,UMNTC,UMNTC,KIN,3027,003,Human Anatomy for Kinesiology,B+,1,Lindsey Grafstrom,,KIN 3027
1265,UMNTC,UMNTC,KIN,3027,003,Human Anatomy for Kinesiology,B-,2,Lindsey Grafstrom,,KIN 3027
1265,UMNTC,UMNTC,KIN,3027,003,Human Anatomy for Kinesiology,C,4,Lindsey Grafstrom,,KIN 3027
1265,UMNTC,UMNTC,KIN,3027,003,Human Anatomy for Kinesiology,C+,4,Lindsey Grafstrom,,KIN 3027
1265,UMNTC,UMNTC,KIN,3027,003,Human Anatomy for Kinesiology,D,1,Lindsey Grafstrom,,KIN 3027
1265,UMNTC,UMNTC,KIN,3027,003,Human Anatomy for Kinesiology,D+,1,Lindsey Grafstrom,,KIN 3027
1265,UMNTC,UMNTC,KIN,3027,003,Human Anatomy for Kinesiology,F,1,Lindsey Grafstrom,,KIN 3027
1265,UMNTC,UMNTC,KIN,3112,102,Introduction to Biomechanics,A,4,Naveen Elangovan,naveen,KIN 3112
1265,UMNTC,UMNTC,KIN,3112,102,Introduction to Biomechanics,A-,3,Naveen Elangovan,naveen,KIN 3112
1265,UMNTC,UMNTC,KIN,3112,102,Introduction to Biomechanics,B,2,Naveen Elangovan,naveen,KIN 3112
1265,UMNTC,UMNTC,KIN,3112,102,Introduction to Biomechanics,B+,2,Naveen Elangovan,naveen,KIN 3112
1265,UMNTC,UMNTC,KIN,3112,102,Introduction to Biomechanics,B-,1,Naveen Elangovan,naveen,KIN 3112
1265,UMNTC,UMNTC,KIN,3112,102,Introduction to Biomechanics,C,6,Naveen Elangovan,naveen,KIN 3112
1265,UMNTC,UMNTC,KIN,3112,102,Introduction to Biomechanics,C+,2,Naveen Elangovan,naveen,KIN 3112
1265,UMNTC,UMNTC,KIN,3112,102,Introduction to Biomechanics,C-,2,Naveen Elangovan,naveen,KIN 3112
1265,UMNTC,UMNTC,KIN,4385,002,Exercise Physiology,A,1,Olivia Ruhland,,KIN 4385
1265,UMNTC,UMNTC,KIN,4385,002,Exercise Physiology,A-,3,Olivia Ruhland,,KIN 4385
1265,UMNTC,UMNTC,KIN,4385,002,Exercise Physiology,B,2,Olivia Ruhland,,KIN 4385
1265,UMNTC,UMNTC,KIN,4385,002,Exercise Physiology,B+,1,Olivia Ruhland,,KIN 4385
1265,UMNTC,UMNTC,KIN,4385,002,Exercise Physiology,B-,3,Olivia Ruhland,,KIN 4385
1265,UMNTC,UMNTC,KIN,4385,002,Exercise Physiology,C,3,Olivia Ruhland,,KIN 4385
1265,UMNTC,UMNTC,KIN,4385,002,Exercise Physiology,C+,4,Olivia Ruhland,,KIN 4385
1265,UMNTC,UMNTC,KIN,4385,002,Exercise Physiology,C-,1,Olivia Ruhland,,KIN 4385
1265,UMNTC,UMNTC,KIN,4385,002,Exercise Physiology,D+,1,Olivia Ruhland,,KIN 4385
1265,UMNTC,UMNTC,KIN,4385,002,Exercise Physiology,W,1,Olivia Ruhland,,KIN 4385
1265,UMNTC,UMNTC,LAMP,4177,301,Pathology for Allied Hlth Stdt,A,86,Martha Meyer,meye4091,LAMP 4177
1265,UMNTC,UMNTC,LAMP,4177,301,Pathology for Allied Hlth Stdt,B,4,Martha Meyer,meye4091,LAMP 4177
1265,UMNTC,UMNTC,LAMP,4177,301,Pathology for Allied Hlth Stdt,C,3,Martha Meyer,meye4091,LAMP 4177
1265,UMNTC,UMNTC,LEAD,1961W,001,Personal Leadership in the U,A,15,Vongrathayuth Hingphith,,LEAD 1961W
1265,UMNTC,UMNTC,LEAD,1961W,001,Personal Leadership in the U,A-,2,Vongrathayuth Hingphith,,LEAD 1961W
1265,UMNTC,UMNTC,LEAD,1961W,001,Personal Leadership in the U,B,2,Vongrathayuth Hingphith,,LEAD 1961W
1265,UMNTC,UMNTC,LEAD,1961W,001,Personal Leadership in the U,B-,1,Vongrathayuth Hingphith,,LEAD 1961W
1265,UMNTC,UMNTC,LEAD,1961W,001,Personal Leadership in the U,C,1,Vongrathayuth Hingphith,,LEAD 1961W
1265,UMNTC,UMNTC,LEAD,1961W,001,Personal Leadership in the U,D+,2,Vongrathayuth Hingphith,,LEAD 1961W
1265,UMNTC,UMNTC,LEAD,1961W,001,Personal Leadership in the U,W,1,Vongrathayuth Hingphith,,LEAD 1961W
1265,UMNTC,UMNTC,LEAD,1961W,002,Personal Leadership in the U,A,13,Vongrathayuth Hingphith,,LEAD 1961W
1265,UMNTC,UMNTC,LEAD,1961W,002,Personal Leadership in the U,A-,1,Vongrathayuth Hingphith,,LEAD 1961W
1265,UMNTC,UMNTC,LEAD,1961W,002,Personal Leadership in the U,B,1,Vongrathayuth Hingphith,,LEAD 1961W
1265,UMNTC,UMNTC,LEAD,1961W,002,Personal Leadership in the U,B-,2,Vongrathayuth Hingphith,,LEAD 1961W
1265,UMNTC,UMNTC,LEAD,1961W,002,Personal Leadership in the U,C,2,Vongrathayuth Hingphith,,LEAD 1961W
1265,UMNTC,UMNTC,LEAD,1961W,002,Personal Leadership in the U,C+,1,Vongrathayuth Hingphith,,LEAD 1961W
1265,UMNTC,UMNTC,LEAD,1961W,002,Personal Leadership in the U,F,3,Vongrathayuth Hingphith,,LEAD 1961W
1265,UMNTC,UMNTC,LEAD,4481,500,"Ldrship/Social Change, Ireland",A,9,Margaret Harris,mmharris,LEAD 4481
1265,UMNTC,UMNTC,LEAD,4481,500,"Ldrship/Social Change, Ireland",C+,1,Margaret Harris,mmharris,LEAD 4481
1265,UMNDL,UMNDL,LING,1811,080,Introduction to Linguistics,A,2,Chongwon Park,cpark2,LING 1811
1265,UMNDL,UMNDL,LING,1811,080,Introduction to Linguistics,A-,4,Chongwon Park,cpark2,LING 1811
1265,UMNDL,UMNDL,LING,1811,080,Introduction to Linguistics,B,1,Chongwon Park,cpark2,LING 1811
1265,UMNDL,UMNDL,LING,1811,080,Introduction to Linguistics,B+,1,Chongwon Park,cpark2,LING 1811
1265,UMNDL,UMNDL,LING,1811,080,Introduction to Linguistics,F,1,Chongwon Park,cpark2,LING 1811
1265,UMNDL,UMNDL,LING,1811,080,Introduction to Linguistics,W,1,Chongwon Park,cpark2,LING 1811
1265,UMNTC,UMNTC,LING,3001,002,Introduction to Linguistics,A,5,Morgan Staley,mstaley,LING 3001
1265,UMNTC,UMNTC,LING,3001,002,Introduction to Linguistics,A-,1,Morgan Staley,mstaley,LING 3001
1265,UMNTC,UMNTC,LING,3001,002,Introduction to Linguistics,B,1,Morgan Staley,mstaley,LING 3001
1265,UMNTC,UMNTC,LING,3001,002,Introduction to Linguistics,B+,3,Morgan Staley,mstaley,LING 3001
1265,UMNTC,UMNTC,LING,3001,002,Introduction to Linguistics,B-,1,Morgan Staley,mstaley,LING 3001
1265,UMNTC,UMNTC,LING,3001,002,Introduction to Linguistics,C,2,Morgan Staley,mstaley,LING 3001
1265,UMNTC,UMNTC,LING,3001,002,Introduction to Linguistics,F,1,Morgan Staley,mstaley,LING 3001
1265,UMNTC,UMNTC,LNDN,3375,500,Global Internship London,A,6,Unknown Instructor,,LNDN 3375
1265,UMNTC,UMNTC,LNDN,3375,500,Global Internship London,A-,7,Unknown Instructor,,LNDN 3375
1265,UMNTC,UMNTC,LNDN,3375,500,Global Internship London,B,1,Unknown Instructor,,LNDN 3375
1265,UMNTC,UMNTC,MABA,6155,070,Generative AI for Business,A,15,Alok Gupta,gupta037,MABA 6155
1265,UMNTC,UMNTC,MABA,6155,070,Generative AI for Business,A-,16,Alok Gupta,gupta037,MABA 6155
1265,UMNTC,UMNTC,MABA,6155,070,Generative AI for Business,B,5,Alok Gupta,gupta037,MABA 6155
1265,UMNTC,UMNTC,MABA,6155,070,Generative AI for Business,B+,8,Alok Gupta,gupta037,MABA 6155
1265,UMNTC,UMNTC,MABA,6321,070,Data Management and Big Data,A,13,De Liu,deliu,MABA 6321
1265,UMNTC,UMNTC,MABA,6321,070,Data Management and Big Data,A-,3,De Liu,deliu,MABA 6321
1265,UMNTC,UMNTC,MABA,6321,070,Data Management and Big Data,B,1,De Liu,deliu,MABA 6321
1265,UMNTC,UMNTC,MABA,6321,070,Data Management and Big Data,B+,1,De Liu,deliu,MABA 6321
1265,UMNTC,UMNTC,MABA,6321,070,Data Management and Big Data,B-,1,De Liu,deliu,MABA 6321
1265,UMNTC,UMNTC,MABA,6511,070,Experiential Learning,A,9,Alok Gupta,gupta037,MABA 6511
1265,UMNTC,UMNTC,MABA,6511,070,Experiential Learning,W,1,Alok Gupta,gupta037,MABA 6511
1265,UMNTC,UMNTC,MADR,3012,500,Internships in Spain,A,8,Unknown Instructor,,MADR 3012
1265,UMNTC,UMNTC,MADR,3012,500,Internships in Spain,B+,2,Unknown Instructor,,MADR 3012
1265,UMNTC,UMNTC,MADR,3301,500,Cross-Cultural Psychology,A,7,Unknown Instructor,,MADR 3301
1265,UMNTC,UMNTC,MADR,3301,500,Cross-Cultural Psychology,A-,6,Unknown Instructor,,MADR 3301
1265,UMNTC,UMNTC,MADR,3301,500,Cross-Cultural Psychology,B,1,Unknown Instructor,,MADR 3301
1265,UMNTC,UMNTC,MADR,3301,500,Cross-Cultural Psychology,B+,3,Unknown Instructor,,MADR 3301
1265,UMNDL,UMNDL,MATH,1005,001,College Algebra,A,2,Angela Sharp,acates,MATH 1005
1265,UMNDL,UMNDL,MATH,1005,001,College Algebra,A-,2,Angela Sharp,acates,MATH 1005
1265,UMNDL,UMNDL,MATH,1005,001,College Algebra,B,1,Angela Sharp,acates,MATH 1005
1265,UMNDL,UMNDL,MATH,1005,001,College Algebra,B+,6,Angela Sharp,acates,MATH 1005
1265,UMNDL,UMNDL,MATH,1005,001,College Algebra,B-,1,Angela Sharp,acates,MATH 1005
1265,UMNDL,UMNDL,MATH,1005,001,College Algebra,C,5,Angela Sharp,acates,MATH 1005
1265,UMNDL,UMNDL,MATH,1005,001,College Algebra,C-,2,Angela Sharp,acates,MATH 1005
1265,UMNDL,UMNDL,MATH,1005,001,College Algebra,W,1,Angela Sharp,acates,MATH 1005
1265,UMNCR,UMNCR,MATH,1031,E90,College Algebra,A,7,Beth Reeves,reevesb,MATH 1031
1265,UMNCR,UMNCR,MATH,1031,E90,College Algebra,A-,2,Beth Reeves,reevesb,MATH 1031
1265,UMNCR,UMNCR,MATH,1031,E90,College Algebra,B,1,Beth Reeves,reevesb,MATH 1031
1265,UMNCR,UMNCR,MATH,1031,E90,College Algebra,B+,2,Beth Reeves,reevesb,MATH 1031
1265,UMNCR,UMNCR,MATH,1031,E90,College Algebra,B-,1,Beth Reeves,reevesb,MATH 1031
1265,UMNCR,UMNCR,MATH,1031,E90,College Algebra,C,1,Beth Reeves,reevesb,MATH 1031
1265,UMNCR,UMNCR,MATH,1031,E90,College Algebra,F,3,Beth Reeves,reevesb,MATH 1031
1265,UMNCR,UMNCR,MATH,1031,E90,College Algebra,W,1,Beth Reeves,reevesb,MATH 1031
1265,UMNCR,UMNCR,MATH,1031,E91,College Algebra,A,9,Mark Dufner,dufne001,MATH 1031
1265,UMNCR,UMNCR,MATH,1031,E91,College Algebra,A-,3,Mark Dufner,dufne001,MATH 1031
1265,UMNCR,UMNCR,MATH,1031,E91,College Algebra,B+,1,Mark Dufner,dufne001,MATH 1031
1265,UMNCR,UMNCR,MATH,1031,E91,College Algebra,W,1,Mark Dufner,dufne001,MATH 1031
1265,UMNTC,UMNTC,MATH,1142,001,Short Calculus,A,2,Nickolas Anderson,,MATH 1142
1265,UMNTC,UMNTC,MATH,1142,001,Short Calculus,B,2,Nickolas Anderson,,MATH 1142
1265,UMNTC,UMNTC,MATH,1142,001,Short Calculus,B+,1,Nickolas Anderson,,MATH 1142
1265,UMNTC,UMNTC,MATH,1142,001,Short Calculus,C+,1,Nickolas Anderson,,MATH 1142
1265,UMNTC,UMNTC,MATH,1142,001,Short Calculus,C-,1,Nickolas Anderson,,MATH 1142
1265,UMNTC,UMNTC,MATH,1142,001,Short Calculus,F,3,Nickolas Anderson,,MATH 1142
1265,UMNTC,UMNTC,MATH,1142,001,Short Calculus,W,1,Nickolas Anderson,,MATH 1142
1265,UMNCR,UMNCR,MATH,1150,E90,Introduction to Statistics,A,17,Theodore Chapman,tchapman,MATH 1150
1265,UMNCR,UMNCR,MATH,1150,E90,Introduction to Statistics,A-,2,Theodore Chapman,tchapman,MATH 1150
1265,UMNCR,UMNCR,MATH,1150,E90,Introduction to Statistics,B+,1,Theodore Chapman,tchapman,MATH 1150
1265,UMNCR,UMNCR,MATH,1150,E90,Introduction to Statistics,B-,2,Theodore Chapman,tchapman,MATH 1150
1265,UMNCR,UMNCR,MATH,1150,E90,Introduction to Statistics,C,2,Theodore Chapman,tchapman,MATH 1150
1265,UMNCR,UMNCR,MATH,1150,E90,Introduction to Statistics,C-,2,Theodore Chapman,tchapman,MATH 1150
1265,UMNCR,UMNCR,MATH,1150,E90,Introduction to Statistics,F,2,Theodore Chapman,tchapman,MATH 1150
1265,UMNCR,UMNCR,MATH,1150,E90,Introduction to Statistics,W,1,Theodore Chapman,tchapman,MATH 1150
1265,UMNCR,UMNCR,MATH,1150,E91,Introduction to Statistics,A,9,Theodore Chapman,tchapman,MATH 1150
1265,UMNCR,UMNCR,MATH,1150,E91,Introduction to Statistics,A-,1,Theodore Chapman,tchapman,MATH 1150
1265,UMNCR,UMNCR,MATH,1150,E91,Introduction to Statistics,B,1,Theodore Chapman,tchapman,MATH 1150
1265,UMNCR,UMNCR,MATH,1150,E91,Introduction to Statistics,B+,2,Theodore Chapman,tchapman,MATH 1150
1265,UMNCR,UMNCR,MATH,1150,E91,Introduction to Statistics,B-,1,Theodore Chapman,tchapman,MATH 1150
1265,UMNCR,UMNCR,MATH,1150,E91,Introduction to Statistics,C,1,Theodore Chapman,tchapman,MATH 1150
1265,UMNCR,UMNCR,MATH,1150,E91,Introduction to Statistics,C+,1,Theodore Chapman,tchapman,MATH 1150
1265,UMNCR,UMNCR,MATH,1150,E91,Introduction to Statistics,C-,1,Theodore Chapman,tchapman,MATH 1150
1265,UMNCR,UMNCR,MATH,1150,E91,Introduction to Statistics,F,1,Theodore Chapman,tchapman,MATH 1150
1265,UMNCR,UMNCR,MATH,1150,E91,Introduction to Statistics,W,2,Theodore Chapman,tchapman,MATH 1150
1265,UMNDL,UMNDL,MATH,1160,001,"Finite, Intro Calculus",A,14,Bryan Freyberg,frey0031,MATH 1160
1265,UMNDL,UMNDL,MATH,1160,001,"Finite, Intro Calculus",A-,6,Bryan Freyberg,frey0031,MATH 1160
1265,UMNDL,UMNDL,MATH,1160,001,"Finite, Intro Calculus",B,3,Bryan Freyberg,frey0031,MATH 1160
1265,UMNDL,UMNDL,MATH,1160,001,"Finite, Intro Calculus",B+,3,Bryan Freyberg,frey0031,MATH 1160
1265,UMNDL,UMNDL,MATH,1250,001,Precalc Analysis,A,8,Laura Carr,zimm0230,MATH 1250
1265,UMNDL,UMNDL,MATH,1250,001,Precalc Analysis,B,4,Laura Carr,zimm0230,MATH 1250
1265,UMNDL,UMNDL,MATH,1250,001,Precalc Analysis,B+,1,Laura Carr,zimm0230,MATH 1250
1265,UMNDL,UMNDL,MATH,1250,001,Precalc Analysis,B-,1,Laura Carr,zimm0230,MATH 1250
1265,UMNDL,UMNDL,MATH,1250,001,Precalc Analysis,C,2,Laura Carr,zimm0230,MATH 1250
1265,UMNDL,UMNDL,MATH,1250,001,Precalc Analysis,C+,3,Laura Carr,zimm0230,MATH 1250
1265,UMNDL,UMNDL,MATH,1250,001,Precalc Analysis,F,1,Laura Carr,zimm0230,MATH 1250
1265,UMNDL,UMNDL,MATH,1250,001,Precalc Analysis,W,5,Laura Carr,zimm0230,MATH 1250
1265,UMNTC,UMNTC,MATH,1271,001,Calculus I,A,3,Lee Trent,,MATH 1271
1265,UMNTC,UMNTC,MATH,1271,001,Calculus I,A-,3,Lee Trent,,MATH 1271
1265,UMNTC,UMNTC,MATH,1271,001,Calculus I,B,2,Lee Trent,,MATH 1271
1265,UMNTC,UMNTC,MATH,1271,001,Calculus I,B+,1,Lee Trent,,MATH 1271
1265,UMNTC,UMNTC,MATH,1271,001,Calculus I,C,1,Lee Trent,,MATH 1271
1265,UMNTC,UMNTC,MATH,1271,001,Calculus I,C+,1,Lee Trent,,MATH 1271
1265,UMNTC,UMNTC,MATH,1271,001,Calculus I,C-,2,Lee Trent,,MATH 1271
1265,UMNTC,UMNTC,MATH,1271,001,Calculus I,D,1,Lee Trent,,MATH 1271
1265,UMNTC,UMNTC,MATH,1271,001,Calculus I,F,4,Lee Trent,,MATH 1271
1265,UMNTC,UMNTC,MATH,1271,001,Calculus I,W,1,Lee Trent,,MATH 1271
1265,UMNTC,UMNTC,MATH,1271,002,Calculus I,A,3,Oliver Marcus,,MATH 1271
1265,UMNTC,UMNTC,MATH,1271,002,Calculus I,A-,1,Oliver Marcus,,MATH 1271
1265,UMNTC,UMNTC,MATH,1271,002,Calculus I,B,2,Oliver Marcus,,MATH 1271
1265,UMNTC,UMNTC,MATH,1271,002,Calculus I,B+,2,Oliver Marcus,,MATH 1271
1265,UMNTC,UMNTC,MATH,1271,002,Calculus I,C,1,Oliver Marcus,,MATH 1271
1265,UMNTC,UMNTC,MATH,1271,002,Calculus I,C-,1,Oliver Marcus,,MATH 1271
1265,UMNTC,UMNTC,MATH,1271,002,Calculus I,D,4,Oliver Marcus,,MATH 1271
1265,UMNTC,UMNTC,MATH,1271,002,Calculus I,F,2,Oliver Marcus,,MATH 1271
1265,UMNTC,UMNTC,MATH,1271,002,Calculus I,W,4,Oliver Marcus,,MATH 1271
1265,UMNTC,UMNTC,MATH,1271,003,Calculus I,A,29,David Luo,,MATH 1271
1265,UMNTC,UMNTC,MATH,1271,003,Calculus I,A-,5,David Luo,,MATH 1271
1265,UMNTC,UMNTC,MATH,1271,003,Calculus I,B,1,David Luo,,MATH 1271
1265,UMNTC,UMNTC,MATH,1271,003,Calculus I,B+,1,David Luo,,MATH 1271
1265,UMNTC,UMNTC,MATH,1271,003,Calculus I,B-,2,David Luo,,MATH 1271
1265,UMNTC,UMNTC,MATH,1271,003,Calculus I,C+,1,David Luo,,MATH 1271
1265,UMNTC,UMNTC,MATH,1271,003,Calculus I,D+,1,David Luo,,MATH 1271
1265,UMNTC,UMNTC,MATH,1271,003,Calculus I,F,1,David Luo,,MATH 1271
1265,UMNTC,UMNTC,MATH,1272,001,Calculus II,A,3,Tasha Fellman,,MATH 1272
1265,UMNTC,UMNTC,MATH,1272,001,Calculus II,A-,2,Tasha Fellman,,MATH 1272
1265,UMNTC,UMNTC,MATH,1272,001,Calculus II,B,2,Tasha Fellman,,MATH 1272
1265,UMNTC,UMNTC,MATH,1272,001,Calculus II,B+,2,Tasha Fellman,,MATH 1272
1265,UMNTC,UMNTC,MATH,1272,001,Calculus II,B-,3,Tasha Fellman,,MATH 1272
1265,UMNTC,UMNTC,MATH,1272,001,Calculus II,C,2,Tasha Fellman,,MATH 1272
1265,UMNTC,UMNTC,MATH,1272,001,Calculus II,C-,2,Tasha Fellman,,MATH 1272
1265,UMNTC,UMNTC,MATH,1272,001,Calculus II,D,1,Tasha Fellman,,MATH 1272
1265,UMNTC,UMNTC,MATH,1272,001,Calculus II,F,2,Tasha Fellman,,MATH 1272
1265,UMNTC,UMNTC,MATH,1272,001,Calculus II,W,2,Tasha Fellman,,MATH 1272
1265,UMNTC,UMNTC,MATH,1272,002,Calculus II,A,2,Ashlen Plasek,,MATH 1272
1265,UMNTC,UMNTC,MATH,1272,002,Calculus II,B,3,Ashlen Plasek,,MATH 1272
1265,UMNTC,UMNTC,MATH,1272,002,Calculus II,B+,3,Ashlen Plasek,,MATH 1272
1265,UMNTC,UMNTC,MATH,1272,002,Calculus II,B-,2,Ashlen Plasek,,MATH 1272
1265,UMNTC,UMNTC,MATH,1272,002,Calculus II,C,2,Ashlen Plasek,,MATH 1272
1265,UMNTC,UMNTC,MATH,1272,002,Calculus II,C+,5,Ashlen Plasek,,MATH 1272
1265,UMNTC,UMNTC,MATH,1272,002,Calculus II,C-,4,Ashlen Plasek,,MATH 1272
1265,UMNTC,UMNTC,MATH,1272,002,Calculus II,D,1,Ashlen Plasek,,MATH 1272
1265,UMNTC,UMNTC,MATH,1272,002,Calculus II,D+,4,Ashlen Plasek,,MATH 1272
1265,UMNTC,UMNTC,MATH,1272,002,Calculus II,F,2,Ashlen Plasek,,MATH 1272
1265,UMNTC,UMNTC,MATH,1272,003,Calculus II,A,15,Sagnik Mukherjee,,MATH 1272
1265,UMNTC,UMNTC,MATH,1272,003,Calculus II,A-,1,Sagnik Mukherjee,,MATH 1272
1265,UMNTC,UMNTC,MATH,1272,003,Calculus II,B,6,Sagnik Mukherjee,,MATH 1272
1265,UMNTC,UMNTC,MATH,1272,003,Calculus II,B+,3,Sagnik Mukherjee,,MATH 1272
1265,UMNTC,UMNTC,MATH,1272,003,Calculus II,B-,2,Sagnik Mukherjee,,MATH 1272
1265,UMNTC,UMNTC,MATH,1272,003,Calculus II,C,2,Sagnik Mukherjee,,MATH 1272
1265,UMNTC,UMNTC,MATH,1272,003,Calculus II,C+,2,Sagnik Mukherjee,,MATH 1272
1265,UMNTC,UMNTC,MATH,1272,004,Calculus II,A,6,Carlos Osco Huaricapcha,,MATH 1272
1265,UMNTC,UMNTC,MATH,1272,004,Calculus II,A-,1,Carlos Osco Huaricapcha,,MATH 1272
1265,UMNTC,UMNTC,MATH,1272,004,Calculus II,B,3,Carlos Osco Huaricapcha,,MATH 1272
1265,UMNTC,UMNTC,MATH,1272,004,Calculus II,B+,5,Carlos Osco Huaricapcha,,MATH 1272
1265,UMNTC,UMNTC,MATH,1272,004,Calculus II,B-,3,Carlos Osco Huaricapcha,,MATH 1272
1265,UMNTC,UMNTC,MATH,1272,004,Calculus II,C,5,Carlos Osco Huaricapcha,,MATH 1272
1265,UMNTC,UMNTC,MATH,1272,004,Calculus II,C+,1,Carlos Osco Huaricapcha,,MATH 1272
1265,UMNTC,UMNTC,MATH,1272,004,Calculus II,C-,1,Carlos Osco Huaricapcha,,MATH 1272
1265,UMNTC,UMNTC,MATH,1272,004,Calculus II,D,2,Carlos Osco Huaricapcha,,MATH 1272
1265,UMNDL,UMNDL,MATH,1296,002,Calculus I,A,17,Chad Pierson,cpierso1,MATH 1296
1265,UMNDL,UMNDL,MATH,1296,002,Calculus I,A-,2,Chad Pierson,cpierso1,MATH 1296
1265,UMNDL,UMNDL,MATH,1296,002,Calculus I,B+,3,Chad Pierson,cpierso1,MATH 1296
1265,UMNDL,UMNDL,MATH,1296,002,Calculus I,B-,1,Chad Pierson,cpierso1,MATH 1296
1265,UMNDL,UMNDL,MATH,1296,002,Calculus I,D,1,Chad Pierson,cpierso1,MATH 1296
1265,UMNDL,UMNDL,MATH,1296,002,Calculus I,F,2,Chad Pierson,cpierso1,MATH 1296
1265,UMNDL,UMNDL,MATH,1296,002,Calculus I,W,2,Chad Pierson,cpierso1,MATH 1296
1265,UMNDL,UMNDL,MATH,1296,004,Calculus I,A,8,Seth Hovland,hovl0070,MATH 1296
1265,UMNDL,UMNDL,MATH,1296,004,Calculus I,A-,4,Seth Hovland,hovl0070,MATH 1296
1265,UMNDL,UMNDL,MATH,1296,004,Calculus I,B+,1,Seth Hovland,hovl0070,MATH 1296
1265,UMNDL,UMNDL,MATH,1296,004,Calculus I,B-,2,Seth Hovland,hovl0070,MATH 1296
1265,UMNDL,UMNDL,MATH,1296,004,Calculus I,C,1,Seth Hovland,hovl0070,MATH 1296
1265,UMNDL,UMNDL,MATH,1296,004,Calculus I,D,1,Seth Hovland,hovl0070,MATH 1296
1265,UMNDL,UMNDL,MATH,1296,004,Calculus I,D+,1,Seth Hovland,hovl0070,MATH 1296
1265,UMNDL,UMNDL,MATH,1296,004,Calculus I,F,2,Seth Hovland,hovl0070,MATH 1296
1265,UMNDL,UMNDL,MATH,1296,004,Calculus I,W,1,Seth Hovland,hovl0070,MATH 1296
1265,UMNDL,UMNDL,MATH,1297,002,Calculus II,B,1,Jessica Schirle,jschirle,MATH 1297
1265,UMNDL,UMNDL,MATH,1297,002,Calculus II,B+,2,Jessica Schirle,jschirle,MATH 1297
1265,UMNDL,UMNDL,MATH,1297,002,Calculus II,B-,2,Jessica Schirle,jschirle,MATH 1297
1265,UMNDL,UMNDL,MATH,1297,002,Calculus II,C+,3,Jessica Schirle,jschirle,MATH 1297
1265,UMNDL,UMNDL,MATH,1297,002,Calculus II,D,1,Jessica Schirle,jschirle,MATH 1297
1265,UMNDL,UMNDL,MATH,1297,002,Calculus II,F,2,Jessica Schirle,jschirle,MATH 1297
1265,UMNDL,UMNDL,MATH,1297,002,Calculus II,W,1,Jessica Schirle,jschirle,MATH 1297
1265,UMNDL,UMNDL,MATH,1297,004,Calculus II,A,5,Kate Petersen,kpete,MATH 1297
1265,UMNDL,UMNDL,MATH,1297,004,Calculus II,B,3,Kate Petersen,kpete,MATH 1297
1265,UMNDL,UMNDL,MATH,1297,004,Calculus II,B+,3,Kate Petersen,kpete,MATH 1297
1265,UMNDL,UMNDL,MATH,1297,004,Calculus II,B-,2,Kate Petersen,kpete,MATH 1297
1265,UMNDL,UMNDL,MATH,1297,004,Calculus II,C,3,Kate Petersen,kpete,MATH 1297
1265,UMNDL,UMNDL,MATH,1297,004,Calculus II,C+,2,Kate Petersen,kpete,MATH 1297
1265,UMNDL,UMNDL,MATH,1297,004,Calculus II,C-,2,Kate Petersen,kpete,MATH 1297
1265,UMNDL,UMNDL,MATH,1297,004,Calculus II,D,2,Kate Petersen,kpete,MATH 1297
1265,UMNDL,UMNDL,MATH,1297,004,Calculus II,F,4,Kate Petersen,kpete,MATH 1297
1265,UMNDL,UMNDL,MATH,1297,004,Calculus II,W,2,Kate Petersen,kpete,MATH 1297
1265,UMNTC,UMNTC,MATH,2243,001,Lin Alg & Diff Eqs,A,4,Adam Cohen,,MATH 2243
1265,UMNTC,UMNTC,MATH,2243,001,Lin Alg & Diff Eqs,A-,1,Adam Cohen,,MATH 2243
1265,UMNTC,UMNTC,MATH,2243,001,Lin Alg & Diff Eqs,B,1,Adam Cohen,,MATH 2243
1265,UMNTC,UMNTC,MATH,2243,001,Lin Alg & Diff Eqs,B+,3,Adam Cohen,,MATH 2243
1265,UMNTC,UMNTC,MATH,2243,001,Lin Alg & Diff Eqs,B-,1,Adam Cohen,,MATH 2243
1265,UMNTC,UMNTC,MATH,2243,001,Lin Alg & Diff Eqs,C+,1,Adam Cohen,,MATH 2243
1265,UMNTC,UMNTC,MATH,2243,001,Lin Alg & Diff Eqs,W,1,Adam Cohen,,MATH 2243
1265,UMNTC,UMNTC,MATH,2243,002,Lin Alg & Diff Eqs,A,4,Yuxuan Ge,,MATH 2243
1265,UMNTC,UMNTC,MATH,2243,002,Lin Alg & Diff Eqs,B,1,Yuxuan Ge,,MATH 2243
1265,UMNTC,UMNTC,MATH,2243,002,Lin Alg & Diff Eqs,B+,1,Yuxuan Ge,,MATH 2243
1265,UMNTC,UMNTC,MATH,2243,002,Lin Alg & Diff Eqs,B-,4,Yuxuan Ge,,MATH 2243
1265,UMNTC,UMNTC,MATH,2243,002,Lin Alg & Diff Eqs,C,3,Yuxuan Ge,,MATH 2243
1265,UMNTC,UMNTC,MATH,2243,002,Lin Alg & Diff Eqs,C-,3,Yuxuan Ge,,MATH 2243
1265,UMNTC,UMNTC,MATH,2243,003,Lin Alg & Diff Eqs,A,3,Christine Brasic,,MATH 2243
1265,UMNTC,UMNTC,MATH,2243,003,Lin Alg & Diff Eqs,A-,1,Christine Brasic,,MATH 2243
1265,UMNTC,UMNTC,MATH,2243,003,Lin Alg & Diff Eqs,B,7,Christine Brasic,,MATH 2243
1265,UMNTC,UMNTC,MATH,2243,003,Lin Alg & Diff Eqs,B+,3,Christine Brasic,,MATH 2243
1265,UMNTC,UMNTC,MATH,2243,003,Lin Alg & Diff Eqs,B-,1,Christine Brasic,,MATH 2243
1265,UMNTC,UMNTC,MATH,2243,003,Lin Alg & Diff Eqs,C,4,Christine Brasic,,MATH 2243
1265,UMNTC,UMNTC,MATH,2243,003,Lin Alg & Diff Eqs,C+,2,Christine Brasic,,MATH 2243
1265,UMNTC,UMNTC,MATH,2243,003,Lin Alg & Diff Eqs,C-,1,Christine Brasic,,MATH 2243
1265,UMNTC,UMNTC,MATH,2243,003,Lin Alg & Diff Eqs,D,1,Christine Brasic,,MATH 2243
1265,UMNTC,UMNTC,MATH,2243,003,Lin Alg & Diff Eqs,F,4,Christine Brasic,,MATH 2243
1265,UMNTC,UMNTC,MATH,2243,003,Lin Alg & Diff Eqs,W,5,Christine Brasic,,MATH 2243
1265,UMNTC,UMNTC,MATH,2263,002,Multivariable Calc,A,3,Garrett Credi,,MATH 2263
1265,UMNTC,UMNTC,MATH,2263,002,Multivariable Calc,B+,3,Garrett Credi,,MATH 2263
1265,UMNTC,UMNTC,MATH,2263,002,Multivariable Calc,B-,1,Garrett Credi,,MATH 2263
1265,UMNTC,UMNTC,MATH,2263,002,Multivariable Calc,C+,1,Garrett Credi,,MATH 2263
1265,UMNTC,UMNTC,MATH,2263,002,Multivariable Calc,C-,2,Garrett Credi,,MATH 2263
1265,UMNTC,UMNTC,MATH,2263,002,Multivariable Calc,D,2,Garrett Credi,,MATH 2263
1265,UMNTC,UMNTC,MATH,2263,002,Multivariable Calc,F,2,Garrett Credi,,MATH 2263
1265,UMNTC,UMNTC,MATH,2263,002,Multivariable Calc,W,1,Garrett Credi,,MATH 2263
1265,UMNTC,UMNTC,MATH,2263,003,Multivariable Calc,A,24,Luna Medlock,,MATH 2263
1265,UMNTC,UMNTC,MATH,2263,003,Multivariable Calc,A-,2,Luna Medlock,,MATH 2263
1265,UMNTC,UMNTC,MATH,2263,003,Multivariable Calc,B,6,Luna Medlock,,MATH 2263
1265,UMNTC,UMNTC,MATH,2263,003,Multivariable Calc,B+,3,Luna Medlock,,MATH 2263
1265,UMNTC,UMNTC,MATH,2263,003,Multivariable Calc,C+,1,Luna Medlock,,MATH 2263
1265,UMNTC,UMNTC,MATH,2263,003,Multivariable Calc,D+,1,Luna Medlock,,MATH 2263
1265,UMNDL,UMNDL,MATH,3280,002,Differential Equations,A,11,Guihua Fei,gfei,MATH 3280
1265,UMNDL,UMNDL,MATH,3280,002,Differential Equations,A-,3,Guihua Fei,gfei,MATH 3280
1265,UMNDL,UMNDL,MATH,3280,002,Differential Equations,B,4,Guihua Fei,gfei,MATH 3280
1265,UMNDL,UMNDL,MATH,3280,002,Differential Equations,B+,3,Guihua Fei,gfei,MATH 3280
1265,UMNDL,UMNDL,MATH,3280,002,Differential Equations,C+,1,Guihua Fei,gfei,MATH 3280
1265,UMNDL,UMNDL,MATH,3280,002,Differential Equations,W,1,Guihua Fei,gfei,MATH 3280
1265,UMNDL,UMNDL,MATH,3298,002,Calculus III,A,11,Diana Colt,dcolt1,MATH 3298
1265,UMNDL,UMNDL,MATH,3298,002,Calculus III,A-,1,Diana Colt,dcolt1,MATH 3298
1265,UMNDL,UMNDL,MATH,3298,002,Calculus III,B,4,Diana Colt,dcolt1,MATH 3298
1265,UMNDL,UMNDL,MATH,3298,002,Calculus III,B+,2,Diana Colt,dcolt1,MATH 3298
1265,UMNDL,UMNDL,MATH,3298,002,Calculus III,B-,1,Diana Colt,dcolt1,MATH 3298
1265,UMNDL,UMNDL,MATH,3298,002,Calculus III,C,1,Diana Colt,dcolt1,MATH 3298
1265,UMNDL,UMNDL,MATH,3298,002,Calculus III,C+,1,Diana Colt,dcolt1,MATH 3298
1265,UMNDL,UMNDL,MATH,3298,002,Calculus III,F,1,Diana Colt,dcolt1,MATH 3298
1265,UMNTC,UMNTC,MATH,4242,001,Applied Linear Algebra,A,7,Nan Li,,MATH 4242
1265,UMNTC,UMNTC,MATH,4242,001,Applied Linear Algebra,A-,3,Nan Li,,MATH 4242
1265,UMNTC,UMNTC,MATH,4242,001,Applied Linear Algebra,B,1,Nan Li,,MATH 4242
1265,UMNTC,UMNTC,MATH,4242,001,Applied Linear Algebra,B+,4,Nan Li,,MATH 4242
1265,UMNTC,UMNTC,MATH,4242,001,Applied Linear Algebra,B-,2,Nan Li,,MATH 4242
1265,UMNTC,UMNTC,MATH,4242,001,Applied Linear Algebra,C,2,Nan Li,,MATH 4242
1265,UMNTC,UMNTC,MATH,4242,001,Applied Linear Algebra,C+,1,Nan Li,,MATH 4242
1265,UMNTC,UMNTC,MATH,4242,001,Applied Linear Algebra,C-,2,Nan Li,,MATH 4242
1265,UMNTC,UMNTC,MATH,4242,001,Applied Linear Algebra,F,2,Nan Li,,MATH 4242
1265,UMNTC,UMNTC,MATH,4242,001,Applied Linear Algebra,W,1,Nan Li,,MATH 4242
1265,UMNTC,UMNTC,MBA,6031,070,Financial Acctg,A,11,Kendell Poch,beck0620,MBA 6031
1265,UMNTC,UMNTC,MBA,6031,070,Financial Acctg,A-,6,Kendell Poch,beck0620,MBA 6031
1265,UMNTC,UMNTC,MBA,6031,070,Financial Acctg,B,4,Kendell Poch,beck0620,MBA 6031
1265,UMNTC,UMNTC,MBA,6031,070,Financial Acctg,B+,7,Kendell Poch,beck0620,MBA 6031
1265,UMNTC,UMNTC,MBA,6031,070,Financial Acctg,B-,2,Kendell Poch,beck0620,MBA 6031
1265,UMNTC,UMNTC,MBA,6031,070,Financial Acctg,C,1,Kendell Poch,beck0620,MBA 6031
1265,UMNTC,UMNTC,MBA,6035,070,Managerial Acctg,A,12,Clayton Forester,claytonf,MBA 6035
1265,UMNTC,UMNTC,MBA,6035,070,Managerial Acctg,A-,5,Clayton Forester,claytonf,MBA 6035
1265,UMNTC,UMNTC,MBA,6035,070,Managerial Acctg,B,5,Clayton Forester,claytonf,MBA 6035
1265,UMNTC,UMNTC,MBA,6035,070,Managerial Acctg,B+,6,Clayton Forester,claytonf,MBA 6035
1265,UMNTC,UMNTC,MBA,6035,070,Managerial Acctg,B-,1,Clayton Forester,claytonf,MBA 6035
1265,UMNTC,UMNTC,MBA,6035,070,Managerial Acctg,C,1,Clayton Forester,claytonf,MBA 6035
1265,UMNTC,UMNTC,MBA,6035,070,Managerial Acctg,C+,4,Clayton Forester,claytonf,MBA 6035
1265,UMNTC,UMNTC,MBA,6035,070,Managerial Acctg,F,1,Clayton Forester,claytonf,MBA 6035
1265,UMNTC,UMNTC,MBA,6121,070,Data Analysis for Managers,A,23,Bhupinder Juneja,junej003,MBA 6121
1265,UMNTC,UMNTC,MBA,6121,070,Data Analysis for Managers,A-,2,Bhupinder Juneja,junej003,MBA 6121
1265,UMNTC,UMNTC,MBA,6121,070,Data Analysis for Managers,B,1,Bhupinder Juneja,junej003,MBA 6121
1265,UMNTC,UMNTC,MBA,6121,070,Data Analysis for Managers,B+,3,Bhupinder Juneja,junej003,MBA 6121
1265,UMNTC,UMNTC,MBA,6121,070,Data Analysis for Managers,C,1,Bhupinder Juneja,junej003,MBA 6121
1265,UMNTC,UMNTC,MBA,6121,070,Data Analysis for Managers,D,1,Bhupinder Juneja,junej003,MBA 6121
1265,UMNTC,UMNTC,MBA,6141,070,Managerial Economics,A,7,Joel Waldfogel,jwaldfog,MBA 6141
1265,UMNTC,UMNTC,MBA,6141,070,Managerial Economics,A-,6,Joel Waldfogel,jwaldfog,MBA 6141
1265,UMNTC,UMNTC,MBA,6141,070,Managerial Economics,B,9,Joel Waldfogel,jwaldfog,MBA 6141
1265,UMNTC,UMNTC,MBA,6141,070,Managerial Economics,B+,13,Joel Waldfogel,jwaldfog,MBA 6141
1265,UMNTC,UMNTC,MBA,6141,070,Managerial Economics,B-,2,Joel Waldfogel,jwaldfog,MBA 6141
1265,UMNTC,UMNTC,MBA,6141,070,Managerial Economics,C,2,Joel Waldfogel,jwaldfog,MBA 6141
1265,UMNTC,UMNTC,MBA,6141,070,Managerial Economics,C-,1,Joel Waldfogel,jwaldfog,MBA 6141
1265,UMNTC,UMNTC,MBA,6211,070,Marketing Management,A,20,Corey Nelson,nels9420,MBA 6211
1265,UMNTC,UMNTC,MBA,6211,070,Marketing Management,A-,15,Corey Nelson,nels9420,MBA 6211
1265,UMNTC,UMNTC,MBA,6211,070,Marketing Management,B,13,Corey Nelson,nels9420,MBA 6211
1265,UMNTC,UMNTC,MBA,6211,070,Marketing Management,B+,13,Corey Nelson,nels9420,MBA 6211
1265,UMNTC,UMNTC,MBA,6211,070,Marketing Management,B-,5,Corey Nelson,nels9420,MBA 6211
1265,UMNTC,UMNTC,MBA,6211,070,Marketing Management,C+,2,Corey Nelson,nels9420,MBA 6211
1265,UMNTC,UMNTC,MBA,6211,070,Marketing Management,C-,1,Corey Nelson,nels9420,MBA 6211
1265,UMNTC,UMNTC,MBA,6211,070,Marketing Management,F,1,Corey Nelson,nels9420,MBA 6211
1265,UMNTC,UMNTC,MBA,6221,090,Supply Chain & Operations,A,5,Peter Thomas,thom8370,MBA 6221
1265,UMNTC,UMNTC,MBA,6221,090,Supply Chain & Operations,A-,12,Peter Thomas,thom8370,MBA 6221
1265,UMNTC,UMNTC,MBA,6221,090,Supply Chain & Operations,B,1,Peter Thomas,thom8370,MBA 6221
1265,UMNTC,UMNTC,MBA,6221,090,Supply Chain & Operations,B+,1,Peter Thomas,thom8370,MBA 6221
1265,UMNTC,UMNTC,MBA,6231,070,Financial Management,A,17,Helen Moser,moser092,MBA 6231
1265,UMNTC,UMNTC,MBA,6231,070,Financial Management,A-,9,Helen Moser,moser092,MBA 6231
1265,UMNTC,UMNTC,MBA,6231,070,Financial Management,B,14,Helen Moser,moser092,MBA 6231
1265,UMNTC,UMNTC,MBA,6231,070,Financial Management,B+,6,Helen Moser,moser092,MBA 6231
1265,UMNTC,UMNTC,MBA,6231,070,Financial Management,B-,3,Helen Moser,moser092,MBA 6231
1265,UMNTC,UMNTC,MBA,6231,070,Financial Management,C,1,Helen Moser,moser092,MBA 6231
1265,UMNTC,UMNTC,MBA,6231,070,Financial Management,C+,1,Helen Moser,moser092,MBA 6231
1265,UMNTC,UMNTC,MBA,6231,070,Financial Management,F,1,Helen Moser,moser092,MBA 6231
1265,UMNTC,UMNTC,MBA,6301,070,Strategic Mgmt,A,8,Jeffrey Kaufmann,jbkaufma,MBA 6301
1265,UMNTC,UMNTC,MBA,6301,070,Strategic Mgmt,A-,6,Jeffrey Kaufmann,jbkaufma,MBA 6301
1265,UMNTC,UMNTC,MBA,6301,070,Strategic Mgmt,B,5,Jeffrey Kaufmann,jbkaufma,MBA 6301
1265,UMNTC,UMNTC,MBA,6301,070,Strategic Mgmt,B+,9,Jeffrey Kaufmann,jbkaufma,MBA 6301
1265,UMNTC,UMNTC,MBA,6315,070,Business Ethics,A,12,Jeffrey Kaufmann,jbkaufma,MBA 6315
1265,UMNTC,UMNTC,MBA,6315,070,Business Ethics,A-,10,Jeffrey Kaufmann,jbkaufma,MBA 6315
1265,UMNTC,UMNTC,MBA,6315,070,Business Ethics,B,11,Jeffrey Kaufmann,jbkaufma,MBA 6315
1265,UMNTC,UMNTC,MBA,6315,070,Business Ethics,B+,30,Jeffrey Kaufmann,jbkaufma,MBA 6315
1265,UMNTC,UMNTC,MBA,6315,070,Business Ethics,B-,4,Jeffrey Kaufmann,jbkaufma,MBA 6315
1265,UMNDL,UMNDL,MBA,8111,001,Business Ethics,A,19,Brian Lukasavitz,blukasav,MBA 8111
1265,UMNDL,UMNDL,MBA,8111,001,Business Ethics,A-,2,Brian Lukasavitz,blukasav,MBA 8111
1265,UMNDL,UMNDL,MBA,8211,001,Data Analysis,A,18,Yufei Ren,yren,MBA 8211
1265,UMNDL,UMNDL,MBA,8211,001,Data Analysis,A-,3,Yufei Ren,yren,MBA 8211
1265,UMNDL,UMNDL,MBA,8811,800,HR Challenges,A,9,Jannifer David,jdavid,MBA 8811
1265,UMNDL,UMNDL,MBA,8811,800,HR Challenges,A-,4,Jannifer David,jdavid,MBA 8811
1265,UMNDL,UMNDL,MBA,8811,800,HR Challenges,B+,1,Jannifer David,jdavid,MBA 8811
1265,UMNDL,UMNDL,MBA,8911,001,Strategic Management,A,14,Kanhaiya Sinha,sinhak,MBA 8911
1265,UMNDL,UMNDL,MBA,8911,001,Strategic Management,A-,10,Kanhaiya Sinha,sinhak,MBA 8911
1265,UMNDL,UMNDL,MBA,8911,001,Strategic Management,B,2,Kanhaiya Sinha,sinhak,MBA 8911
1265,UMNDL,UMNDL,MBA,8911,001,Strategic Management,B+,2,Kanhaiya Sinha,sinhak,MBA 8911
1265,UMNDL,UMNDL,MBA,8911,001,Strategic Management,C+,1,Kanhaiya Sinha,sinhak,MBA 8911
1265,UMNTC,UMNTC,MBT,6335,070,Taxation Small Business Corp,A,3,David Brauer,brau0137,MBT 6335
1265,UMNTC,UMNTC,MBT,6335,070,Taxation Small Business Corp,A-,2,David Brauer,brau0137,MBT 6335
1265,UMNTC,UMNTC,MBT,6335,070,Taxation Small Business Corp,B,5,David Brauer,brau0137,MBT 6335
1265,UMNTC,UMNTC,MBT,6335,070,Taxation Small Business Corp,B+,3,David Brauer,brau0137,MBT 6335
1265,UMNTC,UMNTC,ME,3333,001,Heat Transfer,A,5,Matt Anderson,mja,ME 3333
1265,UMNTC,UMNTC,ME,3333,001,Heat Transfer,A-,8,Matt Anderson,mja,ME 3333
1265,UMNTC,UMNTC,ME,3333,001,Heat Transfer,B,3,Matt Anderson,mja,ME 3333
1265,UMNTC,UMNTC,ME,3333,001,Heat Transfer,B+,2,Matt Anderson,mja,ME 3333
1265,UMNTC,UMNTC,ME,3333,001,Heat Transfer,B-,1,Matt Anderson,mja,ME 3333
1265,UMNTC,UMNTC,ME,3333,001,Heat Transfer,C,2,Matt Anderson,mja,ME 3333
1265,UMNTC,UMNTC,ME,3333,001,Heat Transfer,C+,2,Matt Anderson,mja,ME 3333
1265,UMNTC,UMNTC,ME,3333,001,Heat Transfer,F,2,Matt Anderson,mja,ME 3333
1265,UMNTC,UMNTC,ME,5281,001,Feedback Control Systems,A,7,Daniel Escobar Naranjo,escob060,ME 5281
1265,UMNTC,UMNTC,ME,5281,001,Feedback Control Systems,B+,1,Daniel Escobar Naranjo,escob060,ME 5281
1265,UMNTC,UMNTC,ME,5281,001,Feedback Control Systems,B-,1,Daniel Escobar Naranjo,escob060,ME 5281
1265,UMNTC,UMNTC,ME,5281,001,Feedback Control Systems,C,1,Daniel Escobar Naranjo,escob060,ME 5281
1265,UMNTC,UMNTC,ME,5281,001,Feedback Control Systems,C+,1,Daniel Escobar Naranjo,escob060,ME 5281
1265,UMNTC,UMNTC,ME,5281,001,Feedback Control Systems,C-,1,Daniel Escobar Naranjo,escob060,ME 5281
1265,UMNTC,UMNTC,MED,7500,081,Medicine Clerkship,N,1,Nersi Nikakhtar,,MED 7500
1265,UMNTC,UMNTC,MED,7500,081,Medicine Clerkship,P,33,Nersi Nikakhtar,,MED 7500
1265,UMNTC,UMNTC,MGMT,3001,070,Fund. of Mgmt,A,19,Kelsey Baumann,bauma170,MGMT 3001
1265,UMNTC,UMNTC,MGMT,3001,070,Fund. of Mgmt,A-,12,Kelsey Baumann,bauma170,MGMT 3001
1265,UMNTC,UMNTC,MGMT,3001,070,Fund. of Mgmt,B,7,Kelsey Baumann,bauma170,MGMT 3001
1265,UMNTC,UMNTC,MGMT,3001,070,Fund. of Mgmt,B+,15,Kelsey Baumann,bauma170,MGMT 3001
1265,UMNTC,UMNTC,MGMT,3001,070,Fund. of Mgmt,B-,2,Kelsey Baumann,bauma170,MGMT 3001
1265,UMNTC,UMNTC,MGMT,3001,070,Fund. of Mgmt,C,2,Kelsey Baumann,bauma170,MGMT 3001
1265,UMNTC,UMNTC,MGMT,3001,070,Fund. of Mgmt,C+,1,Kelsey Baumann,bauma170,MGMT 3001
1265,UMNTC,UMNTC,MGMT,3001,070,Fund. of Mgmt,F,1,Kelsey Baumann,bauma170,MGMT 3001
1265,UMNTC,UMNTC,MGMT,3001,070,Fund. of Mgmt,W,2,Kelsey Baumann,bauma170,MGMT 3001
1265,UMNCR,UMNCR,MGMT,3200,E90,Principles of Management,A,21,Rachel Lundbohm,rlundboh,MGMT 3200
1265,UMNCR,UMNCR,MGMT,3200,E90,Principles of Management,A-,5,Rachel Lundbohm,rlundboh,MGMT 3200
1265,UMNCR,UMNCR,MGMT,3200,E90,Principles of Management,B+,2,Rachel Lundbohm,rlundboh,MGMT 3200
1265,UMNCR,UMNCR,MGMT,3200,E90,Principles of Management,B-,1,Rachel Lundbohm,rlundboh,MGMT 3200
1265,UMNCR,UMNCR,MGMT,3200,E90,Principles of Management,W,1,Rachel Lundbohm,rlundboh,MGMT 3200
1265,UMNCR,UMNCR,MGMT,3200,E91,Principles of Management,A,13,Ken Myers,kmyers,MGMT 3200
1265,UMNCR,UMNCR,MGMT,3200,E91,Principles of Management,A-,1,Ken Myers,kmyers,MGMT 3200
1265,UMNCR,UMNCR,MGMT,3200,E91,Principles of Management,B+,1,Ken Myers,kmyers,MGMT 3200
1265,UMNCR,UMNCR,MGMT,3200,E91,Principles of Management,B-,1,Ken Myers,kmyers,MGMT 3200
1265,UMNCR,UMNCR,MGMT,3200,E91,Principles of Management,C-,1,Ken Myers,kmyers,MGMT 3200
1265,UMNCR,UMNCR,MGMT,3200,E91,Principles of Management,F,3,Ken Myers,kmyers,MGMT 3200
1265,UMNCR,UMNCR,MGMT,3200,E91,Principles of Management,W,3,Ken Myers,kmyers,MGMT 3200
1265,UMNCR,UMNCR,MGMT,3210,E90,Supervision and Leadership,A,17,Rachel Lundbohm,rlundboh,MGMT 3210
1265,UMNCR,UMNCR,MGMT,3210,E90,Supervision and Leadership,A-,5,Rachel Lundbohm,rlundboh,MGMT 3210
1265,UMNCR,UMNCR,MGMT,3210,E90,Supervision and Leadership,B,5,Rachel Lundbohm,rlundboh,MGMT 3210
1265,UMNCR,UMNCR,MGMT,3210,E90,Supervision and Leadership,B+,1,Rachel Lundbohm,rlundboh,MGMT 3210
1265,UMNCR,UMNCR,MGMT,3210,E90,Supervision and Leadership,B-,1,Rachel Lundbohm,rlundboh,MGMT 3210
1265,UMNCR,UMNCR,MGMT,3210,E90,Supervision and Leadership,C+,1,Rachel Lundbohm,rlundboh,MGMT 3210
1265,UMNCR,UMNCR,MGMT,3215,E90,Organizational Behavior,A,18,Megan Kragness,krag0038,MGMT 3215
1265,UMNCR,UMNCR,MGMT,3215,E90,Organizational Behavior,A-,2,Megan Kragness,krag0038,MGMT 3215
1265,UMNCR,UMNCR,MGMT,3215,E90,Organizational Behavior,D,1,Megan Kragness,krag0038,MGMT 3215
1265,UMNCR,UMNCR,MGMT,3215,E90,Organizational Behavior,F,1,Megan Kragness,krag0038,MGMT 3215
1265,UMNCR,UMNCR,MGMT,3220,E90,Human Resource Management,A,15,Megan Kragness,krag0038,MGMT 3220
1265,UMNCR,UMNCR,MGMT,3220,E90,Human Resource Management,A-,1,Megan Kragness,krag0038,MGMT 3220
1265,UMNCR,UMNCR,MGMT,3220,E90,Human Resource Management,B,1,Megan Kragness,krag0038,MGMT 3220
1265,UMNCR,UMNCR,MGMT,3220,E90,Human Resource Management,B+,1,Megan Kragness,krag0038,MGMT 3220
1265,UMNCR,UMNCR,MGMT,3220,E90,Human Resource Management,C+,1,Megan Kragness,krag0038,MGMT 3220
1265,UMNCR,UMNCR,MGMT,3220,E90,Human Resource Management,D,1,Megan Kragness,krag0038,MGMT 3220
1265,UMNCR,UMNCR,MGMT,3220,E90,Human Resource Management,F,2,Megan Kragness,krag0038,MGMT 3220
1265,UMNCR,UMNCR,MGMT,3220,E90,Human Resource Management,W,1,Megan Kragness,krag0038,MGMT 3220
1265,UMNCR,UMNCR,MGMT,3250,E90,Operations Management,A,4,Annette Roter,aroter,MGMT 3250
1265,UMNCR,UMNCR,MGMT,3250,E90,Operations Management,A-,3,Annette Roter,aroter,MGMT 3250
1265,UMNCR,UMNCR,MGMT,3250,E90,Operations Management,B+,2,Annette Roter,aroter,MGMT 3250
1265,UMNCR,UMNCR,MGMT,3250,E90,Operations Management,C+,1,Annette Roter,aroter,MGMT 3250
1265,UMNCR,UMNCR,MGMT,3250,E90,Operations Management,F,1,Annette Roter,aroter,MGMT 3250
1265,UMNCR,UMNCR,MGMT,3250,E90,Operations Management,W,1,Annette Roter,aroter,MGMT 3250
1265,UMNTC,UMNTC,MGMT,6084,050,Management of Teams,A,15,Svjetlana Madzar,smadzar,MGMT 6084
1265,UMNTC,UMNTC,MGMT,6084,050,Management of Teams,A-,16,Svjetlana Madzar,smadzar,MGMT 6084
1265,UMNTC,UMNTC,MGMT,6084,050,Management of Teams,B+,1,Svjetlana Madzar,smadzar,MGMT 6084
1265,UMNTC,UMNTC,MGMT,6305,070,Int'l Envrmt of Business,A,18,Sri Zaheer,szaheer,MGMT 6305
1265,UMNTC,UMNTC,MGMT,6305,070,Int'l Envrmt of Business,A-,32,Sri Zaheer,szaheer,MGMT 6305
1265,UMNTC,UMNTC,MGMT,6305,070,Int'l Envrmt of Business,B+,18,Sri Zaheer,szaheer,MGMT 6305
1265,UMNDL,UMNDL,MGTS,3301,001,"Production,  Operations Mgmt",A,1,Wenqing Zhang,wqzhang,MGTS 3301
1265,UMNDL,UMNDL,MGTS,3301,001,"Production,  Operations Mgmt",A-,5,Wenqing Zhang,wqzhang,MGTS 3301
1265,UMNDL,UMNDL,MGTS,3301,001,"Production,  Operations Mgmt",B,5,Wenqing Zhang,wqzhang,MGTS 3301
1265,UMNDL,UMNDL,MGTS,3301,001,"Production,  Operations Mgmt",B+,7,Wenqing Zhang,wqzhang,MGTS 3301
1265,UMNDL,UMNDL,MGTS,3301,001,"Production,  Operations Mgmt",B-,5,Wenqing Zhang,wqzhang,MGTS 3301
1265,UMNDL,UMNDL,MGTS,3301,001,"Production,  Operations Mgmt",C,1,Wenqing Zhang,wqzhang,MGTS 3301
1265,UMNDL,UMNDL,MGTS,3301,001,"Production,  Operations Mgmt",C+,2,Wenqing Zhang,wqzhang,MGTS 3301
1265,UMNDL,UMNDL,MGTS,3401,001,"Org Behavior, Mgmt",A,6,Lawrence Loi,tloi,MGTS 3401
1265,UMNDL,UMNDL,MGTS,3401,001,"Org Behavior, Mgmt",A-,2,Lawrence Loi,tloi,MGTS 3401
1265,UMNDL,UMNDL,MGTS,3401,001,"Org Behavior, Mgmt",B,3,Lawrence Loi,tloi,MGTS 3401
1265,UMNDL,UMNDL,MGTS,3401,001,"Org Behavior, Mgmt",B+,1,Lawrence Loi,tloi,MGTS 3401
1265,UMNDL,UMNDL,MGTS,3401,001,"Org Behavior, Mgmt",B-,4,Lawrence Loi,tloi,MGTS 3401
1265,UMNDL,UMNDL,MGTS,3401,001,"Org Behavior, Mgmt",C,3,Lawrence Loi,tloi,MGTS 3401
1265,UMNDL,UMNDL,MGTS,3401,001,"Org Behavior, Mgmt",C+,3,Lawrence Loi,tloi,MGTS 3401
1265,UMNDL,UMNDL,MGTS,3401,001,"Org Behavior, Mgmt",C-,4,Lawrence Loi,tloi,MGTS 3401
1265,UMNDL,UMNDL,MGTS,3401,001,"Org Behavior, Mgmt",D+,4,Lawrence Loi,tloi,MGTS 3401
1265,UMNDL,UMNDL,MGTS,3801,001,Human Resource Mgmt,A,12,Lin Xiu,lxiu,MGTS 3801
1265,UMNDL,UMNDL,MGTS,3801,001,Human Resource Mgmt,A-,6,Lin Xiu,lxiu,MGTS 3801
1265,UMNDL,UMNDL,MGTS,3801,001,Human Resource Mgmt,B,4,Lin Xiu,lxiu,MGTS 3801
1265,UMNDL,UMNDL,MGTS,3801,001,Human Resource Mgmt,B+,3,Lin Xiu,lxiu,MGTS 3801
1265,UMNDL,UMNDL,MGTS,3801,001,Human Resource Mgmt,C,2,Lin Xiu,lxiu,MGTS 3801
1265,UMNDL,UMNDL,MGTS,4431,001,Leadership Studies,A,10,Ormonde Cragun,ocragun,MGTS 4431
1265,UMNDL,UMNDL,MGTS,4431,001,Leadership Studies,A-,4,Ormonde Cragun,ocragun,MGTS 4431
1265,UMNDL,UMNDL,MGTS,4431,001,Leadership Studies,B,5,Ormonde Cragun,ocragun,MGTS 4431
1265,UMNDL,UMNDL,MGTS,4431,001,Leadership Studies,B+,2,Ormonde Cragun,ocragun,MGTS 4431
1265,UMNDL,UMNDL,MGTS,4431,001,Leadership Studies,B-,1,Ormonde Cragun,ocragun,MGTS 4431
1265,UMNDL,UMNDL,MGTS,4481,001,Strategic Mgmt,A,18,Xin Liang,xliang,MGTS 4481
1265,UMNDL,UMNDL,MGTS,4481,001,Strategic Mgmt,A-,2,Xin Liang,xliang,MGTS 4481
1265,UMNDL,UMNDL,MGTS,4481,001,Strategic Mgmt,B,2,Xin Liang,xliang,MGTS 4481
1265,UMNDL,UMNDL,MGTS,4481,001,Strategic Mgmt,B+,2,Xin Liang,xliang,MGTS 4481
1265,UMNDL,UMNDL,MGTS,4481,001,Strategic Mgmt,C,3,Xin Liang,xliang,MGTS 4481
1265,UMNDL,UMNDL,MGTS,4481,001,Strategic Mgmt,C+,1,Xin Liang,xliang,MGTS 4481
1265,UMNDL,UMNDL,MGTS,4481,001,Strategic Mgmt,D,1,Xin Liang,xliang,MGTS 4481
1265,UMNDL,UMNDL,MGTS,4481,001,Strategic Mgmt,F,1,Xin Liang,xliang,MGTS 4481
1265,UMNDL,UMNDL,MGTS,4481,002,Strategic Mgmt,A,3,Reha Karadag,rkaradag,MGTS 4481
1265,UMNDL,UMNDL,MGTS,4481,002,Strategic Mgmt,A-,6,Reha Karadag,rkaradag,MGTS 4481
1265,UMNDL,UMNDL,MGTS,4481,002,Strategic Mgmt,B,1,Reha Karadag,rkaradag,MGTS 4481
1265,UMNDL,UMNDL,MGTS,4481,002,Strategic Mgmt,B+,2,Reha Karadag,rkaradag,MGTS 4481
1265,UMNDL,UMNDL,MGTS,4481,002,Strategic Mgmt,B-,6,Reha Karadag,rkaradag,MGTS 4481
1265,UMNDL,UMNDL,MGTS,4481,002,Strategic Mgmt,C-,1,Reha Karadag,rkaradag,MGTS 4481
1265,UMNTC,UMNTC,MICB,3301,002,Biology of Microorganisms,A,3,Christian Mohr,mohrx005,MICB 3301
1265,UMNTC,UMNTC,MICB,3301,002,Biology of Microorganisms,A-,4,Christian Mohr,mohrx005,MICB 3301
1265,UMNTC,UMNTC,MICB,3301,002,Biology of Microorganisms,B,1,Christian Mohr,mohrx005,MICB 3301
1265,UMNTC,UMNTC,MICB,3301,002,Biology of Microorganisms,B-,3,Christian Mohr,mohrx005,MICB 3301
1265,UMNTC,UMNTC,MICB,3301,002,Biology of Microorganisms,C,5,Christian Mohr,mohrx005,MICB 3301
1265,UMNTC,UMNTC,MICB,3301,002,Biology of Microorganisms,C+,3,Christian Mohr,mohrx005,MICB 3301
1265,UMNTC,UMNTC,MICB,3301,002,Biology of Microorganisms,C-,2,Christian Mohr,mohrx005,MICB 3301
1265,UMNTC,UMNTC,MICB,3301,002,Biology of Microorganisms,F,3,Christian Mohr,mohrx005,MICB 3301
1265,UMNTC,UMNTC,MICB,3301,002,Biology of Microorganisms,W,5,Christian Mohr,mohrx005,MICB 3301
1265,UMNTC,UMNTC,MICB,3303,001,Biology of Microorg (w/o lab),A,3,Christian Mohr,mohrx005,MICB 3303
1265,UMNTC,UMNTC,MICB,3303,001,Biology of Microorg (w/o lab),A-,1,Christian Mohr,mohrx005,MICB 3303
1265,UMNTC,UMNTC,MICB,3303,001,Biology of Microorg (w/o lab),B,2,Christian Mohr,mohrx005,MICB 3303
1265,UMNTC,UMNTC,MICB,3303,001,Biology of Microorg (w/o lab),B+,3,Christian Mohr,mohrx005,MICB 3303
1265,UMNTC,UMNTC,MICB,3303,001,Biology of Microorg (w/o lab),C,1,Christian Mohr,mohrx005,MICB 3303
1265,UMNTC,UMNTC,MICB,3303,001,Biology of Microorg (w/o lab),C-,1,Christian Mohr,mohrx005,MICB 3303
1265,UMNTC,UMNTC,MICB,3303,001,Biology of Microorg (w/o lab),D,1,Christian Mohr,mohrx005,MICB 3303
1265,UMNTC,UMNTC,MICB,3303,001,Biology of Microorg (w/o lab),F,2,Christian Mohr,mohrx005,MICB 3303
1265,UMNDL,UMNDL,MIS,2201,001,IT in Business,A,13,Seung Lee,slee,MIS 2201
1265,UMNDL,UMNDL,MIS,2201,001,IT in Business,A-,3,Seung Lee,slee,MIS 2201
1265,UMNDL,UMNDL,MIS,2201,001,IT in Business,B,1,Seung Lee,slee,MIS 2201
1265,UMNDL,UMNDL,MIS,2201,001,IT in Business,B+,1,Seung Lee,slee,MIS 2201
1265,UMNDL,UMNDL,MIS,2201,001,IT in Business,B-,2,Seung Lee,slee,MIS 2201
1265,UMNDL,UMNDL,MIS,2201,001,IT in Business,C+,1,Seung Lee,slee,MIS 2201
1265,UMNDL,UMNDL,MIS,2201,001,IT in Business,F,4,Seung Lee,slee,MIS 2201
1265,UMNTC,UMNTC,MKTG,3001,070,Principles  of Mktg,A,11,Corey Nelson,nels9420,MKTG 3001
1265,UMNTC,UMNTC,MKTG,3001,070,Principles  of Mktg,A-,3,Corey Nelson,nels9420,MKTG 3001
1265,UMNTC,UMNTC,MKTG,3001,070,Principles  of Mktg,B,9,Corey Nelson,nels9420,MKTG 3001
1265,UMNTC,UMNTC,MKTG,3001,070,Principles  of Mktg,B+,4,Corey Nelson,nels9420,MKTG 3001
1265,UMNTC,UMNTC,MKTG,3001,070,Principles  of Mktg,B-,3,Corey Nelson,nels9420,MKTG 3001
1265,UMNTC,UMNTC,MKTG,3001,070,Principles  of Mktg,C,3,Corey Nelson,nels9420,MKTG 3001
1265,UMNTC,UMNTC,MKTG,3001,070,Principles  of Mktg,C+,2,Corey Nelson,nels9420,MKTG 3001
1265,UMNTC,UMNTC,MKTG,3001,070,Principles  of Mktg,C-,1,Corey Nelson,nels9420,MKTG 3001
1265,UMNTC,UMNTC,MKTG,3001,070,Principles  of Mktg,D,1,Corey Nelson,nels9420,MKTG 3001
1265,UMNTC,UMNTC,MKTG,3001,070,Principles  of Mktg,F,2,Corey Nelson,nels9420,MKTG 3001
1265,UMNTC,UMNTC,MKTG,3001,070,Principles  of Mktg,W,1,Corey Nelson,nels9420,MKTG 3001
1265,UMNCR,UMNCR,MKTG,3300,E90,Principles of Marketing,A,16,Courtney Bergman,cbergman,MKTG 3300
1265,UMNCR,UMNCR,MKTG,3300,E90,Principles of Marketing,A-,1,Courtney Bergman,cbergman,MKTG 3300
1265,UMNCR,UMNCR,MKTG,3300,E90,Principles of Marketing,B,3,Courtney Bergman,cbergman,MKTG 3300
1265,UMNCR,UMNCR,MKTG,3300,E90,Principles of Marketing,B+,2,Courtney Bergman,cbergman,MKTG 3300
1265,UMNCR,UMNCR,MKTG,3300,E90,Principles of Marketing,B-,2,Courtney Bergman,cbergman,MKTG 3300
1265,UMNCR,UMNCR,MKTG,3300,E90,Principles of Marketing,D,2,Courtney Bergman,cbergman,MKTG 3300
1265,UMNCR,UMNCR,MKTG,3300,E90,Principles of Marketing,F,1,Courtney Bergman,cbergman,MKTG 3300
1265,UMNCR,UMNCR,MKTG,3300,E90,Principles of Marketing,W,1,Courtney Bergman,cbergman,MKTG 3300
1265,UMNCR,UMNCR,MKTG,3300,E91,Principles of Marketing,A,7,Al Fattal Anas,aalfatta,MKTG 3300
1265,UMNCR,UMNCR,MKTG,3300,E91,Principles of Marketing,A-,2,Al Fattal Anas,aalfatta,MKTG 3300
1265,UMNCR,UMNCR,MKTG,3300,E91,Principles of Marketing,B,1,Al Fattal Anas,aalfatta,MKTG 3300
1265,UMNCR,UMNCR,MKTG,3300,E91,Principles of Marketing,C+,1,Al Fattal Anas,aalfatta,MKTG 3300
1265,UMNCR,UMNCR,MKTG,3300,E91,Principles of Marketing,C-,1,Al Fattal Anas,aalfatta,MKTG 3300
1265,UMNCR,UMNCR,MKTG,3300,E91,Principles of Marketing,D,1,Al Fattal Anas,aalfatta,MKTG 3300
1265,UMNCR,UMNCR,MKTG,3310,E90,Consumer Behavior,A,3,Al Fattal Anas,aalfatta,MKTG 3310
1265,UMNCR,UMNCR,MKTG,3310,E90,Consumer Behavior,A-,3,Al Fattal Anas,aalfatta,MKTG 3310
1265,UMNCR,UMNCR,MKTG,3310,E90,Consumer Behavior,B,1,Al Fattal Anas,aalfatta,MKTG 3310
1265,UMNCR,UMNCR,MKTG,3310,E90,Consumer Behavior,B+,2,Al Fattal Anas,aalfatta,MKTG 3310
1265,UMNCR,UMNCR,MKTG,3310,E90,Consumer Behavior,B-,2,Al Fattal Anas,aalfatta,MKTG 3310
1265,UMNDL,UMNDL,MKTG,3701,001,Principles of Marketing,A,7,Jessica Gardner,jjgardne,MKTG 3701
1265,UMNDL,UMNDL,MKTG,3701,001,Principles of Marketing,A-,4,Jessica Gardner,jjgardne,MKTG 3701
1265,UMNDL,UMNDL,MKTG,3701,001,Principles of Marketing,B,3,Jessica Gardner,jjgardne,MKTG 3701
1265,UMNDL,UMNDL,MKTG,3701,001,Principles of Marketing,B+,3,Jessica Gardner,jjgardne,MKTG 3701
1265,UMNDL,UMNDL,MKTG,3701,001,Principles of Marketing,B-,1,Jessica Gardner,jjgardne,MKTG 3701
1265,UMNDL,UMNDL,MKTG,3701,001,Principles of Marketing,C+,2,Jessica Gardner,jjgardne,MKTG 3701
1265,UMNDL,UMNDL,MKTG,3701,001,Principles of Marketing,C-,1,Jessica Gardner,jjgardne,MKTG 3701
1265,UMNDL,UMNDL,MKTG,3721,001,Social Media Marketing,A,12,Yuhosua Ryoo,yryoo,MKTG 3721
1265,UMNDL,UMNDL,MKTG,3721,001,Social Media Marketing,A-,1,Yuhosua Ryoo,yryoo,MKTG 3721
1265,UMNDL,UMNDL,MKTG,3721,001,Social Media Marketing,B,3,Yuhosua Ryoo,yryoo,MKTG 3721
1265,UMNDL,UMNDL,MKTG,3721,001,Social Media Marketing,B+,3,Yuhosua Ryoo,yryoo,MKTG 3721
1265,UMNDL,UMNDL,MKTG,3721,001,Social Media Marketing,B-,1,Yuhosua Ryoo,yryoo,MKTG 3721
1265,UMNDL,UMNDL,MKTG,3721,001,Social Media Marketing,C,2,Yuhosua Ryoo,yryoo,MKTG 3721
1265,UMNDL,UMNDL,MKTG,3751,001,Marketing Ethics,A,2,Matthew Lunde,mlunde,MKTG 3751
1265,UMNDL,UMNDL,MKTG,3751,001,Marketing Ethics,A-,7,Matthew Lunde,mlunde,MKTG 3751
1265,UMNDL,UMNDL,MKTG,3751,001,Marketing Ethics,B,6,Matthew Lunde,mlunde,MKTG 3751
1265,UMNDL,UMNDL,MKTG,3751,001,Marketing Ethics,B+,14,Matthew Lunde,mlunde,MKTG 3751
1265,UMNDL,UMNDL,MKTG,3751,001,Marketing Ethics,B-,1,Matthew Lunde,mlunde,MKTG 3751
1265,UMNDL,UMNDL,MKTG,3751,001,Marketing Ethics,D,1,Matthew Lunde,mlunde,MKTG 3751
1265,UMNDL,UMNDL,MKTG,3797,001,Marketing Internship,A,8,Marte Kitson,mkitson,MKTG 3797
1265,UMNDL,UMNDL,MKTG,3797,001,Marketing Internship,A-,1,Marte Kitson,mkitson,MKTG 3797
1265,UMNDL,UMNDL,MKTG,3797,001,Marketing Internship,B,1,Marte Kitson,mkitson,MKTG 3797
1265,UMNDL,UMNDL,MKTG,3797,001,Marketing Internship,B+,1,Marte Kitson,mkitson,MKTG 3797
1265,UMNDL,UMNDL,MKTG,3797,001,Marketing Internship,D,1,Marte Kitson,mkitson,MKTG 3797
1265,UMNDL,UMNDL,MKTG,4774,001,International Marketing,A,11,Sherri Norman,slnorman,MKTG 4774
1265,UMNDL,UMNDL,MKTG,4774,001,International Marketing,A-,2,Sherri Norman,slnorman,MKTG 4774
1265,UMNDL,UMNDL,MKTG,4774,001,International Marketing,B,4,Sherri Norman,slnorman,MKTG 4774
1265,UMNDL,UMNDL,MKTG,4774,001,International Marketing,B+,1,Sherri Norman,slnorman,MKTG 4774
1265,UMNDL,UMNDL,MKTG,4774,001,International Marketing,B-,2,Sherri Norman,slnorman,MKTG 4774
1265,UMNDL,UMNDL,MKTG,4774,001,International Marketing,C+,4,Sherri Norman,slnorman,MKTG 4774
1265,UMNDL,UMNDL,MKTG,4774,001,International Marketing,D,1,Sherri Norman,slnorman,MKTG 4774
1265,UMNTC,UMNTC,MKTG,6082,070,Brand Strategy,A,19,Andrew Lainsbury,lain0009,MKTG 6082
1265,UMNTC,UMNTC,MKTG,6082,070,Brand Strategy,A-,9,Andrew Lainsbury,lain0009,MKTG 6082
1265,UMNTC,UMNTC,MKTG,6082,070,Brand Strategy,B,1,Andrew Lainsbury,lain0009,MKTG 6082
1265,UMNTC,UMNTC,MKTG,6082,070,Brand Strategy,B+,6,Andrew Lainsbury,lain0009,MKTG 6082
1265,UMNTC,UMNTC,MKTG,6088,070,Strategic Marketing,A,16,David Hopkins,hopk0027,MKTG 6088
1265,UMNTC,UMNTC,MKTG,6088,070,Strategic Marketing,A-,13,David Hopkins,hopk0027,MKTG 6088
1265,UMNTC,UMNTC,MKTG,6088,070,Strategic Marketing,B,1,David Hopkins,hopk0027,MKTG 6088
1265,UMNTC,UMNTC,MKTG,6088,070,Strategic Marketing,B+,2,David Hopkins,hopk0027,MKTG 6088
1265,UMNTC,UMNTC,MLSP,5011W,001,Prof Issues Health Care Comm,A,17,Victoria Contreras,contr066,MLSP 5011W
1265,UMNTC,UMNTC,MLSP,5011W,001,Prof Issues Health Care Comm,A-,1,Victoria Contreras,contr066,MLSP 5011W
1265,UMNTC,UMNTC,MLSP,5011W,001,Prof Issues Health Care Comm,B,2,Victoria Contreras,contr066,MLSP 5011W
1265,UMNTC,UMNTC,MLSP,5011W,001,Prof Issues Health Care Comm,B+,2,Victoria Contreras,contr066,MLSP 5011W
1265,UMNTC,UMNTC,MLSP,5011W,001,Prof Issues Health Care Comm,B-,1,Victoria Contreras,contr066,MLSP 5011W
1265,UMNTC,UMNTC,MLSP,5011W,001,Prof Issues Health Care Comm,C,1,Victoria Contreras,contr066,MLSP 5011W
1265,UMNTC,UMNTC,MLSP,5011W,001,Prof Issues Health Care Comm,C+,1,Victoria Contreras,contr066,MLSP 5011W
1265,UMNTC,UMNTC,MLSP,5011W,001,Prof Issues Health Care Comm,F,1,Victoria Contreras,contr066,MLSP 5011W
1265,UMNTC,UMNTC,MLSP,5014W,001,Lab Oper in Health Care,A,19,Andrew Yue,yuex0004,MLSP 5014W
1265,UMNTC,UMNTC,MLSP,5014W,001,Lab Oper in Health Care,A-,2,Andrew Yue,yuex0004,MLSP 5014W
1265,UMNTC,UMNTC,MLSP,5014W,001,Lab Oper in Health Care,B+,3,Andrew Yue,yuex0004,MLSP 5014W
1265,UMNTC,UMNTC,MLSP,5311,002,Laboratory Techniques,A,4,Hannah Gartzke,hgartzke,MLSP 5311
1265,UMNTC,UMNTC,MLSP,5311,002,Laboratory Techniques,A-,6,Hannah Gartzke,hgartzke,MLSP 5311
1265,UMNTC,UMNTC,MLSP,5311,002,Laboratory Techniques,B,3,Hannah Gartzke,hgartzke,MLSP 5311
1265,UMNTC,UMNTC,MLSP,5311,002,Laboratory Techniques,B+,4,Hannah Gartzke,hgartzke,MLSP 5311
1265,UMNTC,UMNTC,MLSP,5311,002,Laboratory Techniques,B-,4,Hannah Gartzke,hgartzke,MLSP 5311
1265,UMNTC,UMNTC,MLSP,5311,002,Laboratory Techniques,C,1,Hannah Gartzke,hgartzke,MLSP 5311
1265,UMNTC,UMNTC,MLSP,5311,002,Laboratory Techniques,C+,1,Hannah Gartzke,hgartzke,MLSP 5311
1265,UMNTC,UMNTC,MLSP,5511,001,Principles of Immunobiology,A,12,Rachel Johnson,rmjohns,MLSP 5511
1265,UMNTC,UMNTC,MLSP,5511,001,Principles of Immunobiology,A-,7,Rachel Johnson,rmjohns,MLSP 5511
1265,UMNTC,UMNTC,MLSP,5511,001,Principles of Immunobiology,B,5,Rachel Johnson,rmjohns,MLSP 5511
1265,UMNTC,UMNTC,MLSP,5511,001,Principles of Immunobiology,B+,1,Rachel Johnson,rmjohns,MLSP 5511
1265,UMNTC,UMNTC,MLSP,5511,001,Principles of Immunobiology,B-,1,Rachel Johnson,rmjohns,MLSP 5511
1265,UMNTC,UMNTC,MONT,4303,500,Adolescent Psychology,A,15,Bonnie Klimes-Dougan,klimes,MONT 4303
1265,UMNTC,UMNTC,MONT,4303,500,Adolescent Psychology,B+,2,Bonnie Klimes-Dougan,klimes,MONT 4303
1265,UMNTC,UMNTC,MORT,3379,001,Clinical Funeral Srvc Rotation,A,19,Carrie Rowell,carowell,MORT 3379
1265,UMNTC,UMNTC,MORT,3379,001,Clinical Funeral Srvc Rotation,A-,1,Carrie Rowell,carowell,MORT 3379
1265,UMNTC,UMNTC,MSBA,6155,001,Generative AI for Business,A,12,Alok Gupta,gupta037,MSBA 6155
1265,UMNTC,UMNTC,MSBA,6155,001,Generative AI for Business,A-,10,Alok Gupta,gupta037,MSBA 6155
1265,UMNTC,UMNTC,MSBA,6155,001,Generative AI for Business,B+,9,Alok Gupta,gupta037,MSBA 6155
1265,UMNTC,UMNTC,MSBA,6155,001,Generative AI for Business,B-,1,Alok Gupta,gupta037,MSBA 6155
1265,UMNTC,UMNTC,MSBA,6345,001,Agile Project Management,A,44,Melodie Bard,mtbard,MSBA 6345
1265,UMNTC,UMNTC,MSBA,6345,001,Agile Project Management,A-,9,Melodie Bard,mtbard,MSBA 6345
1265,UMNTC,UMNTC,MSBA,6345,001,Agile Project Management,B+,5,Melodie Bard,mtbard,MSBA 6345
1265,UMNTC,UMNTC,MSBA,6345,001,Agile Project Management,B-,1,Melodie Bard,mtbard,MSBA 6345
1265,UMNTC,UMNTC,MSBA,6431,001,Times Series Forecasting,A,47,Xuan Bi,xbi,MSBA 6431
1265,UMNTC,UMNTC,MSBA,6431,001,Times Series Forecasting,A-,7,Xuan Bi,xbi,MSBA 6431
1265,UMNTC,UMNTC,MSBA,6431,001,Times Series Forecasting,B,1,Xuan Bi,xbi,MSBA 6431
1265,UMNTC,UMNTC,MSBA,6431,001,Times Series Forecasting,B+,2,Xuan Bi,xbi,MSBA 6431
1265,UMNTC,UMNTC,MSBA,6431,001,Times Series Forecasting,B-,1,Xuan Bi,xbi,MSBA 6431
1265,UMNTC,UMNTC,MSBA,6431,001,Times Series Forecasting,C,1,Xuan Bi,xbi,MSBA 6431
1265,UMNTC,UMNTC,MSBA,6511,001,BA Experiential Learning,A,54,Lee Thomas,thom1221,MSBA 6511
1265,UMNTC,UMNTC,MSBA,6511,001,BA Experiential Learning,A-,5,Lee Thomas,thom1221,MSBA 6511
1265,UMNTC,UMNTC,MSF,6031,001,Financial Accounting,A,16,Scott Johnson,johnson2,MSF 6031
1265,UMNTC,UMNTC,MSF,6031,001,Financial Accounting,A-,2,Scott Johnson,johnson2,MSF 6031
1265,UMNTC,UMNTC,MSF,6031,001,Financial Accounting,B+,4,Scott Johnson,johnson2,MSF 6031
1265,UMNTC,UMNTC,MSF,6221,001,"Finance I: Risk, Return, Value",A,12,Zhenhu Jin,jin00266,MSF 6221
1265,UMNTC,UMNTC,MSF,6221,001,"Finance I: Risk, Return, Value",A-,10,Zhenhu Jin,jin00266,MSF 6221
1265,UMNTC,UMNTC,MSF,6221,001,"Finance I: Risk, Return, Value",B+,2,Zhenhu Jin,jin00266,MSF 6221
1265,UMNTC,UMNTC,MSF,6421,001,Computing for Finance,A,8,Timothy Nantell,tnantell,MSF 6421
1265,UMNTC,UMNTC,MSF,6421,001,Computing for Finance,A-,12,Timothy Nantell,tnantell,MSF 6421
1265,UMNTC,UMNTC,MSF,6421,001,Computing for Finance,B,1,Timothy Nantell,tnantell,MSF 6421
1265,UMNTC,UMNTC,MSF,6421,001,Computing for Finance,B+,4,Timothy Nantell,tnantell,MSF 6421
1265,UMNTC,UMNTC,MSF,6921,001,Introduction to Python,A,11,Ryan Sougstad,sougs002,MSF 6921
1265,UMNTC,UMNTC,MSF,6921,001,Introduction to Python,A-,3,Ryan Sougstad,sougs002,MSF 6921
1265,UMNTC,UMNTC,MSF,6921,001,Introduction to Python,B,7,Ryan Sougstad,sougs002,MSF 6921
1265,UMNTC,UMNTC,MSF,6921,001,Introduction to Python,B+,2,Ryan Sougstad,sougs002,MSF 6921
1265,UMNTC,UMNTC,MTHE,5366,001,Tech-Assist Math Instruction,A,21,Terrence Wyberg,wyber001,MTHE 5366
1265,UMNTC,UMNTC,MTHE,5366,001,Tech-Assist Math Instruction,C-,1,Terrence Wyberg,wyber001,MTHE 5366
1265,UMNDL,UMNDL,MU,1001,080,Intro to Music,A,20,Justin Rubin,jrubin1,MU 1001
1265,UMNDL,UMNDL,MU,1001,080,Intro to Music,A-,1,Justin Rubin,jrubin1,MU 1001
1265,UMNDL,UMNDL,MU,1001,080,Intro to Music,C,1,Justin Rubin,jrubin1,MU 1001
1265,UMNDL,UMNDL,MU,1001,080,Intro to Music,C+,2,Justin Rubin,jrubin1,MU 1001
1265,UMNDL,UMNDL,MU,1004,080,Music in Film,A,15,Justin Rubin,jrubin1,MU 1004
1265,UMNDL,UMNDL,MU,1004,080,Music in Film,B,1,Justin Rubin,jrubin1,MU 1004
1265,UMNDL,UMNDL,MU,1005,080,Jazz Studies,A,11,David Edmund,dcedmund,MU 1005
1265,UMNDL,UMNDL,MU,1005,080,Jazz Studies,A-,8,David Edmund,dcedmund,MU 1005
1265,UMNDL,UMNDL,MU,1005,080,Jazz Studies,B,8,David Edmund,dcedmund,MU 1005
1265,UMNDL,UMNDL,MU,1005,080,Jazz Studies,B+,2,David Edmund,dcedmund,MU 1005
1265,UMNDL,UMNDL,MU,1005,080,Jazz Studies,B-,4,David Edmund,dcedmund,MU 1005
1265,UMNDL,UMNDL,MU,1005,080,Jazz Studies,C,3,David Edmund,dcedmund,MU 1005
1265,UMNDL,UMNDL,MU,1005,080,Jazz Studies,D+,1,David Edmund,dcedmund,MU 1005
1265,UMNDL,UMNDL,MU,2003,001,American Music,A,20,Bernabe Jorge,bjorge,MU 2003
1265,UMNDL,UMNDL,MU,2003,001,American Music,B,1,Bernabe Jorge,bjorge,MU 2003
1265,UMNDL,UMNDL,MU,2003,001,American Music,C,1,Bernabe Jorge,bjorge,MU 2003
1265,UMNDL,UMNDL,MU,2003,001,American Music,D,1,Bernabe Jorge,bjorge,MU 2003
1265,UMNDL,UMNDL,MU,2003,001,American Music,F,4,Bernabe Jorge,bjorge,MU 2003
1265,UMNTC,UMNTC,MUS,1013,301,Rock I: Rock Music to 1970,A,12,Amin Sharifi,,MUS 1013
1265,UMNTC,UMNTC,MUS,1013,301,Rock I: Rock Music to 1970,A-,1,Amin Sharifi,,MUS 1013
1265,UMNTC,UMNTC,MUS,1013,301,Rock I: Rock Music to 1970,B-,1,Amin Sharifi,,MUS 1013
1265,UMNTC,UMNTC,MUS,1013,301,Rock I: Rock Music to 1970,D,3,Amin Sharifi,,MUS 1013
1265,UMNTC,UMNTC,MUS,1013,301,Rock I: Rock Music to 1970,F,3,Amin Sharifi,,MUS 1013
1265,UMNTC,UMNTC,MUS,1013,301,Rock I: Rock Music to 1970,W,1,Amin Sharifi,,MUS 1013
1265,UMNTC,UMNTC,MUS,1013,302,Rock I: Rock Music to 1970,A,3,Jacob Frost,,MUS 1013
1265,UMNTC,UMNTC,MUS,1013,302,Rock I: Rock Music to 1970,A-,3,Jacob Frost,,MUS 1013
1265,UMNTC,UMNTC,MUS,1013,302,Rock I: Rock Music to 1970,B+,3,Jacob Frost,,MUS 1013
1265,UMNTC,UMNTC,MUS,1013,302,Rock I: Rock Music to 1970,W,1,Jacob Frost,,MUS 1013
1265,UMNTC,UMNTC,MUS,1013,303,Rock I: Rock Music to 1970,A,9,Frederico Teixeira,,MUS 1013
1265,UMNTC,UMNTC,MUS,1013,303,Rock I: Rock Music to 1970,B,2,Frederico Teixeira,,MUS 1013
1265,UMNTC,UMNTC,MUS,1013,303,Rock I: Rock Music to 1970,B+,2,Frederico Teixeira,,MUS 1013
1265,UMNTC,UMNTC,MUS,1013,303,Rock I: Rock Music to 1970,B-,2,Frederico Teixeira,,MUS 1013
1265,UMNTC,UMNTC,MUS,1013,303,Rock I: Rock Music to 1970,C+,1,Frederico Teixeira,,MUS 1013
1265,UMNTC,UMNTC,MUS,1013,303,Rock I: Rock Music to 1970,D,2,Frederico Teixeira,,MUS 1013
1265,UMNTC,UMNTC,MUS,1013,303,Rock I: Rock Music to 1970,F,2,Frederico Teixeira,,MUS 1013
1265,UMNTC,UMNTC,MUS,1013,303,Rock I: Rock Music to 1970,W,7,Frederico Teixeira,,MUS 1013
1265,UMNTC,UMNTC,MUS,1015W,301,Music and Movies,A,13,Momcilo Aleksandric,,MUS 1015W
1265,UMNTC,UMNTC,MUS,1015W,301,Music and Movies,A-,1,Momcilo Aleksandric,,MUS 1015W
1265,UMNTC,UMNTC,MUS,1015W,301,Music and Movies,B+,1,Momcilo Aleksandric,,MUS 1015W
1265,UMNTC,UMNTC,MUS,1015W,301,Music and Movies,B-,1,Momcilo Aleksandric,,MUS 1015W
1265,UMNTC,UMNTC,MUS,1015W,301,Music and Movies,F,2,Momcilo Aleksandric,,MUS 1015W
1265,UMNTC,UMNTC,MUS,1015W,301,Music and Movies,W,2,Momcilo Aleksandric,,MUS 1015W
1265,UMNMO,UMNMO,MUS,1039,098,Music and Social Justice,A,2,Denise Odello,odell059,MUS 1039
1265,UMNMO,UMNMO,MUS,1039,098,Music and Social Justice,A-,4,Denise Odello,odell059,MUS 1039
1265,UMNMO,UMNMO,MUS,1039,098,Music and Social Justice,B,1,Denise Odello,odell059,MUS 1039
1265,UMNMO,UMNMO,MUS,1039,098,Music and Social Justice,B+,6,Denise Odello,odell059,MUS 1039
1265,UMNMO,UMNMO,MUS,1039,098,Music and Social Justice,C+,1,Denise Odello,odell059,MUS 1039
1265,UMNMO,UMNMO,MUS,1039,098,Music and Social Justice,C-,1,Denise Odello,odell059,MUS 1039
1265,UMNMO,UMNMO,MUS,1039,098,Music and Social Justice,D,1,Denise Odello,odell059,MUS 1039
1265,UMNMO,UMNMO,MUS,1039,098,Music and Social Justice,F,2,Denise Odello,odell059,MUS 1039
1265,UMNMO,UMNMO,MUS,1039,098,Music and Social Justice,W,2,Denise Odello,odell059,MUS 1039
1265,UMNTC,UMNTC,NSCI,3101,001,Neurobio I: Mol Cell Systems,A,6,Lorene Lanier,lanier,NSCI 3101
1265,UMNTC,UMNTC,NSCI,3101,001,Neurobio I: Mol Cell Systems,A-,3,Lorene Lanier,lanier,NSCI 3101
1265,UMNTC,UMNTC,NSCI,3101,001,Neurobio I: Mol Cell Systems,B,5,Lorene Lanier,lanier,NSCI 3101
1265,UMNTC,UMNTC,NSCI,3101,001,Neurobio I: Mol Cell Systems,B+,2,Lorene Lanier,lanier,NSCI 3101
1265,UMNTC,UMNTC,NSCI,3101,001,Neurobio I: Mol Cell Systems,C,3,Lorene Lanier,lanier,NSCI 3101
1265,UMNTC,UMNTC,NSCI,3101,001,Neurobio I: Mol Cell Systems,C+,1,Lorene Lanier,lanier,NSCI 3101
1265,UMNTC,UMNTC,NSCI,3101,001,Neurobio I: Mol Cell Systems,C-,2,Lorene Lanier,lanier,NSCI 3101
1265,UMNTC,UMNTC,NSCI,3101,001,Neurobio I: Mol Cell Systems,D,1,Lorene Lanier,lanier,NSCI 3101
1265,UMNTC,UMNTC,NSCI,3101,001,Neurobio I: Mol Cell Systems,F,3,Lorene Lanier,lanier,NSCI 3101
1265,UMNTC,UMNTC,NSCI,3101,001,Neurobio I: Mol Cell Systems,W,5,Lorene Lanier,lanier,NSCI 3101
1265,UMNTC,UMNTC,NURS,5038,002,NursRole TransAcrsCareSettings,A,11,Mary Ellenberger,ellen081,NURS 5038
1265,UMNTC,UMNTC,NURS,5038,002,NursRole TransAcrsCareSettings,C-,1,Mary Ellenberger,ellen081,NURS 5038
1265,UMNTC,UMNTC,NURS,5115,001,Nurs Informatics & Dig Health,A,78,Martin Michalowski,martinm,NURS 5115
1265,UMNTC,UMNTC,NURS,5115,001,Nurs Informatics & Dig Health,A-,1,Martin Michalowski,martinm,NURS 5115
1265,UMNTC,UMNTC,NURS,5115,001,Nurs Informatics & Dig Health,B+,2,Martin Michalowski,martinm,NURS 5115
1265,UMNTC,UMNTC,NURS,5115,002,Nurs Informatics & Dig Health,A,95,Chih-Lin Chi,cchi,NURS 5115
1265,UMNTC,UMNTC,NURS,5115,002,Nurs Informatics & Dig Health,A-,2,Chih-Lin Chi,cchi,NURS 5115
1265,UMNTC,UMNTC,NURS,5200,002,Holistic Health & Therapeutics,A,3,Ann Hayden,ahayden,NURS 5200
1265,UMNTC,UMNTC,NURS,5200,002,Holistic Health & Therapeutics,A-,5,Ann Hayden,ahayden,NURS 5200
1265,UMNTC,UMNTC,NURS,5200,002,Holistic Health & Therapeutics,B,4,Ann Hayden,ahayden,NURS 5200
1265,UMNTC,UMNTC,NURS,5200,002,Holistic Health & Therapeutics,B+,5,Ann Hayden,ahayden,NURS 5200
1265,UMNTC,UMNTC,NURS,5200,003,Holistic Health & Therapeutics,A,8,Ann Hayden,ahayden,NURS 5200
1265,UMNTC,UMNTC,NURS,5200,003,Holistic Health & Therapeutics,A-,16,Ann Hayden,ahayden,NURS 5200
1265,UMNTC,UMNTC,NURS,5200,003,Holistic Health & Therapeutics,B,7,Ann Hayden,ahayden,NURS 5200
1265,UMNTC,UMNTC,NURS,5200,003,Holistic Health & Therapeutics,B+,8,Ann Hayden,ahayden,NURS 5200
1265,UMNTC,UMNTC,NURS,5200,003,Holistic Health & Therapeutics,B-,1,Ann Hayden,ahayden,NURS 5200
1265,UMNTC,UMNTC,NURS,5200,004,Holistic Health & Therapeutics,A,7,Ann Hayden,ahayden,NURS 5200
1265,UMNTC,UMNTC,NURS,5200,004,Holistic Health & Therapeutics,A-,8,Ann Hayden,ahayden,NURS 5200
1265,UMNTC,UMNTC,NURS,5200,004,Holistic Health & Therapeutics,B,1,Ann Hayden,ahayden,NURS 5200
1265,UMNTC,UMNTC,NURS,5200,004,Holistic Health & Therapeutics,B+,3,Ann Hayden,ahayden,NURS 5200
1265,UMNTC,UMNTC,NURS,6111,001,Intro Diagnostic Reasoning,A,56,Sheila Smith,smit0171,NURS 6111
1265,UMNTC,UMNTC,NURS,6111,001,Intro Diagnostic Reasoning,A-,6,Sheila Smith,smit0171,NURS 6111
1265,UMNTC,UMNTC,NURS,6601,001,Intro to Adv Psych Nurse Role,A,10,Elizabeth Hopfenspirger,koll0021,NURS 6601
1265,UMNTC,UMNTC,NURS,6601,001,Intro to Adv Psych Nurse Role,A-,1,Elizabeth Hopfenspirger,koll0021,NURS 6601
1265,UMNTC,UMNTC,NURS,6901,001,Basic Nurse Anesthesia Princip,A,11,Trevor Goldsmith,golds320,NURS 6901
1265,UMNTC,UMNTC,NURS,6901,001,Basic Nurse Anesthesia Princip,A-,6,Trevor Goldsmith,golds320,NURS 6901
1265,UMNTC,UMNTC,NURS,6901,001,Basic Nurse Anesthesia Princip,B,1,Trevor Goldsmith,golds320,NURS 6901
1265,UMNTC,UMNTC,NURS,6901,001,Basic Nurse Anesthesia Princip,B+,1,Trevor Goldsmith,golds320,NURS 6901
1265,UMNTC,UMNTC,NURS,6927,001,Rproductve Hlthcare Specfc Pop,A,5,Kelsey Lessard,butt0044,NURS 6927
1265,UMNTC,UMNTC,NURS,6927,001,Rproductve Hlthcare Specfc Pop,A-,3,Kelsey Lessard,butt0044,NURS 6927
1265,UMNTC,UMNTC,NURS,6927,001,Rproductve Hlthcare Specfc Pop,B+,1,Kelsey Lessard,butt0044,NURS 6927
1265,UMNTC,UMNTC,NURS,6927,001,Rproductve Hlthcare Specfc Pop,B-,1,Kelsey Lessard,butt0044,NURS 6927
1265,UMNTC,UMNTC,NURS,6928,001,Repro Health in Spc Pop Pract,N,1,Kelsey Lessard,butt0044,NURS 6928
1265,UMNTC,UMNTC,NURS,6928,001,Repro Health in Spc Pop Pract,S,9,Kelsey Lessard,butt0044,NURS 6928
1265,UMNTC,UMNTC,NURS,7102,001,Scholrly Dissem Adv Nurs Pract,A,11,Wendy Looman,looma003,NURS 7102
1265,UMNTC,UMNTC,NURS,7102,001,Scholrly Dissem Adv Nurs Pract,A-,7,Wendy Looman,looma003,NURS 7102
1265,UMNTC,UMNTC,NURS,7102,001,Scholrly Dissem Adv Nurs Pract,B+,2,Wendy Looman,looma003,NURS 7102
1265,UMNTC,UMNTC,NURS,7205,003,HealthEconFinan in AdvNursPrac,A,42,Rozina Bhimani,bhim0001,NURS 7205
1265,UMNTC,UMNTC,NURS,7205,003,HealthEconFinan in AdvNursPrac,B+,1,Rozina Bhimani,bhim0001,NURS 7205
1265,UMNTC,UMNTC,NURS,7205,003,HealthEconFinan in AdvNursPrac,W,1,Rozina Bhimani,bhim0001,NURS 7205
1265,UMNTC,UMNTC,NURS,7502,001,HealthCareOlderAdultsforAGNP,A,9,Sheila Smith,smit0171,NURS 7502
1265,UMNTC,UMNTC,NURS,7502,001,HealthCareOlderAdultsforAGNP,A-,2,Sheila Smith,smit0171,NURS 7502
1265,UMNTC,UMNTC,NURS,7515,001,HealthCareChildforFNPWellChild,A,3,Jenna Herman,herma489,NURS 7515
1265,UMNTC,UMNTC,NURS,7515,001,HealthCareChildforFNPWellChild,A-,6,Jenna Herman,herma489,NURS 7515
1265,UMNTC,UMNTC,NURS,7515,001,HealthCareChildforFNPWellChild,B,4,Jenna Herman,herma489,NURS 7515
1265,UMNTC,UMNTC,NURS,7515,001,HealthCareChildforFNPWellChild,B+,6,Jenna Herman,herma489,NURS 7515
1265,UMNTC,UMNTC,NURS,7518,001,Health Care of OlderAdult FNP,A,9,Ann Hayden,ahayden,NURS 7518
1265,UMNTC,UMNTC,NURS,7518,001,Health Care of OlderAdult FNP,A-,4,Ann Hayden,ahayden,NURS 7518
1265,UMNTC,UMNTC,OLPD,1303,001,Lead in Organizational Context,A,7,Nicole Dillard,ndillard,OLPD 1303
1265,UMNTC,UMNTC,OLPD,1303,001,Lead in Organizational Context,A-,5,Nicole Dillard,ndillard,OLPD 1303
1265,UMNTC,UMNTC,OLPD,1303,001,Lead in Organizational Context,B,2,Nicole Dillard,ndillard,OLPD 1303
1265,UMNTC,UMNTC,OLPD,1303,001,Lead in Organizational Context,C-,1,Nicole Dillard,ndillard,OLPD 1303
1265,UMNTC,UMNTC,OLPD,1303,001,Lead in Organizational Context,D,2,Nicole Dillard,ndillard,OLPD 1303
1265,UMNTC,UMNTC,OLPD,1303,001,Lead in Organizational Context,D+,1,Nicole Dillard,ndillard,OLPD 1303
1265,UMNTC,UMNTC,OLPD,1303,001,Lead in Organizational Context,F,1,Nicole Dillard,ndillard,OLPD 1303
1265,UMNTC,UMNTC,OLPD,1303,001,Lead in Organizational Context,W,1,Nicole Dillard,ndillard,OLPD 1303
1265,UMNTC,UMNTC,OLPD,2811,001,Societies of the Future: Work,A,6,Meg Fitzgerald-Sisk,mfsisk,OLPD 2811
1265,UMNTC,UMNTC,OLPD,2811,001,Societies of the Future: Work,A-,1,Meg Fitzgerald-Sisk,mfsisk,OLPD 2811
1265,UMNTC,UMNTC,OLPD,2811,001,Societies of the Future: Work,B,5,Meg Fitzgerald-Sisk,mfsisk,OLPD 2811
1265,UMNTC,UMNTC,OLPD,2811,001,Societies of the Future: Work,B+,1,Meg Fitzgerald-Sisk,mfsisk,OLPD 2811
1265,UMNTC,UMNTC,OLPD,2811,001,Societies of the Future: Work,B-,1,Meg Fitzgerald-Sisk,mfsisk,OLPD 2811
1265,UMNTC,UMNTC,OLPD,2811,001,Societies of the Future: Work,C,1,Meg Fitzgerald-Sisk,mfsisk,OLPD 2811
1265,UMNTC,UMNTC,OLPD,2811,001,Societies of the Future: Work,C+,1,Meg Fitzgerald-Sisk,mfsisk,OLPD 2811
1265,UMNTC,UMNTC,OLPD,2811,001,Societies of the Future: Work,D,2,Meg Fitzgerald-Sisk,mfsisk,OLPD 2811
1265,UMNTC,UMNTC,OLPD,2811,001,Societies of the Future: Work,D+,1,Meg Fitzgerald-Sisk,mfsisk,OLPD 2811
1265,UMNTC,UMNTC,OLPD,2811,001,Societies of the Future: Work,F,5,Meg Fitzgerald-Sisk,mfsisk,OLPD 2811
1265,UMNTC,UMNTC,OLPD,2811,001,Societies of the Future: Work,W,2,Meg Fitzgerald-Sisk,mfsisk,OLPD 2811
1265,UMNTC,UMNTC,OLPD,3308,001,Data-Driven Decision-Making,A,4,Sehoon Kim,kimsh,OLPD 3308
1265,UMNTC,UMNTC,OLPD,3308,001,Data-Driven Decision-Making,A-,6,Sehoon Kim,kimsh,OLPD 3308
1265,UMNTC,UMNTC,OLPD,3308,001,Data-Driven Decision-Making,B,1,Sehoon Kim,kimsh,OLPD 3308
1265,UMNTC,UMNTC,OLPD,3308,001,Data-Driven Decision-Making,B+,5,Sehoon Kim,kimsh,OLPD 3308
1265,UMNTC,UMNTC,OLPD,3308,001,Data-Driven Decision-Making,B-,1,Sehoon Kim,kimsh,OLPD 3308
1265,UMNTC,UMNTC,OLPD,3308,001,Data-Driven Decision-Making,C+,1,Sehoon Kim,kimsh,OLPD 3308
1265,UMNTC,UMNTC,OLPD,3308,001,Data-Driven Decision-Making,C-,9,Sehoon Kim,kimsh,OLPD 3308
1265,UMNTC,UMNTC,OLPD,3308,001,Data-Driven Decision-Making,F,1,Sehoon Kim,kimsh,OLPD 3308
1265,UMNTC,UMNTC,OLPD,3609,001,Profession & Pract of BME/HRD,A,14,Jessica Lauritsen,lauri119,OLPD 3609
1265,UMNTC,UMNTC,OLPD,3609,001,Profession & Pract of BME/HRD,A-,1,Jessica Lauritsen,lauri119,OLPD 3609
1265,UMNTC,UMNTC,OLPD,3609,001,Profession & Pract of BME/HRD,B,2,Jessica Lauritsen,lauri119,OLPD 3609
1265,UMNTC,UMNTC,OLPD,3609,001,Profession & Pract of BME/HRD,B-,1,Jessica Lauritsen,lauri119,OLPD 3609
1265,UMNTC,UMNTC,OLPD,3609,001,Profession & Pract of BME/HRD,C,1,Jessica Lauritsen,lauri119,OLPD 3609
1265,UMNTC,UMNTC,OLPD,3609,001,Profession & Pract of BME/HRD,C+,1,Jessica Lauritsen,lauri119,OLPD 3609
1265,UMNTC,UMNTC,OLPD,3609,001,Profession & Pract of BME/HRD,F,1,Jessica Lauritsen,lauri119,OLPD 3609
1265,UMNTC,UMNTC,OLPD,3641,001,Intro to Org Develop,A,6,Ana Dalla Martha Rodriguez,rodr0667,OLPD 3641
1265,UMNTC,UMNTC,OLPD,3641,001,Intro to Org Develop,A-,6,Ana Dalla Martha Rodriguez,rodr0667,OLPD 3641
1265,UMNTC,UMNTC,OLPD,3641,001,Intro to Org Develop,B,3,Ana Dalla Martha Rodriguez,rodr0667,OLPD 3641
1265,UMNTC,UMNTC,OLPD,3641,001,Intro to Org Develop,B+,4,Ana Dalla Martha Rodriguez,rodr0667,OLPD 3641
1265,UMNTC,UMNTC,OLPD,3641,001,Intro to Org Develop,B-,5,Ana Dalla Martha Rodriguez,rodr0667,OLPD 3641
1265,UMNTC,UMNTC,OLPD,3641,001,Intro to Org Develop,C,3,Ana Dalla Martha Rodriguez,rodr0667,OLPD 3641
1265,UMNTC,UMNTC,OLPD,3641,001,Intro to Org Develop,C+,1,Ana Dalla Martha Rodriguez,rodr0667,OLPD 3641
1265,UMNTC,UMNTC,OLPD,3641,001,Intro to Org Develop,C-,1,Ana Dalla Martha Rodriguez,rodr0667,OLPD 3641
1265,UMNTC,UMNTC,OLPD,3641,001,Intro to Org Develop,W,2,Ana Dalla Martha Rodriguez,rodr0667,OLPD 3641
1265,UMNTC,UMNTC,OLPD,3828,001,Diversity in the Workplace,A,14,Stephanie Sisco,pleasant,OLPD 3828
1265,UMNTC,UMNTC,OLPD,3828,001,Diversity in the Workplace,A-,3,Stephanie Sisco,pleasant,OLPD 3828
1265,UMNTC,UMNTC,OLPD,3828,001,Diversity in the Workplace,B,4,Stephanie Sisco,pleasant,OLPD 3828
1265,UMNTC,UMNTC,OLPD,3828,001,Diversity in the Workplace,B+,3,Stephanie Sisco,pleasant,OLPD 3828
1265,UMNTC,UMNTC,OLPD,3828,001,Diversity in the Workplace,F,2,Stephanie Sisco,pleasant,OLPD 3828
1265,UMNTC,UMNTC,OLPD,4696,001,Bsnss Mrktng Ed/Human Rsrc Dev,N,1,Taylor Siering,sieri004,OLPD 4696
1265,UMNTC,UMNTC,OLPD,4696,001,Bsnss Mrktng Ed/Human Rsrc Dev,S,29,Taylor Siering,sieri004,OLPD 4696
1265,UMNTC,UMNTC,OLPD,4696,002,Bsnss Mrktng Ed/Human Rsrc Dev,N,3,Susan Fairchild,,OLPD 4696
1265,UMNTC,UMNTC,OLPD,4696,002,Bsnss Mrktng Ed/Human Rsrc Dev,S,24,Susan Fairchild,,OLPD 4696
1265,UMNTC,UMNTC,OLPD,4696,002,Bsnss Mrktng Ed/Human Rsrc Dev,W,2,Susan Fairchild,,OLPD 4696
1265,UMNTC,UMNTC,OLPD,5005,001,School and Society,A,17,Shannon Finnegan,,OLPD 5005
1265,UMNTC,UMNTC,OLPD,5005,001,School and Society,A-,2,Shannon Finnegan,,OLPD 5005
1265,UMNTC,UMNTC,OLPD,5005,001,School and Society,B,3,Shannon Finnegan,,OLPD 5005
1265,UMNTC,UMNTC,OLPD,5005,001,School and Society,B+,1,Shannon Finnegan,,OLPD 5005
1265,UMNTC,UMNTC,OLPD,5005,002,School and Society,A,10,Shannon Finnegan,,OLPD 5005
1265,UMNTC,UMNTC,OLPD,5005,002,School and Society,A-,7,Shannon Finnegan,,OLPD 5005
1265,UMNTC,UMNTC,OLPD,5005,002,School and Society,B,2,Shannon Finnegan,,OLPD 5005
1265,UMNTC,UMNTC,OLPD,5005,002,School and Society,B+,1,Shannon Finnegan,,OLPD 5005
1265,UMNTC,UMNTC,OLPD,5009,001,Human Relations,A,42,Ellisha Dunnigan,,OLPD 5009
1265,UMNTC,UMNTC,OLPD,5009,001,Human Relations,A-,2,Ellisha Dunnigan,,OLPD 5009
1265,UMNTC,UMNTC,OLPD,5009,001,Human Relations,B,1,Ellisha Dunnigan,,OLPD 5009
1265,UMNTC,UMNTC,OLPD,5009,001,Human Relations,B-,1,Ellisha Dunnigan,,OLPD 5009
1265,UMNTC,UMNTC,OLPD,5080,001,Special Topics: OLPD,A,9,Aditi Rajendran,araj,OLPD 5080
1265,UMNTC,UMNTC,OLPD,5080,001,Special Topics: OLPD,A-,2,Aditi Rajendran,araj,OLPD 5080
1265,UMNTC,UMNTC,OLPD,5201,001,Strategies,A,15,Stephanie Sisco,pleasant,OLPD 5201
1265,UMNTC,UMNTC,OLPD,5201,001,Strategies,A-,3,Stephanie Sisco,pleasant,OLPD 5201
1265,UMNTC,UMNTC,OLPD,5201,001,Strategies,B-,1,Stephanie Sisco,pleasant,OLPD 5201
1265,UMNTC,UMNTC,OLPD,5202,001,Adult  Lrng & Devp,A,14,Joshua Collins,collinsj,OLPD 5202
1265,UMNTC,UMNTC,OLPD,5202,001,Adult  Lrng & Devp,A-,2,Joshua Collins,collinsj,OLPD 5202
1265,UMNTC,UMNTC,OLPD,5202,001,Adult  Lrng & Devp,B+,2,Joshua Collins,collinsj,OLPD 5202
1265,UMNTC,UMNTC,OLPD,5501,001,Principles & Methods of Eval,A,5,Stuart Yeh,yehxx008,OLPD 5501
1265,UMNTC,UMNTC,OLPD,5501,001,Principles & Methods of Eval,A-,4,Stuart Yeh,yehxx008,OLPD 5501
1265,UMNTC,UMNTC,OLPD,5501,001,Principles & Methods of Eval,B,1,Stuart Yeh,yehxx008,OLPD 5501
1265,UMNTC,UMNTC,OLPD,5501,001,Principles & Methods of Eval,B-,1,Stuart Yeh,yehxx008,OLPD 5501
1265,UMNTC,UMNTC,OLPD,5501,001,Principles & Methods of Eval,F,1,Stuart Yeh,yehxx008,OLPD 5501
1265,UMNTC,UMNTC,OLPD,5501,001,Principles & Methods of Eval,S,1,Stuart Yeh,yehxx008,OLPD 5501
1265,UMNTC,UMNTC,OLPD,5605,001,Strategic Plan/HR,A,15,Ana Dalla Martha Rodriguez,rodr0667,OLPD 5605
1265,UMNTC,UMNTC,OLPD,5605,001,Strategic Plan/HR,A-,1,Ana Dalla Martha Rodriguez,rodr0667,OLPD 5605
1265,UMNTC,UMNTC,OLPD,5605,001,Strategic Plan/HR,B-,1,Ana Dalla Martha Rodriguez,rodr0667,OLPD 5605
1265,UMNTC,UMNTC,OLPD,5605,001,Strategic Plan/HR,D+,1,Ana Dalla Martha Rodriguez,rodr0667,OLPD 5605
1265,UMNTC,UMNTC,OLPD,5607,001,Organization Development,A,13,Joshua Collins,collinsj,OLPD 5607
1265,UMNTC,UMNTC,OLPD,5607,001,Organization Development,A-,5,Joshua Collins,collinsj,OLPD 5607
1265,UMNTC,UMNTC,OLPD,5607,001,Organization Development,B+,1,Joshua Collins,collinsj,OLPD 5607
1265,UMNTC,UMNTC,OLPD,5819,001,Eval & Using Research,A,11,Nicole Dillard,ndillard,OLPD 5819
1265,UMNTC,UMNTC,OLPD,5819,001,Eval & Using Research,A-,2,Nicole Dillard,ndillard,OLPD 5819
1265,UMNTC,UMNTC,OLPD,5819,001,Eval & Using Research,C,1,Nicole Dillard,ndillard,OLPD 5819
1265,UMNTC,UMNTC,OT,1003,001,Intro:Occup Therap,A,14,Cindy Jacobs,pell0063,OT 1003
1265,UMNTC,UMNTC,OT,1003,001,Intro:Occup Therap,A-,1,Cindy Jacobs,pell0063,OT 1003
1265,UMNTC,UMNTC,OT,1003,001,Intro:Occup Therap,C+,1,Cindy Jacobs,pell0063,OT 1003
1265,UMNTC,UMNTC,OT,1003,001,Intro:Occup Therap,C-,1,Cindy Jacobs,pell0063,OT 1003
1265,UMNTC,UMNTC,OT,1003,001,Intro:Occup Therap,D+,1,Cindy Jacobs,pell0063,OT 1003
1265,UMNTC,UMNTC,OT,1003,001,Intro:Occup Therap,F,1,Cindy Jacobs,pell0063,OT 1003
1265,UMNTC,UMNTC,OT,1003,001,Intro:Occup Therap,N,1,Cindy Jacobs,pell0063,OT 1003
1265,UMNTC,UMNTC,OT,7332,001,Quantitative Rsrch OcptnlThrpy,A,15,Patricia Schaber,schab002,OT 7332
1265,UMNTC,UMNTC,OT,7332,001,Quantitative Rsrch OcptnlThrpy,A-,2,Patricia Schaber,schab002,OT 7332
1265,UMNTC,UMNTC,OT,7332,002,Quantitative Rsrch OcptnlThrpy,A,14,Patricia Schaber,schab002,OT 7332
1265,UMNTC,UMNTC,OT,7332,002,Quantitative Rsrch OcptnlThrpy,A-,8,Patricia Schaber,schab002,OT 7332
1265,UMNTC,UMNTC,OT,7332,002,Quantitative Rsrch OcptnlThrpy,B,2,Patricia Schaber,schab002,OT 7332
1265,UMNTC,UMNTC,OT,7343,001,Structures and Functions III,A,2,Abigail Fredrickson,fredr147,OT 7343
1265,UMNTC,UMNTC,OT,7343,001,Structures and Functions III,A-,11,Abigail Fredrickson,fredr147,OT 7343
1265,UMNTC,UMNTC,OT,7343,001,Structures and Functions III,B,3,Abigail Fredrickson,fredr147,OT 7343
1265,UMNTC,UMNTC,OT,7343,001,Structures and Functions III,B+,1,Abigail Fredrickson,fredr147,OT 7343
1265,UMNTC,UMNTC,OT,7343,002,Structures and Functions III,A,1,Abigail Fredrickson,fredr147,OT 7343
1265,UMNTC,UMNTC,OT,7343,002,Structures and Functions III,A-,4,Abigail Fredrickson,fredr147,OT 7343
1265,UMNTC,UMNTC,OT,7343,002,Structures and Functions III,B,6,Abigail Fredrickson,fredr147,OT 7343
1265,UMNTC,UMNTC,OT,7343,002,Structures and Functions III,B+,6,Abigail Fredrickson,fredr147,OT 7343
1265,UMNTC,UMNTC,OT,7343,002,Structures and Functions III,B-,6,Abigail Fredrickson,fredr147,OT 7343
1265,UMNTC,UMNTC,OT,7343,002,Structures and Functions III,C+,1,Abigail Fredrickson,fredr147,OT 7343
1265,UMNTC,UMNTC,OT,7653,001,OT Capstone Preparation III,A,13,Terrianne Jones,jone1727,OT 7653
1265,UMNTC,UMNTC,OT,7653,001,OT Capstone Preparation III,A-,3,Terrianne Jones,jone1727,OT 7653
1265,UMNTC,UMNTC,OT,7653,001,OT Capstone Preparation III,B,1,Terrianne Jones,jone1727,OT 7653
1265,UMNTC,UMNTC,OT,7653,001,OT Capstone Preparation III,C+,1,Terrianne Jones,jone1727,OT 7653
1265,UMNTC,UMNTC,OT,7653,002,OT Capstone Preparation III,A,17,Terrianne Jones,jone1727,OT 7653
1265,UMNTC,UMNTC,OT,7653,002,OT Capstone Preparation III,A-,3,Terrianne Jones,jone1727,OT 7653
1265,UMNTC,UMNTC,OT,7653,002,OT Capstone Preparation III,B,2,Terrianne Jones,jone1727,OT 7653
1265,UMNTC,UMNTC,OT,7653,002,OT Capstone Preparation III,B+,1,Terrianne Jones,jone1727,OT 7653
1265,UMNTC,UMNTC,OT,7821,001,Systems of OT Practice,A,16,Patricia Schaber,schab002,OT 7821
1265,UMNTC,UMNTC,OT,7821,001,Systems of OT Practice,A-,2,Patricia Schaber,schab002,OT 7821
1265,UMNTC,UMNTC,OT,7821,002,Systems of OT Practice,A,21,Patricia Schaber,schab002,OT 7821
1265,UMNTC,UMNTC,OT,7821,002,Systems of OT Practice,A-,2,Patricia Schaber,schab002,OT 7821
1265,UMNTC,UMNTC,OT,7821,002,Systems of OT Practice,B,2,Patricia Schaber,schab002,OT 7821
1265,UMNTC,UMNTC,OT,7841,002,Program Development in OT,A,19,Camille Sterner Sampers,samp0009,OT 7841
1265,UMNTC,UMNTC,OT,7841,002,Program Development in OT,A-,5,Camille Sterner Sampers,samp0009,OT 7841
1265,UMNTC,UMNTC,OT,7841,002,Program Development in OT,B+,1,Camille Sterner Sampers,samp0009,OT 7841
1265,UMNTC,UMNTC,OT,7842,001,Teaching and Learning in OT,A,14,Diane Anderson,ander230,OT 7842
1265,UMNTC,UMNTC,OT,7842,001,Teaching and Learning in OT,A-,3,Diane Anderson,ander230,OT 7842
1265,UMNTC,UMNTC,OT,7842,001,Teaching and Learning in OT,B+,1,Diane Anderson,ander230,OT 7842
1265,UMNTC,UMNTC,OT,7842,002,Teaching and Learning in OT,A,11,Diane Anderson,ander230,OT 7842
1265,UMNTC,UMNTC,OT,7842,002,Teaching and Learning in OT,A-,10,Diane Anderson,ander230,OT 7842
1265,UMNTC,UMNTC,OT,7842,002,Teaching and Learning in OT,B,1,Diane Anderson,ander230,OT 7842
1265,UMNTC,UMNTC,OT,7842,002,Teaching and Learning in OT,B+,3,Diane Anderson,ander230,OT 7842
1265,UMNTC,UMNTC,OT,7852,001,Trauma Informed Care for OT,A,16,Andrea Harrison,harrisoa,OT 7852
1265,UMNTC,UMNTC,OT,7852,001,Trauma Informed Care for OT,A-,7,Andrea Harrison,harrisoa,OT 7852
1265,UMNTC,UMNTC,OT,7858,001,Hand Therapy,A,11,Corey McGee,mcge0062,OT 7858
1265,UMNTC,UMNTC,OT,7858,001,Hand Therapy,A-,1,Corey McGee,mcge0062,OT 7858
1265,UMNTC,UMNTC,OT,7891,009,Independent Study in OT,A,6,Patricia Schaber,schab002,OT 7891
1265,UMNTC,UMNTC,OT,7891,009,Independent Study in OT,S,4,Patricia Schaber,schab002,OT 7891
1265,UMNTC,UMNTC,OT,7891,009,Independent Study in OT,W,3,Patricia Schaber,schab002,OT 7891
1265,UMNTC,UMNTC,OUE,1087,001,The First Year Experience,A,14,Andrea Shada,slon0010,OUE 1087
1265,UMNTC,UMNTC,OUE,1087,001,The First Year Experience,A-,9,Andrea Shada,slon0010,OUE 1087
1265,UMNTC,UMNTC,OUE,1087,001,The First Year Experience,B,6,Andrea Shada,slon0010,OUE 1087
1265,UMNTC,UMNTC,OUE,1087,001,The First Year Experience,B+,1,Andrea Shada,slon0010,OUE 1087
1265,UMNTC,UMNTC,OUE,1087,001,The First Year Experience,C+,1,Andrea Shada,slon0010,OUE 1087
1265,UMNTC,UMNTC,OUE,3205,001,Law School Exploration,A,10,Erin Reichelt,kauf0101,OUE 3205
1265,UMNTC,UMNTC,OUE,3205,001,Law School Exploration,A-,3,Erin Reichelt,kauf0101,OUE 3205
1265,UMNTC,UMNTC,OUE,3205,001,Law School Exploration,B+,1,Erin Reichelt,kauf0101,OUE 3205
1265,UMNTC,UMNTC,PA,8081,001,Capstone Workshop,A,9,Jeannie Entenza,jeannie,PA 8081
1265,UMNTC,UMNTC,PA,8081,001,Capstone Workshop,B+,3,Jeannie Entenza,jeannie,PA 8081
1265,UMNTC,UMNTC,PDES,3790,500,Prodct Desgn Experience Abroad,A,12,Barry Kudrowitz,barryk,PDES 3790
1265,UMNTC,UMNTC,PDES,3790,500,Prodct Desgn Experience Abroad,A-,5,Barry Kudrowitz,barryk,PDES 3790
1265,UMNTC,UMNTC,PDES,3790,500,Prodct Desgn Experience Abroad,B+,3,Barry Kudrowitz,barryk,PDES 3790
1265,UMNTC,UMNTC,PDES,3790,500,Prodct Desgn Experience Abroad,F,1,Barry Kudrowitz,barryk,PDES 3790
1265,UMNTC,UMNTC,PE,1014,001,Conditioning,A,19,Olivia Wicker,wick0294,PE 1014
1265,UMNTC,UMNTC,PE,1014,001,Conditioning,A-,4,Olivia Wicker,wick0294,PE 1014
1265,UMNTC,UMNTC,PE,1014,001,Conditioning,B,1,Olivia Wicker,wick0294,PE 1014
1265,UMNTC,UMNTC,PE,1014,001,Conditioning,B+,1,Olivia Wicker,wick0294,PE 1014
1265,UMNTC,UMNTC,PE,1014,001,Conditioning,B-,1,Olivia Wicker,wick0294,PE 1014
1265,UMNTC,UMNTC,PE,1014,001,Conditioning,C+,1,Olivia Wicker,wick0294,PE 1014
1265,UMNTC,UMNTC,PE,1014,001,Conditioning,C-,1,Olivia Wicker,wick0294,PE 1014
1265,UMNTC,UMNTC,PE,1014,001,Conditioning,F,1,Olivia Wicker,wick0294,PE 1014
1265,UMNTC,UMNTC,PE,1014,001,Conditioning,W,1,Olivia Wicker,wick0294,PE 1014
1265,UMNTC,UMNTC,PE,1016,001,Posture & Individual Exercise,A,24,Amanda Frayeh,will3956,PE 1016
1265,UMNTC,UMNTC,PE,1016,001,Posture & Individual Exercise,A-,1,Amanda Frayeh,will3956,PE 1016
1265,UMNTC,UMNTC,PE,1016,001,Posture & Individual Exercise,B,1,Amanda Frayeh,will3956,PE 1016
1265,UMNTC,UMNTC,PE,1016,001,Posture & Individual Exercise,B+,1,Amanda Frayeh,will3956,PE 1016
1265,UMNTC,UMNTC,PE,1016,001,Posture & Individual Exercise,C,1,Amanda Frayeh,will3956,PE 1016
1265,UMNTC,UMNTC,PE,1016,001,Posture & Individual Exercise,F,1,Amanda Frayeh,will3956,PE 1016
1265,UMNTC,UMNTC,PE,1016,001,Posture & Individual Exercise,W,2,Amanda Frayeh,will3956,PE 1016
1265,UMNTC,UMNTC,PHAR,1002,001,Medical Terminology,A,71,Anna Milone,amilone,PHAR 1002
1265,UMNTC,UMNTC,PHAR,1002,001,Medical Terminology,A-,3,Anna Milone,amilone,PHAR 1002
1265,UMNTC,UMNTC,PHAR,1002,001,Medical Terminology,B+,1,Anna Milone,amilone,PHAR 1002
1265,UMNTC,UMNTC,PHAR,1002,001,Medical Terminology,C,1,Anna Milone,amilone,PHAR 1002
1265,UMNTC,UMNTC,PHAR,1002,001,Medical Terminology,D+,1,Anna Milone,amilone,PHAR 1002
1265,UMNTC,UMNTC,PHAR,1002,001,Medical Terminology,W,3,Anna Milone,amilone,PHAR 1002
1265,UMNTC,UMNTC,PHAR,1004,001,Common Prescrip Drugs & Dis,A,28,Anna Milone,amilone,PHAR 1004
1265,UMNTC,UMNTC,PHAR,1004,001,Common Prescrip Drugs & Dis,A-,4,Anna Milone,amilone,PHAR 1004
1265,UMNTC,UMNTC,PHAR,1004,001,Common Prescrip Drugs & Dis,B,3,Anna Milone,amilone,PHAR 1004
1265,UMNTC,UMNTC,PHAR,1004,001,Common Prescrip Drugs & Dis,B+,2,Anna Milone,amilone,PHAR 1004
1265,UMNTC,UMNTC,PHAR,1004,001,Common Prescrip Drugs & Dis,B-,1,Anna Milone,amilone,PHAR 1004
1265,UMNTC,UMNTC,PHAR,1004,001,Common Prescrip Drugs & Dis,C+,2,Anna Milone,amilone,PHAR 1004
1265,UMNTC,UMNTC,PHAR,1004,001,Common Prescrip Drugs & Dis,S,1,Anna Milone,amilone,PHAR 1004
1265,UMNTC,UMNTC,PHAR,1004,001,Common Prescrip Drugs & Dis,W,1,Anna Milone,amilone,PHAR 1004
1265,UMNTC,UMNTC,PHAR,5201,001,Applied Medical Terminology,A,15,Anna Milone,amilone,PHAR 5201
1265,UMNTC,UMNTC,PHAR,5201,001,Applied Medical Terminology,A-,1,Anna Milone,amilone,PHAR 5201
1265,UMNTC,UMNTC,PHAR,5201,001,Applied Medical Terminology,B,1,Anna Milone,amilone,PHAR 5201
1265,UMNTC,UMNTC,PHAR,6800,001,Rehabilitation Pharmacotherapy,A,59,Anna Milone,amilone,PHAR 6800
1265,UMNTC,UMNTC,PHAR,6800,001,Rehabilitation Pharmacotherapy,A-,4,Anna Milone,amilone,PHAR 6800
1265,UMNTC,UMNTC,PHAR,6800,001,Rehabilitation Pharmacotherapy,B+,2,Anna Milone,amilone,PHAR 6800
1265,UMNTC,UMNTC,PHAR,6800,001,Rehabilitation Pharmacotherapy,W,1,Anna Milone,amilone,PHAR 6800
1265,UMNCR,UMNCR,PHIL,1001,E90,Introduction to Philosophy,A,10,James Schaar,jschaar,PHIL 1001
1265,UMNCR,UMNCR,PHIL,1001,E90,Introduction to Philosophy,A-,2,James Schaar,jschaar,PHIL 1001
1265,UMNCR,UMNCR,PHIL,1001,E90,Introduction to Philosophy,B,4,James Schaar,jschaar,PHIL 1001
1265,UMNCR,UMNCR,PHIL,1001,E90,Introduction to Philosophy,B+,1,James Schaar,jschaar,PHIL 1001
1265,UMNCR,UMNCR,PHIL,1001,E90,Introduction to Philosophy,B-,2,James Schaar,jschaar,PHIL 1001
1265,UMNCR,UMNCR,PHIL,1001,E90,Introduction to Philosophy,C,1,James Schaar,jschaar,PHIL 1001
1265,UMNCR,UMNCR,PHIL,1001,E90,Introduction to Philosophy,C+,1,James Schaar,jschaar,PHIL 1001
1265,UMNCR,UMNCR,PHIL,1001,E90,Introduction to Philosophy,C-,1,James Schaar,jschaar,PHIL 1001
1265,UMNCR,UMNCR,PHIL,1001,E90,Introduction to Philosophy,D,1,James Schaar,jschaar,PHIL 1001
1265,UMNCR,UMNCR,PHIL,1001,E90,Introduction to Philosophy,D+,1,James Schaar,jschaar,PHIL 1001
1265,UMNCR,UMNCR,PHIL,1001,E90,Introduction to Philosophy,F,3,James Schaar,jschaar,PHIL 1001
1265,UMNCR,UMNCR,PHIL,1001,E90,Introduction to Philosophy,W,2,James Schaar,jschaar,PHIL 1001
1265,UMNDL,UMNDL,PHIL,1003,080,Ethics and Society,A,9,Sean Walsh,spwalsh,PHIL 1003
1265,UMNDL,UMNDL,PHIL,1003,080,Ethics and Society,A-,3,Sean Walsh,spwalsh,PHIL 1003
1265,UMNDL,UMNDL,PHIL,1003,080,Ethics and Society,F,3,Sean Walsh,spwalsh,PHIL 1003
1265,UMNDL,UMNDL,PHIL,1008,080,Critical Thinking,A,6,Jason Ford,jford,PHIL 1008
1265,UMNDL,UMNDL,PHIL,1008,080,Critical Thinking,A-,3,Jason Ford,jford,PHIL 1008
1265,UMNDL,UMNDL,PHIL,1008,080,Critical Thinking,B,4,Jason Ford,jford,PHIL 1008
1265,UMNDL,UMNDL,PHIL,1008,080,Critical Thinking,B+,5,Jason Ford,jford,PHIL 1008
1265,UMNDL,UMNDL,PHIL,1008,080,Critical Thinking,B-,1,Jason Ford,jford,PHIL 1008
1265,UMNDL,UMNDL,PHIL,1008,080,Critical Thinking,F,2,Jason Ford,jford,PHIL 1008
1265,UMNDL,UMNDL,PHIL,1008,080,Critical Thinking,W,1,Jason Ford,jford,PHIL 1008
1265,UMNTC,UMNTC,PHIL,1026W,101,Phil and Cul Div,A,12,Aila O'Loughlin,,PHIL 1026W
1265,UMNTC,UMNTC,PHIL,1026W,101,Phil and Cul Div,C,1,Aila O'Loughlin,,PHIL 1026W
1265,UMNTC,UMNTC,PHIL,1026W,101,Phil and Cul Div,D+,1,Aila O'Loughlin,,PHIL 1026W
1265,UMNTC,UMNTC,PHIL,1026W,101,Phil and Cul Div,S,1,Aila O'Loughlin,,PHIL 1026W
1265,UMNTC,UMNTC,PHIL,1026W,101,Phil and Cul Div,W,2,Aila O'Loughlin,,PHIL 1026W
1265,UMNMO,UMNMO,PHIL,1101,098,Introduction to Philosophy,A,2,Mark Collier,mcollier,PHIL 1101
1265,UMNMO,UMNMO,PHIL,1101,098,Introduction to Philosophy,A-,2,Mark Collier,mcollier,PHIL 1101
1265,UMNMO,UMNMO,PHIL,1101,098,Introduction to Philosophy,B,1,Mark Collier,mcollier,PHIL 1101
1265,UMNMO,UMNMO,PHIL,1101,098,Introduction to Philosophy,C,1,Mark Collier,mcollier,PHIL 1101
1265,UMNMO,UMNMO,PHIL,1101,098,Introduction to Philosophy,F,1,Mark Collier,mcollier,PHIL 1101
1265,UMNMO,UMNMO,PHIL,1101,098,Introduction to Philosophy,W,3,Mark Collier,mcollier,PHIL 1101
1265,UMNMO,UMNMO,PHIL,2112,098,Professional Ethics,A,9,Daniel Demetriou,ddemetri,PHIL 2112
1265,UMNMO,UMNMO,PHIL,2112,098,Professional Ethics,A-,1,Daniel Demetriou,ddemetri,PHIL 2112
1265,UMNMO,UMNMO,PHIL,2112,098,Professional Ethics,B,2,Daniel Demetriou,ddemetri,PHIL 2112
1265,UMNMO,UMNMO,PHIL,2112,098,Professional Ethics,B+,1,Daniel Demetriou,ddemetri,PHIL 2112
1265,UMNMO,UMNMO,PHIL,2112,098,Professional Ethics,B-,1,Daniel Demetriou,ddemetri,PHIL 2112
1265,UMNMO,UMNMO,PHIL,2112,098,Professional Ethics,C+,1,Daniel Demetriou,ddemetri,PHIL 2112
1265,UMNMO,UMNMO,PHIL,2112,098,Professional Ethics,C-,1,Daniel Demetriou,ddemetri,PHIL 2112
1265,UMNTC,UMNTC,PHIL,3305,001,Medical Ethics,A,8,Daorsa Kamberi,,PHIL 3305
1265,UMNTC,UMNTC,PHIL,3305,001,Medical Ethics,A-,2,Daorsa Kamberi,,PHIL 3305
1265,UMNTC,UMNTC,PHIL,3305,001,Medical Ethics,B,3,Daorsa Kamberi,,PHIL 3305
1265,UMNTC,UMNTC,PHIL,3305,001,Medical Ethics,B+,2,Daorsa Kamberi,,PHIL 3305
1265,UMNTC,UMNTC,PHIL,3305,001,Medical Ethics,B-,2,Daorsa Kamberi,,PHIL 3305
1265,UMNTC,UMNTC,PHIL,3305,001,Medical Ethics,D,1,Daorsa Kamberi,,PHIL 3305
1265,UMNTC,UMNTC,PHIL,3305,001,Medical Ethics,W,1,Daorsa Kamberi,,PHIL 3305
1265,UMNTC,UMNTC,PHIL,3607,001,Philosophy of Psychology,A,9,Nada Mohamed,,PHIL 3607
1265,UMNTC,UMNTC,PHIL,3607,001,Philosophy of Psychology,A-,3,Nada Mohamed,,PHIL 3607
1265,UMNTC,UMNTC,PHIL,3607,001,Philosophy of Psychology,B,7,Nada Mohamed,,PHIL 3607
1265,UMNTC,UMNTC,PHIL,3607,001,Philosophy of Psychology,B+,1,Nada Mohamed,,PHIL 3607
1265,UMNTC,UMNTC,PHIL,3607,001,Philosophy of Psychology,C,3,Nada Mohamed,,PHIL 3607
1265,UMNTC,UMNTC,PHIL,3607,001,Philosophy of Psychology,C+,1,Nada Mohamed,,PHIL 3607
1265,UMNTC,UMNTC,PHIL,3607,001,Philosophy of Psychology,C-,1,Nada Mohamed,,PHIL 3607
1265,UMNDL,UMNDL,PHYS,1001,002,Intro to Physics I,A,7,Darrin Johnson,djohns30,PHYS 1001
1265,UMNDL,UMNDL,PHYS,1001,002,Intro to Physics I,A-,8,Darrin Johnson,djohns30,PHYS 1001
1265,UMNDL,UMNDL,PHYS,1001,002,Intro to Physics I,B,9,Darrin Johnson,djohns30,PHYS 1001
1265,UMNDL,UMNDL,PHYS,1001,002,Intro to Physics I,B+,3,Darrin Johnson,djohns30,PHYS 1001
1265,UMNDL,UMNDL,PHYS,1001,002,Intro to Physics I,B-,1,Darrin Johnson,djohns30,PHYS 1001
1265,UMNDL,UMNDL,PHYS,1001,002,Intro to Physics I,C,2,Darrin Johnson,djohns30,PHYS 1001
1265,UMNDL,UMNDL,PHYS,1001,002,Intro to Physics I,C+,4,Darrin Johnson,djohns30,PHYS 1001
1265,UMNDL,UMNDL,PHYS,1001,002,Intro to Physics I,C-,1,Darrin Johnson,djohns30,PHYS 1001
1265,UMNDL,UMNDL,PHYS,1001,002,Intro to Physics I,D+,2,Darrin Johnson,djohns30,PHYS 1001
1265,UMNDL,UMNDL,PHYS,1001,002,Intro to Physics I,F,8,Darrin Johnson,djohns30,PHYS 1001
1265,UMNDL,UMNDL,PHYS,1001,002,Intro to Physics I,W,3,Darrin Johnson,djohns30,PHYS 1001
1265,UMNCR,UMNCR,PHYS,1002,E90,Introductory Meteorology,A,7,Kelsey Torgerson,kwatkins,PHYS 1002
1265,UMNCR,UMNCR,PHYS,1002,E90,Introductory Meteorology,A-,4,Kelsey Torgerson,kwatkins,PHYS 1002
1265,UMNCR,UMNCR,PHYS,1002,E90,Introductory Meteorology,B,1,Kelsey Torgerson,kwatkins,PHYS 1002
1265,UMNCR,UMNCR,PHYS,1002,E90,Introductory Meteorology,B+,4,Kelsey Torgerson,kwatkins,PHYS 1002
1265,UMNCR,UMNCR,PHYS,1002,E90,Introductory Meteorology,B-,2,Kelsey Torgerson,kwatkins,PHYS 1002
1265,UMNCR,UMNCR,PHYS,1002,E90,Introductory Meteorology,W,4,Kelsey Torgerson,kwatkins,PHYS 1002
1265,UMNDL,UMNDL,PHYS,1002,002,Intro to Physics II,A,8,Darrin Johnson,djohns30,PHYS 1002
1265,UMNDL,UMNDL,PHYS,1002,002,Intro to Physics II,A-,5,Darrin Johnson,djohns30,PHYS 1002
1265,UMNDL,UMNDL,PHYS,1002,002,Intro to Physics II,B,3,Darrin Johnson,djohns30,PHYS 1002
1265,UMNDL,UMNDL,PHYS,1002,002,Intro to Physics II,B+,3,Darrin Johnson,djohns30,PHYS 1002
1265,UMNDL,UMNDL,PHYS,1002,002,Intro to Physics II,B-,4,Darrin Johnson,djohns30,PHYS 1002
1265,UMNDL,UMNDL,PHYS,1002,002,Intro to Physics II,C,1,Darrin Johnson,djohns30,PHYS 1002
1265,UMNDL,UMNDL,PHYS,1002,002,Intro to Physics II,C+,2,Darrin Johnson,djohns30,PHYS 1002
1265,UMNDL,UMNDL,PHYS,1002,002,Intro to Physics II,F,2,Darrin Johnson,djohns30,PHYS 1002
1265,UMNDL,UMNDL,PHYS,1002,002,Intro to Physics II,W,2,Darrin Johnson,djohns30,PHYS 1002
1265,UMNMO,UMNMO,PHYS,1007,001,Kapemni Astrophysic Camp,N,2,Sylke Boyd,sboyd,PHYS 1007
1265,UMNMO,UMNMO,PHYS,1007,001,Kapemni Astrophysic Camp,S,13,Sylke Boyd,sboyd,PHYS 1007
1265,UMNCR,UMNCR,PHYS,1012,E90,Introductory Physics,A,6,Dean Smith,smith531,PHYS 1012
1265,UMNCR,UMNCR,PHYS,1012,E90,Introductory Physics,B-,2,Dean Smith,smith531,PHYS 1012
1265,UMNCR,UMNCR,PHYS,1012,E90,Introductory Physics,C,3,Dean Smith,smith531,PHYS 1012
1265,UMNCR,UMNCR,PHYS,1012,E90,Introductory Physics,C+,2,Dean Smith,smith531,PHYS 1012
1265,UMNCR,UMNCR,PHYS,1012,E90,Introductory Physics,F,3,Dean Smith,smith531,PHYS 1012
1265,UMNCR,UMNCR,PHYS,1012,E90,Introductory Physics,W,3,Dean Smith,smith531,PHYS 1012
1265,UMNTC,UMNTC,PHYS,1221,102,Intro Phys for Life Sci I,A,5,Aaron Wynveen,wynveen,PHYS 1221
1265,UMNTC,UMNTC,PHYS,1221,102,Intro Phys for Life Sci I,A-,1,Aaron Wynveen,wynveen,PHYS 1221
1265,UMNTC,UMNTC,PHYS,1221,102,Intro Phys for Life Sci I,B,4,Aaron Wynveen,wynveen,PHYS 1221
1265,UMNTC,UMNTC,PHYS,1221,102,Intro Phys for Life Sci I,B+,4,Aaron Wynveen,wynveen,PHYS 1221
1265,UMNTC,UMNTC,PHYS,1221,102,Intro Phys for Life Sci I,B-,2,Aaron Wynveen,wynveen,PHYS 1221
1265,UMNTC,UMNTC,PHYS,1221,102,Intro Phys for Life Sci I,C+,2,Aaron Wynveen,wynveen,PHYS 1221
1265,UMNTC,UMNTC,PHYS,1221,104,Intro Phys for Life Sci I,A,1,Aaron Wynveen,wynveen,PHYS 1221
1265,UMNTC,UMNTC,PHYS,1221,104,Intro Phys for Life Sci I,A-,2,Aaron Wynveen,wynveen,PHYS 1221
1265,UMNTC,UMNTC,PHYS,1221,104,Intro Phys for Life Sci I,B,3,Aaron Wynveen,wynveen,PHYS 1221
1265,UMNTC,UMNTC,PHYS,1221,104,Intro Phys for Life Sci I,B+,3,Aaron Wynveen,wynveen,PHYS 1221
1265,UMNTC,UMNTC,PHYS,1221,104,Intro Phys for Life Sci I,B-,2,Aaron Wynveen,wynveen,PHYS 1221
1265,UMNTC,UMNTC,PHYS,1221,104,Intro Phys for Life Sci I,C,2,Aaron Wynveen,wynveen,PHYS 1221
1265,UMNTC,UMNTC,PHYS,1221,104,Intro Phys for Life Sci I,C-,3,Aaron Wynveen,wynveen,PHYS 1221
1265,UMNTC,UMNTC,PHYS,1221,104,Intro Phys for Life Sci I,F,3,Aaron Wynveen,wynveen,PHYS 1221
1265,UMNTC,UMNTC,PHYS,1221,106,Intro Phys for Life Sci I,A,3,Aaron Wynveen,wynveen,PHYS 1221
1265,UMNTC,UMNTC,PHYS,1221,106,Intro Phys for Life Sci I,A-,3,Aaron Wynveen,wynveen,PHYS 1221
1265,UMNTC,UMNTC,PHYS,1221,106,Intro Phys for Life Sci I,B,1,Aaron Wynveen,wynveen,PHYS 1221
1265,UMNTC,UMNTC,PHYS,1221,106,Intro Phys for Life Sci I,B+,1,Aaron Wynveen,wynveen,PHYS 1221
1265,UMNTC,UMNTC,PHYS,1221,106,Intro Phys for Life Sci I,B-,2,Aaron Wynveen,wynveen,PHYS 1221
1265,UMNTC,UMNTC,PHYS,1221,106,Intro Phys for Life Sci I,C,1,Aaron Wynveen,wynveen,PHYS 1221
1265,UMNTC,UMNTC,PHYS,1221,106,Intro Phys for Life Sci I,C+,2,Aaron Wynveen,wynveen,PHYS 1221
1265,UMNTC,UMNTC,PHYS,1221,106,Intro Phys for Life Sci I,C-,2,Aaron Wynveen,wynveen,PHYS 1221
1265,UMNTC,UMNTC,PHYS,1221,106,Intro Phys for Life Sci I,F,1,Aaron Wynveen,wynveen,PHYS 1221
1265,UMNTC,UMNTC,PHYS,1221,106,Intro Phys for Life Sci I,W,2,Aaron Wynveen,wynveen,PHYS 1221
1265,UMNTC,UMNTC,PHYS,1221,108,Intro Phys for Life Sci I,A,4,Aaron Wynveen,wynveen,PHYS 1221
1265,UMNTC,UMNTC,PHYS,1221,108,Intro Phys for Life Sci I,A-,2,Aaron Wynveen,wynveen,PHYS 1221
1265,UMNTC,UMNTC,PHYS,1221,108,Intro Phys for Life Sci I,B,2,Aaron Wynveen,wynveen,PHYS 1221
1265,UMNTC,UMNTC,PHYS,1221,108,Intro Phys for Life Sci I,B+,4,Aaron Wynveen,wynveen,PHYS 1221
1265,UMNTC,UMNTC,PHYS,1221,108,Intro Phys for Life Sci I,B-,5,Aaron Wynveen,wynveen,PHYS 1221
1265,UMNTC,UMNTC,PHYS,1221,108,Intro Phys for Life Sci I,C+,1,Aaron Wynveen,wynveen,PHYS 1221
1265,UMNTC,UMNTC,PHYS,1221,108,Intro Phys for Life Sci I,C-,1,Aaron Wynveen,wynveen,PHYS 1221
1265,UMNTC,UMNTC,PHYS,1221,108,Intro Phys for Life Sci I,W,1,Aaron Wynveen,wynveen,PHYS 1221
1265,UMNTC,UMNTC,PHYS,1221,110,Intro Phys for Life Sci I,A,2,Aaron Wynveen,wynveen,PHYS 1221
1265,UMNTC,UMNTC,PHYS,1221,110,Intro Phys for Life Sci I,A-,1,Aaron Wynveen,wynveen,PHYS 1221
1265,UMNTC,UMNTC,PHYS,1221,110,Intro Phys for Life Sci I,B+,4,Aaron Wynveen,wynveen,PHYS 1221
1265,UMNTC,UMNTC,PHYS,1221,110,Intro Phys for Life Sci I,B-,2,Aaron Wynveen,wynveen,PHYS 1221
1265,UMNTC,UMNTC,PHYS,1221,110,Intro Phys for Life Sci I,C,2,Aaron Wynveen,wynveen,PHYS 1221
1265,UMNTC,UMNTC,PHYS,1221,110,Intro Phys for Life Sci I,C+,1,Aaron Wynveen,wynveen,PHYS 1221
1265,UMNTC,UMNTC,PHYS,1221,110,Intro Phys for Life Sci I,C-,1,Aaron Wynveen,wynveen,PHYS 1221
1265,UMNTC,UMNTC,PHYS,1221,110,Intro Phys for Life Sci I,F,3,Aaron Wynveen,wynveen,PHYS 1221
1265,UMNTC,UMNTC,PHYS,1222,102,Intro Physics Life Science II,A,4,Aaron Wynveen,wynveen,PHYS 1222
1265,UMNTC,UMNTC,PHYS,1222,102,Intro Physics Life Science II,A-,3,Aaron Wynveen,wynveen,PHYS 1222
1265,UMNTC,UMNTC,PHYS,1222,102,Intro Physics Life Science II,B,4,Aaron Wynveen,wynveen,PHYS 1222
1265,UMNTC,UMNTC,PHYS,1222,102,Intro Physics Life Science II,B+,4,Aaron Wynveen,wynveen,PHYS 1222
1265,UMNTC,UMNTC,PHYS,1222,102,Intro Physics Life Science II,C,1,Aaron Wynveen,wynveen,PHYS 1222
1265,UMNTC,UMNTC,PHYS,1222,102,Intro Physics Life Science II,C+,1,Aaron Wynveen,wynveen,PHYS 1222
1265,UMNTC,UMNTC,PHYS,1222,106,Intro Physics Life Science II,A,2,Aaron Wynveen,wynveen,PHYS 1222
1265,UMNTC,UMNTC,PHYS,1222,106,Intro Physics Life Science II,A-,1,Aaron Wynveen,wynveen,PHYS 1222
1265,UMNTC,UMNTC,PHYS,1222,106,Intro Physics Life Science II,B,4,Aaron Wynveen,wynveen,PHYS 1222
1265,UMNTC,UMNTC,PHYS,1222,106,Intro Physics Life Science II,B+,3,Aaron Wynveen,wynveen,PHYS 1222
1265,UMNTC,UMNTC,PHYS,1222,106,Intro Physics Life Science II,B-,3,Aaron Wynveen,wynveen,PHYS 1222
1265,UMNTC,UMNTC,PHYS,1222,106,Intro Physics Life Science II,C-,1,Aaron Wynveen,wynveen,PHYS 1222
1265,UMNTC,UMNTC,PHYS,1222,106,Intro Physics Life Science II,W,2,Aaron Wynveen,wynveen,PHYS 1222
1265,UMNTC,UMNTC,PHYS,1222,108,Intro Physics Life Science II,A,5,Aaron Wynveen,wynveen,PHYS 1222
1265,UMNTC,UMNTC,PHYS,1222,108,Intro Physics Life Science II,B,1,Aaron Wynveen,wynveen,PHYS 1222
1265,UMNTC,UMNTC,PHYS,1222,108,Intro Physics Life Science II,B+,4,Aaron Wynveen,wynveen,PHYS 1222
1265,UMNTC,UMNTC,PHYS,1222,108,Intro Physics Life Science II,B-,1,Aaron Wynveen,wynveen,PHYS 1222
1265,UMNTC,UMNTC,PHYS,1222,108,Intro Physics Life Science II,C,3,Aaron Wynveen,wynveen,PHYS 1222
1265,UMNTC,UMNTC,PHYS,1222,108,Intro Physics Life Science II,C+,2,Aaron Wynveen,wynveen,PHYS 1222
1265,UMNTC,UMNTC,PHYS,1222,108,Intro Physics Life Science II,F,1,Aaron Wynveen,wynveen,PHYS 1222
1265,UMNTC,UMNTC,PHYS,1222,108,Intro Physics Life Science II,W,2,Aaron Wynveen,wynveen,PHYS 1222
1265,UMNTC,UMNTC,PHYS,1301W,102,Phys for Sci and Engr I,A-,3,Pamela Sooriyan,sooriyan,PHYS 1301W
1265,UMNTC,UMNTC,PHYS,1301W,102,Phys for Sci and Engr I,B,1,Pamela Sooriyan,sooriyan,PHYS 1301W
1265,UMNTC,UMNTC,PHYS,1301W,102,Phys for Sci and Engr I,B+,1,Pamela Sooriyan,sooriyan,PHYS 1301W
1265,UMNTC,UMNTC,PHYS,1301W,102,Phys for Sci and Engr I,C-,4,Pamela Sooriyan,sooriyan,PHYS 1301W
1265,UMNTC,UMNTC,PHYS,1301W,102,Phys for Sci and Engr I,F,2,Pamela Sooriyan,sooriyan,PHYS 1301W
1265,UMNTC,UMNTC,PHYS,1301W,102,Phys for Sci and Engr I,W,1,Pamela Sooriyan,sooriyan,PHYS 1301W
1265,UMNTC,UMNTC,PHYS,1302W,102,Physics for Sci and Engr II,B+,2,Devin Mahon,mahon,PHYS 1302W
1265,UMNTC,UMNTC,PHYS,1302W,102,Physics for Sci and Engr II,B-,5,Devin Mahon,mahon,PHYS 1302W
1265,UMNTC,UMNTC,PHYS,1302W,102,Physics for Sci and Engr II,C+,3,Devin Mahon,mahon,PHYS 1302W
1265,UMNTC,UMNTC,PHYS,1302W,102,Physics for Sci and Engr II,C-,1,Devin Mahon,mahon,PHYS 1302W
1265,UMNTC,UMNTC,PHYS,1302W,102,Physics for Sci and Engr II,D+,1,Devin Mahon,mahon,PHYS 1302W
1265,UMNTC,UMNTC,PHYS,1302W,102,Physics for Sci and Engr II,F,1,Devin Mahon,mahon,PHYS 1302W
1265,UMNTC,UMNTC,PHYS,1302W,106,Physics for Sci and Engr II,A,2,Devin Mahon,mahon,PHYS 1302W
1265,UMNTC,UMNTC,PHYS,1302W,106,Physics for Sci and Engr II,A-,3,Devin Mahon,mahon,PHYS 1302W
1265,UMNTC,UMNTC,PHYS,1302W,106,Physics for Sci and Engr II,B,4,Devin Mahon,mahon,PHYS 1302W
1265,UMNTC,UMNTC,PHYS,1302W,106,Physics for Sci and Engr II,B+,2,Devin Mahon,mahon,PHYS 1302W
1265,UMNTC,UMNTC,PHYS,1302W,106,Physics for Sci and Engr II,B-,1,Devin Mahon,mahon,PHYS 1302W
1265,UMNTC,UMNTC,PHYS,1302W,106,Physics for Sci and Engr II,C,1,Devin Mahon,mahon,PHYS 1302W
1265,UMNTC,UMNTC,PHYS,1302W,106,Physics for Sci and Engr II,C+,1,Devin Mahon,mahon,PHYS 1302W
1265,UMNTC,UMNTC,PHYS,1302W,106,Physics for Sci and Engr II,C-,1,Devin Mahon,mahon,PHYS 1302W
1265,UMNTC,UMNTC,PHYS,1302W,106,Physics for Sci and Engr II,F,1,Devin Mahon,mahon,PHYS 1302W
1265,UMNTC,UMNTC,PHYS,1302W,106,Physics for Sci and Engr II,W,1,Devin Mahon,mahon,PHYS 1302W
1265,UMNTC,UMNTC,PHYS,5994,001,Directed Research,A,22,Unknown Instructor,,PHYS 5994
1265,UMNTC,UMNTC,PHYS,5994,001,Directed Research,S,2,Unknown Instructor,,PHYS 5994
1265,UMNTC,UMNTC,PMB,3812,001,Field Mycology,A,7,Christine Salomon,csalomon,PMB 3812
1265,UMNTC,UMNTC,PMB,3812,001,Field Mycology,A-,5,Christine Salomon,csalomon,PMB 3812
1265,UMNTC,UMNTC,PMB,3812,001,Field Mycology,B+,1,Christine Salomon,csalomon,PMB 3812
1265,UMNTC,UMNTC,POL,1026,001,U.S. Foreign Policy,A,9,Ricardo Jasso Huezo,,POL 1026
1265,UMNTC,UMNTC,POL,1026,001,U.S. Foreign Policy,B,1,Ricardo Jasso Huezo,,POL 1026
1265,UMNTC,UMNTC,POL,1026,001,U.S. Foreign Policy,B+,1,Ricardo Jasso Huezo,,POL 1026
1265,UMNTC,UMNTC,POL,1201,001,Political Ideas,A,8,Adam Lê,adamjle,POL 1201
1265,UMNTC,UMNTC,POL,1201,001,Political Ideas,A-,1,Adam Lê,adamjle,POL 1201
1265,UMNTC,UMNTC,POL,1201,001,Political Ideas,B,1,Adam Lê,adamjle,POL 1201
1265,UMNTC,UMNTC,POL,1201,001,Political Ideas,B+,2,Adam Lê,adamjle,POL 1201
1265,UMNTC,UMNTC,POL,1201,001,Political Ideas,F,2,Adam Lê,adamjle,POL 1201
1265,UMNTC,UMNTC,POL,1201,001,Political Ideas,W,1,Adam Lê,adamjle,POL 1201
1265,UMNDL,UMNDL,POL,3025,001,Popular Culture and Politics,A,15,Cynthia Rugeley,crugeley,POL 3025
1265,UMNDL,UMNDL,POL,3025,001,Popular Culture and Politics,A-,2,Cynthia Rugeley,crugeley,POL 3025
1265,UMNDL,UMNDL,POL,3025,001,Popular Culture and Politics,B+,2,Cynthia Rugeley,crugeley,POL 3025
1265,UMNTC,UMNTC,POL,3080,001,Internship in Politics or Govt,A,15,Paul Soper,psoper,POL 3080
1265,UMNTC,UMNTC,POL,3080,001,Internship in Politics or Govt,W,1,Paul Soper,psoper,POL 3080
1265,UMNDL,UMNDL,POL,3110,001,Politics of Science and Tech,A,8,Kathryn Haglin,khaglin,POL 3110
1265,UMNDL,UMNDL,POL,3110,001,Politics of Science and Tech,A-,1,Kathryn Haglin,khaglin,POL 3110
1265,UMNDL,UMNDL,POL,3110,001,Politics of Science and Tech,C,1,Kathryn Haglin,khaglin,POL 3110
1265,UMNDL,UMNDL,POL,3110,001,Politics of Science and Tech,C-,1,Kathryn Haglin,khaglin,POL 3110
1265,UMNTC,UMNTC,POL,3235W,001,Democracy and Citizenship,A,6,Adam Lê,adamjle,POL 3235W
1265,UMNTC,UMNTC,POL,3235W,001,Democracy and Citizenship,A-,4,Adam Lê,adamjle,POL 3235W
1265,UMNTC,UMNTC,POL,3235W,001,Democracy and Citizenship,B,4,Adam Lê,adamjle,POL 3235W
1265,UMNTC,UMNTC,POL,3235W,001,Democracy and Citizenship,B+,1,Adam Lê,adamjle,POL 3235W
1265,UMNTC,UMNTC,POL,3235W,001,Democracy and Citizenship,B-,1,Adam Lê,adamjle,POL 3235W
1265,UMNTC,UMNTC,POL,3235W,001,Democracy and Citizenship,C-,1,Adam Lê,adamjle,POL 3235W
1265,UMNTC,UMNTC,POL,3235W,001,Democracy and Citizenship,D+,1,Adam Lê,adamjle,POL 3235W
1265,UMNTC,UMNTC,POL,3235W,001,Democracy and Citizenship,F,1,Adam Lê,adamjle,POL 3235W
1265,UMNTC,UMNTC,POL,3311,001,"Law, Justice & Film",A,8,Timothy Johnson,trj,POL 3311
1265,UMNTC,UMNTC,POL,3311,001,"Law, Justice & Film",A-,5,Timothy Johnson,trj,POL 3311
1265,UMNTC,UMNTC,POL,3311,001,"Law, Justice & Film",B,2,Timothy Johnson,trj,POL 3311
1265,UMNTC,UMNTC,POL,3311,001,"Law, Justice & Film",B+,1,Timothy Johnson,trj,POL 3311
1265,UMNTC,UMNTC,POL,3311,001,"Law, Justice & Film",C,1,Timothy Johnson,trj,POL 3311
1265,UMNTC,UMNTC,POL,3311,001,"Law, Justice & Film",C-,1,Timothy Johnson,trj,POL 3311
1265,UMNDL,UMNDL,POL,3652,001,Modern Political Thought,A,5,Shannon Walsh,sdwalsh,POL 3652
1265,UMNDL,UMNDL,POL,3652,001,Modern Political Thought,A-,4,Shannon Walsh,sdwalsh,POL 3652
1265,UMNDL,UMNDL,POL,3652,001,Modern Political Thought,B+,3,Shannon Walsh,sdwalsh,POL 3652
1265,UMNDL,UMNDL,POL,3652,001,Modern Political Thought,F,2,Shannon Walsh,sdwalsh,POL 3652
1265,UMNTC,UMNTC,POL,3766,001,Pol Psych of Mass Behavior,A,3,Timothy Collins,tpcollin,POL 3766
1265,UMNTC,UMNTC,POL,3766,001,Pol Psych of Mass Behavior,A-,2,Timothy Collins,tpcollin,POL 3766
1265,UMNTC,UMNTC,POL,3766,001,Pol Psych of Mass Behavior,B,1,Timothy Collins,tpcollin,POL 3766
1265,UMNTC,UMNTC,POL,3766,001,Pol Psych of Mass Behavior,C,2,Timothy Collins,tpcollin,POL 3766
1265,UMNTC,UMNTC,POL,3766,001,Pol Psych of Mass Behavior,D,1,Timothy Collins,tpcollin,POL 3766
1265,UMNTC,UMNTC,POL,3766,001,Pol Psych of Mass Behavior,D+,1,Timothy Collins,tpcollin,POL 3766
1265,UMNTC,UMNTC,POL,3835,001,International Relations,A,15,Megan Manion,,POL 3835
1265,UMNTC,UMNTC,POL,3835,001,International Relations,B,1,Megan Manion,,POL 3835
1265,UMNTC,UMNTC,POL,3835,001,International Relations,B+,1,Megan Manion,,POL 3835
1265,UMNTC,UMNTC,POL,4991,001,Political Science Capstone,A,6,Karine Belarmino,belar007,POL 4991
1265,UMNTC,UMNTC,POL,4991,001,Political Science Capstone,A-,1,Karine Belarmino,belar007,POL 4991
1265,UMNTC,UMNTC,POL,4991,001,Political Science Capstone,B+,1,Karine Belarmino,belar007,POL 4991
1265,UMNTC,UMNTC,POL,4991,001,Political Science Capstone,C,1,Karine Belarmino,belar007,POL 4991
1265,UMNTC,UMNTC,POL,4991,001,Political Science Capstone,C+,1,Karine Belarmino,belar007,POL 4991
1265,UMNCR,UMNCR,PSY,1001,E90,General Psychology,A,10,Amber Edwards,edwardsa,PSY 1001
1265,UMNCR,UMNCR,PSY,1001,E90,General Psychology,B,2,Amber Edwards,edwardsa,PSY 1001
1265,UMNCR,UMNCR,PSY,1001,E90,General Psychology,B+,3,Amber Edwards,edwardsa,PSY 1001
1265,UMNCR,UMNCR,PSY,1001,E90,General Psychology,B-,2,Amber Edwards,edwardsa,PSY 1001
1265,UMNCR,UMNCR,PSY,1001,E90,General Psychology,C,1,Amber Edwards,edwardsa,PSY 1001
1265,UMNCR,UMNCR,PSY,1001,E90,General Psychology,C+,2,Amber Edwards,edwardsa,PSY 1001
1265,UMNCR,UMNCR,PSY,1001,E90,General Psychology,C-,5,Amber Edwards,edwardsa,PSY 1001
1265,UMNCR,UMNCR,PSY,1001,E90,General Psychology,D,4,Amber Edwards,edwardsa,PSY 1001
1265,UMNCR,UMNCR,PSY,1001,E90,General Psychology,F,4,Amber Edwards,edwardsa,PSY 1001
1265,UMNCR,UMNCR,PSY,1001,E90,General Psychology,W,1,Amber Edwards,edwardsa,PSY 1001
1265,UMNTC,UMNTC,PSY,1001,001,Intro Psych,A,68,Mackenzie Devaney,,PSY 1001
1265,UMNTC,UMNTC,PSY,1001,001,Intro Psych,A-,6,Mackenzie Devaney,,PSY 1001
1265,UMNTC,UMNTC,PSY,1001,001,Intro Psych,B,3,Mackenzie Devaney,,PSY 1001
1265,UMNTC,UMNTC,PSY,1001,001,Intro Psych,B+,2,Mackenzie Devaney,,PSY 1001
1265,UMNTC,UMNTC,PSY,1001,001,Intro Psych,B-,3,Mackenzie Devaney,,PSY 1001
1265,UMNTC,UMNTC,PSY,1001,001,Intro Psych,C,3,Mackenzie Devaney,,PSY 1001
1265,UMNTC,UMNTC,PSY,1001,001,Intro Psych,C+,4,Mackenzie Devaney,,PSY 1001
1265,UMNTC,UMNTC,PSY,1001,001,Intro Psych,F,9,Mackenzie Devaney,,PSY 1001
1265,UMNTC,UMNTC,PSY,1001,001,Intro Psych,W,4,Mackenzie Devaney,,PSY 1001
1265,UMNDL,UMNDL,PSY,1003,051,General Psychology,A,8,Rick LaCaille,rlacaill,PSY 1003
1265,UMNDL,UMNDL,PSY,1003,051,General Psychology,A-,3,Rick LaCaille,rlacaill,PSY 1003
1265,UMNDL,UMNDL,PSY,1003,051,General Psychology,B,2,Rick LaCaille,rlacaill,PSY 1003
1265,UMNDL,UMNDL,PSY,1003,051,General Psychology,B+,2,Rick LaCaille,rlacaill,PSY 1003
1265,UMNDL,UMNDL,PSY,1003,051,General Psychology,B-,2,Rick LaCaille,rlacaill,PSY 1003
1265,UMNDL,UMNDL,PSY,1003,051,General Psychology,C-,1,Rick LaCaille,rlacaill,PSY 1003
1265,UMNDL,UMNDL,PSY,2003,050,"Psych: Discipline, Profession",A,4,Amy Maslowski,maslo044,PSY 2003
1265,UMNDL,UMNDL,PSY,2003,050,"Psych: Discipline, Profession",A-,1,Amy Maslowski,maslo044,PSY 2003
1265,UMNDL,UMNDL,PSY,2003,050,"Psych: Discipline, Profession",B,1,Amy Maslowski,maslo044,PSY 2003
1265,UMNDL,UMNDL,PSY,2003,050,"Psych: Discipline, Profession",B+,2,Amy Maslowski,maslo044,PSY 2003
1265,UMNDL,UMNDL,PSY,2003,050,"Psych: Discipline, Profession",B-,1,Amy Maslowski,maslo044,PSY 2003
1265,UMNDL,UMNDL,PSY,2003,050,"Psych: Discipline, Profession",D,1,Amy Maslowski,maslo044,PSY 2003
1265,UMNDL,UMNDL,PSY,2003,050,"Psych: Discipline, Profession",F,1,Amy Maslowski,maslo044,PSY 2003
1265,UMNDL,UMNDL,PSY,2021,050,Developmental Psych,A,5,Amy Maslowski,maslo044,PSY 2021
1265,UMNDL,UMNDL,PSY,2021,050,Developmental Psych,A-,2,Amy Maslowski,maslo044,PSY 2021
1265,UMNDL,UMNDL,PSY,2021,050,Developmental Psych,B+,1,Amy Maslowski,maslo044,PSY 2021
1265,UMNDL,UMNDL,PSY,2021,050,Developmental Psych,B-,2,Amy Maslowski,maslo044,PSY 2021
1265,UMNDL,UMNDL,PSY,2021,050,Developmental Psych,C-,1,Amy Maslowski,maslo044,PSY 2021
1265,UMNDL,UMNDL,PSY,2021,050,Developmental Psych,D,1,Amy Maslowski,maslo044,PSY 2021
1265,UMNDL,UMNDL,PSY,2021,050,Developmental Psych,D+,1,Amy Maslowski,maslo044,PSY 2021
1265,UMNDL,UMNDL,PSY,2021,050,Developmental Psych,F,2,Amy Maslowski,maslo044,PSY 2021
1265,UMNDL,UMNDL,PSY,2021,050,Developmental Psych,W,2,Amy Maslowski,maslo044,PSY 2021
1265,UMNDL,UMNDL,PSY,2100,050,Race and Racism in Childhood,A,13,Madeline Harms,harms124,PSY 2100
1265,UMNDL,UMNDL,PSY,2100,050,Race and Racism in Childhood,A-,3,Madeline Harms,harms124,PSY 2100
1265,UMNDL,UMNDL,PSY,2100,050,Race and Racism in Childhood,B,1,Madeline Harms,harms124,PSY 2100
1265,UMNDL,UMNDL,PSY,2100,050,Race and Racism in Childhood,B+,2,Madeline Harms,harms124,PSY 2100
1265,UMNDL,UMNDL,PSY,2100,050,Race and Racism in Childhood,B-,1,Madeline Harms,harms124,PSY 2100
1265,UMNDL,UMNDL,PSY,2100,050,Race and Racism in Childhood,C,1,Madeline Harms,harms124,PSY 2100
1265,UMNDL,UMNDL,PSY,2100,050,Race and Racism in Childhood,C+,1,Madeline Harms,harms124,PSY 2100
1265,UMNDL,UMNDL,PSY,2100,050,Race and Racism in Childhood,D,1,Madeline Harms,harms124,PSY 2100
1265,UMNDL,UMNDL,PSY,2100,050,Race and Racism in Childhood,F,1,Madeline Harms,harms124,PSY 2100
1265,UMNDL,UMNDL,PSY,2100,050,Race and Racism in Childhood,W,1,Madeline Harms,harms124,PSY 2100
1265,UMNDL,UMNDL,PSY,2105,050,Psych of Race in the Workplace,A,17,Alexandra Luong,aluong,PSY 2105
1265,UMNDL,UMNDL,PSY,2105,050,Psych of Race in the Workplace,A-,5,Alexandra Luong,aluong,PSY 2105
1265,UMNDL,UMNDL,PSY,2105,050,Psych of Race in the Workplace,B,2,Alexandra Luong,aluong,PSY 2105
1265,UMNDL,UMNDL,PSY,2105,050,Psych of Race in the Workplace,B-,1,Alexandra Luong,aluong,PSY 2105
1265,UMNDL,UMNDL,PSY,2105,050,Psych of Race in the Workplace,C,1,Alexandra Luong,aluong,PSY 2105
1265,UMNDL,UMNDL,PSY,2105,050,Psych of Race in the Workplace,D,2,Alexandra Luong,aluong,PSY 2105
1265,UMNDL,UMNDL,PSY,2105,050,Psych of Race in the Workplace,W,1,Alexandra Luong,aluong,PSY 2105
1265,UMNTC,UMNTC,PSY,3001W,001,Intro Research Methods,A,41,Hoang Nguyen,nguy2338,PSY 3001W
1265,UMNTC,UMNTC,PSY,3001W,001,Intro Research Methods,A-,7,Hoang Nguyen,nguy2338,PSY 3001W
1265,UMNTC,UMNTC,PSY,3001W,001,Intro Research Methods,B,8,Hoang Nguyen,nguy2338,PSY 3001W
1265,UMNTC,UMNTC,PSY,3001W,001,Intro Research Methods,B+,14,Hoang Nguyen,nguy2338,PSY 3001W
1265,UMNTC,UMNTC,PSY,3001W,001,Intro Research Methods,B-,8,Hoang Nguyen,nguy2338,PSY 3001W
1265,UMNTC,UMNTC,PSY,3001W,001,Intro Research Methods,C,2,Hoang Nguyen,nguy2338,PSY 3001W
1265,UMNTC,UMNTC,PSY,3001W,001,Intro Research Methods,C+,7,Hoang Nguyen,nguy2338,PSY 3001W
1265,UMNTC,UMNTC,PSY,3001W,001,Intro Research Methods,C-,4,Hoang Nguyen,nguy2338,PSY 3001W
1265,UMNTC,UMNTC,PSY,3001W,001,Intro Research Methods,D,2,Hoang Nguyen,nguy2338,PSY 3001W
1265,UMNTC,UMNTC,PSY,3001W,001,Intro Research Methods,F,5,Hoang Nguyen,nguy2338,PSY 3001W
1265,UMNTC,UMNTC,PSY,3001W,001,Intro Research Methods,W,3,Hoang Nguyen,nguy2338,PSY 3001W
1265,UMNDL,UMNDL,PSY,3020,050,Statistical Methods,A,14,Kyle Mann,mannk,PSY 3020
1265,UMNDL,UMNDL,PSY,3020,050,Statistical Methods,A-,3,Kyle Mann,mannk,PSY 3020
1265,UMNDL,UMNDL,PSY,3020,050,Statistical Methods,B+,1,Kyle Mann,mannk,PSY 3020
1265,UMNDL,UMNDL,PSY,3020,050,Statistical Methods,B-,1,Kyle Mann,mannk,PSY 3020
1265,UMNDL,UMNDL,PSY,3020,050,Statistical Methods,C,1,Kyle Mann,mannk,PSY 3020
1265,UMNDL,UMNDL,PSY,3020,050,Statistical Methods,D+,1,Kyle Mann,mannk,PSY 3020
1265,UMNTC,UMNTC,PSY,3031,001,Intro Sensation and Perception,A,21,Qi Chen,,PSY 3031
1265,UMNTC,UMNTC,PSY,3031,001,Intro Sensation and Perception,A-,9,Qi Chen,,PSY 3031
1265,UMNTC,UMNTC,PSY,3031,001,Intro Sensation and Perception,B,1,Qi Chen,,PSY 3031
1265,UMNTC,UMNTC,PSY,3031,001,Intro Sensation and Perception,B+,4,Qi Chen,,PSY 3031
1265,UMNTC,UMNTC,PSY,3031,001,Intro Sensation and Perception,B-,4,Qi Chen,,PSY 3031
1265,UMNTC,UMNTC,PSY,3031,001,Intro Sensation and Perception,C,1,Qi Chen,,PSY 3031
1265,UMNTC,UMNTC,PSY,3031,001,Intro Sensation and Perception,C+,4,Qi Chen,,PSY 3031
1265,UMNTC,UMNTC,PSY,3031,001,Intro Sensation and Perception,C-,2,Qi Chen,,PSY 3031
1265,UMNTC,UMNTC,PSY,3031,001,Intro Sensation and Perception,D,1,Qi Chen,,PSY 3031
1265,UMNTC,UMNTC,PSY,3031,001,Intro Sensation and Perception,D+,1,Qi Chen,,PSY 3031
1265,UMNTC,UMNTC,PSY,3031,001,Intro Sensation and Perception,F,3,Qi Chen,,PSY 3031
1265,UMNTC,UMNTC,PSY,3031,001,Intro Sensation and Perception,S,1,Qi Chen,,PSY 3031
1265,UMNTC,UMNTC,PSY,3031,001,Intro Sensation and Perception,W,1,Qi Chen,,PSY 3031
1265,UMNTC,UMNTC,PSY,3051,001,Intro to Cognitive,A,39,Mikayla Krech,,PSY 3051
1265,UMNTC,UMNTC,PSY,3051,001,Intro to Cognitive,A-,13,Mikayla Krech,,PSY 3051
1265,UMNTC,UMNTC,PSY,3051,001,Intro to Cognitive,B,10,Mikayla Krech,,PSY 3051
1265,UMNTC,UMNTC,PSY,3051,001,Intro to Cognitive,B+,9,Mikayla Krech,,PSY 3051
1265,UMNTC,UMNTC,PSY,3051,001,Intro to Cognitive,B-,6,Mikayla Krech,,PSY 3051
1265,UMNTC,UMNTC,PSY,3051,001,Intro to Cognitive,C,5,Mikayla Krech,,PSY 3051
1265,UMNTC,UMNTC,PSY,3051,001,Intro to Cognitive,C+,5,Mikayla Krech,,PSY 3051
1265,UMNTC,UMNTC,PSY,3051,001,Intro to Cognitive,C-,3,Mikayla Krech,,PSY 3051
1265,UMNTC,UMNTC,PSY,3051,001,Intro to Cognitive,D+,1,Mikayla Krech,,PSY 3051
1265,UMNTC,UMNTC,PSY,3051,001,Intro to Cognitive,F,3,Mikayla Krech,,PSY 3051
1265,UMNTC,UMNTC,PSY,3051,001,Intro to Cognitive,W,1,Mikayla Krech,,PSY 3051
1265,UMNDL,UMNDL,PSY,3061,050,Physiological Psychology,A,9,Robert Lloyd,rlloyd,PSY 3061
1265,UMNDL,UMNDL,PSY,3061,050,Physiological Psychology,A-,1,Robert Lloyd,rlloyd,PSY 3061
1265,UMNDL,UMNDL,PSY,3061,050,Physiological Psychology,B,3,Robert Lloyd,rlloyd,PSY 3061
1265,UMNDL,UMNDL,PSY,3061,050,Physiological Psychology,B+,1,Robert Lloyd,rlloyd,PSY 3061
1265,UMNDL,UMNDL,PSY,3061,050,Physiological Psychology,B-,1,Robert Lloyd,rlloyd,PSY 3061
1265,UMNDL,UMNDL,PSY,3061,050,Physiological Psychology,C-,1,Robert Lloyd,rlloyd,PSY 3061
1265,UMNDL,UMNDL,PSY,3081,050,"History, Systems",A,8,Savanna Westrom,swestrom,PSY 3081
1265,UMNDL,UMNDL,PSY,3081,050,"History, Systems",B,3,Savanna Westrom,swestrom,PSY 3081
1265,UMNDL,UMNDL,PSY,3081,050,"History, Systems",C,1,Savanna Westrom,swestrom,PSY 3081
1265,UMNDL,UMNDL,PSY,3081,050,"History, Systems",F,1,Savanna Westrom,swestrom,PSY 3081
1265,UMNDL,UMNDL,PSY,3121,050,Abnormal Psy,A,9,Lara LaCaille,llacaill,PSY 3121
1265,UMNDL,UMNDL,PSY,3121,050,Abnormal Psy,A-,3,Lara LaCaille,llacaill,PSY 3121
1265,UMNDL,UMNDL,PSY,3121,050,Abnormal Psy,B,1,Lara LaCaille,llacaill,PSY 3121
1265,UMNDL,UMNDL,PSY,3121,050,Abnormal Psy,B+,1,Lara LaCaille,llacaill,PSY 3121
1265,UMNDL,UMNDL,PSY,3121,050,Abnormal Psy,B-,1,Lara LaCaille,llacaill,PSY 3121
1265,UMNDL,UMNDL,PSY,3121,050,Abnormal Psy,C,3,Lara LaCaille,llacaill,PSY 3121
1265,UMNDL,UMNDL,PSY,3121,050,Abnormal Psy,C+,1,Lara LaCaille,llacaill,PSY 3121
1265,UMNDL,UMNDL,PSY,3121,050,Abnormal Psy,C-,2,Lara LaCaille,llacaill,PSY 3121
1265,UMNDL,UMNDL,PSY,3121,050,Abnormal Psy,F,1,Lara LaCaille,llacaill,PSY 3121
1265,UMNDL,UMNDL,PSY,3121,050,Abnormal Psy,W,1,Lara LaCaille,llacaill,PSY 3121
1265,UMNDL,UMNDL,PSY,3201,050,Social Psych,A,5,Ian Zimmerman,izimmerm,PSY 3201
1265,UMNDL,UMNDL,PSY,3201,050,Social Psych,A-,3,Ian Zimmerman,izimmerm,PSY 3201
1265,UMNDL,UMNDL,PSY,3201,050,Social Psych,B,3,Ian Zimmerman,izimmerm,PSY 3201
1265,UMNDL,UMNDL,PSY,3201,050,Social Psych,B+,3,Ian Zimmerman,izimmerm,PSY 3201
1265,UMNDL,UMNDL,PSY,3201,050,Social Psych,C,1,Ian Zimmerman,izimmerm,PSY 3201
1265,UMNDL,UMNDL,PSY,3201,050,Social Psych,D,1,Ian Zimmerman,izimmerm,PSY 3201
1265,UMNDL,UMNDL,PSY,3231,050,Psych of Drug Use,A,4,Rebecca Gilbertson,gilbertr,PSY 3231
1265,UMNDL,UMNDL,PSY,3231,050,Psych of Drug Use,A-,6,Rebecca Gilbertson,gilbertr,PSY 3231
1265,UMNDL,UMNDL,PSY,3231,050,Psych of Drug Use,B,2,Rebecca Gilbertson,gilbertr,PSY 3231
1265,UMNDL,UMNDL,PSY,3231,050,Psych of Drug Use,B+,6,Rebecca Gilbertson,gilbertr,PSY 3231
1265,UMNDL,UMNDL,PSY,3231,050,Psych of Drug Use,F,2,Rebecca Gilbertson,gilbertr,PSY 3231
1265,UMNTC,UMNTC,PSY,3511,001,Intro Counseling Psych,A,12,Ariana Dejesus-Rodriguez,,PSY 3511
1265,UMNTC,UMNTC,PSY,3511,001,Intro Counseling Psych,A-,8,Ariana Dejesus-Rodriguez,,PSY 3511
1265,UMNTC,UMNTC,PSY,3511,001,Intro Counseling Psych,B,21,Ariana Dejesus-Rodriguez,,PSY 3511
1265,UMNTC,UMNTC,PSY,3511,001,Intro Counseling Psych,B+,12,Ariana Dejesus-Rodriguez,,PSY 3511
1265,UMNTC,UMNTC,PSY,3511,001,Intro Counseling Psych,B-,5,Ariana Dejesus-Rodriguez,,PSY 3511
1265,UMNTC,UMNTC,PSY,3511,001,Intro Counseling Psych,C,3,Ariana Dejesus-Rodriguez,,PSY 3511
1265,UMNTC,UMNTC,PSY,3511,001,Intro Counseling Psych,C+,10,Ariana Dejesus-Rodriguez,,PSY 3511
1265,UMNTC,UMNTC,PSY,3511,001,Intro Counseling Psych,C-,2,Ariana Dejesus-Rodriguez,,PSY 3511
1265,UMNTC,UMNTC,PSY,3511,001,Intro Counseling Psych,D,7,Ariana Dejesus-Rodriguez,,PSY 3511
1265,UMNTC,UMNTC,PSY,3511,001,Intro Counseling Psych,F,8,Ariana Dejesus-Rodriguez,,PSY 3511
1265,UMNTC,UMNTC,PSY,3511,001,Intro Counseling Psych,W,7,Ariana Dejesus-Rodriguez,,PSY 3511
1265,UMNTC,UMNRO,PSY,3512,001,Abnormal Psychology,A,8,Kathy Harowski,kharowsk,PSY 3512
1265,UMNTC,UMNRO,PSY,3512,001,Abnormal Psychology,A-,1,Kathy Harowski,kharowsk,PSY 3512
1265,UMNTC,UMNRO,PSY,3512,001,Abnormal Psychology,B+,1,Kathy Harowski,kharowsk,PSY 3512
1265,UMNTC,UMNTC,PSY,3604,001,Intro to Psychopathology,A,83,Marvin Yan,,PSY 3604
1265,UMNTC,UMNTC,PSY,3604,001,Intro to Psychopathology,A-,14,Marvin Yan,,PSY 3604
1265,UMNTC,UMNTC,PSY,3604,001,Intro to Psychopathology,B,9,Marvin Yan,,PSY 3604
1265,UMNTC,UMNTC,PSY,3604,001,Intro to Psychopathology,B+,12,Marvin Yan,,PSY 3604
1265,UMNTC,UMNTC,PSY,3604,001,Intro to Psychopathology,B-,3,Marvin Yan,,PSY 3604
1265,UMNTC,UMNTC,PSY,3604,001,Intro to Psychopathology,C+,1,Marvin Yan,,PSY 3604
1265,UMNTC,UMNTC,PSY,3604,001,Intro to Psychopathology,C-,1,Marvin Yan,,PSY 3604
1265,UMNTC,UMNTC,PSY,3604,001,Intro to Psychopathology,F,3,Marvin Yan,,PSY 3604
1265,UMNTC,UMNTC,PSY,3604,001,Intro to Psychopathology,W,1,Marvin Yan,,PSY 3604
1265,UMNDL,UMNDL,PSY,3611,050,Learning and Behavior,A,6,Julie Slowiak,jslowiak,PSY 3611
1265,UMNDL,UMNDL,PSY,3611,050,Learning and Behavior,A-,2,Julie Slowiak,jslowiak,PSY 3611
1265,UMNDL,UMNDL,PSY,3611,050,Learning and Behavior,B+,2,Julie Slowiak,jslowiak,PSY 3611
1265,UMNDL,UMNDL,PSY,3611,050,Learning and Behavior,C,1,Julie Slowiak,jslowiak,PSY 3611
1265,UMNDL,UMNDL,PSY,3611,050,Learning and Behavior,F,1,Julie Slowiak,jslowiak,PSY 3611
1265,UMNDL,UMNDL,PSY,3611,050,Learning and Behavior,W,1,Julie Slowiak,jslowiak,PSY 3611
1265,UMNDL,UMNDL,PSY,3697,050,"Sensing, Perceiving",A,11,Natalie Tucker,ntucker,PSY 3697
1265,UMNDL,UMNDL,PSY,3697,050,"Sensing, Perceiving",B,1,Natalie Tucker,ntucker,PSY 3697
1265,UMNDL,UMNDL,PSY,3697,050,"Sensing, Perceiving",B+,1,Natalie Tucker,ntucker,PSY 3697
1265,UMNDL,UMNDL,PSY,3697,050,"Sensing, Perceiving",C,1,Natalie Tucker,ntucker,PSY 3697
1265,UMNDL,UMNDL,PSY,3697,050,"Sensing, Perceiving",F,1,Natalie Tucker,ntucker,PSY 3697
1265,UMNTC,UMNTC,PSY,3801,001,Intro Psych Data Analysis,A,38,Jett Priewe,,PSY 3801
1265,UMNTC,UMNTC,PSY,3801,001,Intro Psych Data Analysis,A-,12,Jett Priewe,,PSY 3801
1265,UMNTC,UMNTC,PSY,3801,001,Intro Psych Data Analysis,B,8,Jett Priewe,,PSY 3801
1265,UMNTC,UMNTC,PSY,3801,001,Intro Psych Data Analysis,B+,6,Jett Priewe,,PSY 3801
1265,UMNTC,UMNTC,PSY,3801,001,Intro Psych Data Analysis,B-,1,Jett Priewe,,PSY 3801
1265,UMNTC,UMNTC,PSY,3801,001,Intro Psych Data Analysis,C,4,Jett Priewe,,PSY 3801
1265,UMNTC,UMNTC,PSY,3801,001,Intro Psych Data Analysis,C+,5,Jett Priewe,,PSY 3801
1265,UMNTC,UMNTC,PSY,3801,001,Intro Psych Data Analysis,C-,3,Jett Priewe,,PSY 3801
1265,UMNTC,UMNTC,PSY,3801,001,Intro Psych Data Analysis,D,4,Jett Priewe,,PSY 3801
1265,UMNTC,UMNTC,PSY,3801,001,Intro Psych Data Analysis,D+,2,Jett Priewe,,PSY 3801
1265,UMNTC,UMNTC,PSY,3801,001,Intro Psych Data Analysis,F,12,Jett Priewe,,PSY 3801
1265,UMNTC,UMNTC,PSY,3801,001,Intro Psych Data Analysis,W,5,Jett Priewe,,PSY 3801
1265,UMNTC,UMNTC,PSY,3901W,002,Capstone: Research Laboratory,A,3,Hyunsuk Lee,,PSY 3901W
1265,UMNTC,UMNTC,PSY,3901W,002,Capstone: Research Laboratory,A-,3,Hyunsuk Lee,,PSY 3901W
1265,UMNTC,UMNTC,PSY,3901W,002,Capstone: Research Laboratory,B,1,Hyunsuk Lee,,PSY 3901W
1265,UMNTC,UMNTC,PSY,3901W,002,Capstone: Research Laboratory,B+,1,Hyunsuk Lee,,PSY 3901W
1265,UMNTC,UMNTC,PSY,3901W,002,Capstone: Research Laboratory,B-,2,Hyunsuk Lee,,PSY 3901W
1265,UMNTC,UMNTC,PSY,3901W,002,Capstone: Research Laboratory,C+,2,Hyunsuk Lee,,PSY 3901W
1265,UMNTC,UMNTC,PSY,3901W,002,Capstone: Research Laboratory,F,3,Hyunsuk Lee,,PSY 3901W
1265,UMNTC,UMNTC,PSY,3901W,002,Capstone: Research Laboratory,W,1,Hyunsuk Lee,,PSY 3901W
1265,UMNTC,UMNTC,PSY,3902W,002,Capstone: Individual Interest,A,5,Lauren Hopkins,,PSY 3902W
1265,UMNTC,UMNTC,PSY,3902W,002,Capstone: Individual Interest,A-,2,Lauren Hopkins,,PSY 3902W
1265,UMNTC,UMNTC,PSY,3902W,002,Capstone: Individual Interest,B+,1,Lauren Hopkins,,PSY 3902W
1265,UMNTC,UMNTC,PSY,3902W,002,Capstone: Individual Interest,B-,2,Lauren Hopkins,,PSY 3902W
1265,UMNTC,UMNTC,PSY,3902W,002,Capstone: Individual Interest,C,1,Lauren Hopkins,,PSY 3902W
1265,UMNTC,UMNTC,PSY,3902W,002,Capstone: Individual Interest,F,3,Lauren Hopkins,,PSY 3902W
1265,UMNTC,UMNTC,PSY,3902W,002,Capstone: Individual Interest,W,1,Lauren Hopkins,,PSY 3902W
1265,UMNTC,UMNTC,PSY,3902W,003,Capstone: Individual Interest,A,3,Michael Hazboun,,PSY 3902W
1265,UMNTC,UMNTC,PSY,3902W,003,Capstone: Individual Interest,A-,3,Michael Hazboun,,PSY 3902W
1265,UMNTC,UMNTC,PSY,3902W,003,Capstone: Individual Interest,B,1,Michael Hazboun,,PSY 3902W
1265,UMNTC,UMNTC,PSY,3902W,003,Capstone: Individual Interest,B+,4,Michael Hazboun,,PSY 3902W
1265,UMNTC,UMNTC,PSY,3902W,003,Capstone: Individual Interest,B-,2,Michael Hazboun,,PSY 3902W
1265,UMNTC,UMNTC,PSY,3902W,003,Capstone: Individual Interest,C+,1,Michael Hazboun,,PSY 3902W
1265,UMNTC,UMNTC,PSY,3902W,004,Capstone: Individual Interest,A,3,Lauren Hopkins,,PSY 3902W
1265,UMNTC,UMNTC,PSY,3902W,004,Capstone: Individual Interest,A-,1,Lauren Hopkins,,PSY 3902W
1265,UMNTC,UMNTC,PSY,3902W,004,Capstone: Individual Interest,B,2,Lauren Hopkins,,PSY 3902W
1265,UMNTC,UMNTC,PSY,3902W,004,Capstone: Individual Interest,B+,1,Lauren Hopkins,,PSY 3902W
1265,UMNTC,UMNTC,PSY,3902W,004,Capstone: Individual Interest,B-,1,Lauren Hopkins,,PSY 3902W
1265,UMNTC,UMNTC,PSY,3902W,004,Capstone: Individual Interest,F,5,Lauren Hopkins,,PSY 3902W
1265,UMNTC,UMNTC,PSY,3902W,004,Capstone: Individual Interest,W,1,Lauren Hopkins,,PSY 3902W
1265,UMNTC,UMNTC,PSY,4521,001,Psychology of Stress & Trauma,A,26,Samantha Anders,ande8552,PSY 4521
1265,UMNTC,UMNTC,PSY,4521,001,Psychology of Stress & Trauma,A-,11,Samantha Anders,ande8552,PSY 4521
1265,UMNTC,UMNTC,PSY,4521,001,Psychology of Stress & Trauma,B,5,Samantha Anders,ande8552,PSY 4521
1265,UMNTC,UMNTC,PSY,4521,001,Psychology of Stress & Trauma,B+,3,Samantha Anders,ande8552,PSY 4521
1265,UMNTC,UMNTC,PSY,4521,001,Psychology of Stress & Trauma,B-,4,Samantha Anders,ande8552,PSY 4521
1265,UMNTC,UMNTC,PSY,4521,001,Psychology of Stress & Trauma,C,3,Samantha Anders,ande8552,PSY 4521
1265,UMNTC,UMNTC,PSY,4521,001,Psychology of Stress & Trauma,C+,6,Samantha Anders,ande8552,PSY 4521
1265,UMNTC,UMNTC,PSY,4521,001,Psychology of Stress & Trauma,C-,3,Samantha Anders,ande8552,PSY 4521
1265,UMNTC,UMNTC,PSY,4521,001,Psychology of Stress & Trauma,D,1,Samantha Anders,ande8552,PSY 4521
1265,UMNTC,UMNTC,PSY,4521,001,Psychology of Stress & Trauma,D+,2,Samantha Anders,ande8552,PSY 4521
1265,UMNTC,UMNTC,PSY,4521,001,Psychology of Stress & Trauma,F,3,Samantha Anders,ande8552,PSY 4521
1265,UMNTC,UMNTC,PSY,4521,001,Psychology of Stress & Trauma,W,5,Samantha Anders,ande8552,PSY 4521
1265,UMNTC,UMNTC,PT,6058,001,Anatomy for Physical Therapy,A,1,Aaron Hellem,hell0255,PT 6058
1265,UMNTC,UMNTC,PT,6058,001,Anatomy for Physical Therapy,S,69,Aaron Hellem,hell0255,PT 6058
1265,UMNTC,UMNTC,PT,6058,001,Anatomy for Physical Therapy,W,1,Aaron Hellem,hell0255,PT 6058
1265,UMNTC,UMNTC,PT,6212,001,Becoming a PT,S,71,Amanda Sharp,sharp,PT 6212
1265,UMNTC,UMNTC,PT,6212,001,Becoming a PT,W,1,Amanda Sharp,sharp,PT 6212
1265,UMNTC,UMNTC,PT,6241,001,Move & Patho,A,65,Sara North,snorth,PT 6241
1265,UMNTC,UMNTC,PT,6241,001,Move & Patho,B+,1,Sara North,snorth,PT 6241
1265,UMNTC,UMNTC,PT,6250,001,Acute Care,A,13,Allyson Sutkowi-Hemstreet,street07,PT 6250
1265,UMNTC,UMNTC,PT,6250,001,Acute Care,A-,21,Allyson Sutkowi-Hemstreet,street07,PT 6250
1265,UMNTC,UMNTC,PT,6250,001,Acute Care,B,7,Allyson Sutkowi-Hemstreet,street07,PT 6250
1265,UMNTC,UMNTC,PT,6250,001,Acute Care,B+,21,Allyson Sutkowi-Hemstreet,street07,PT 6250
1265,UMNTC,UMNTC,PT,6250,001,Acute Care,B-,3,Allyson Sutkowi-Hemstreet,street07,PT 6250
1265,UMNTC,UMNTC,PT,6251,001,Integument,A,24,Linda Koehler,koeh0139,PT 6251
1265,UMNTC,UMNTC,PT,6251,001,Integument,A-,34,Linda Koehler,koeh0139,PT 6251
1265,UMNTC,UMNTC,PT,6251,001,Integument,B,1,Linda Koehler,koeh0139,PT 6251
1265,UMNTC,UMNTC,PT,6251,001,Integument,B+,6,Linda Koehler,koeh0139,PT 6251
1265,UMNTC,UMNTC,PT,6251,001,Integument,B-,1,Linda Koehler,koeh0139,PT 6251
1265,UMNTC,UMNTC,PT,6252,001,Pathophysiology,A,20,Ida-Arlaine Fonkoue,fonko001,PT 6252
1265,UMNTC,UMNTC,PT,6252,001,Pathophysiology,A-,29,Ida-Arlaine Fonkoue,fonko001,PT 6252
1265,UMNTC,UMNTC,PT,6252,001,Pathophysiology,B,6,Ida-Arlaine Fonkoue,fonko001,PT 6252
1265,UMNTC,UMNTC,PT,6252,001,Pathophysiology,B+,11,Ida-Arlaine Fonkoue,fonko001,PT 6252
1265,UMNTC,UMNTC,PT,6288,001,Pediatric Rehab,A,33,Corri Stuyvenberg,stuyv006,PT 6288
1265,UMNTC,UMNTC,PT,6288,001,Pediatric Rehab,A-,13,Corri Stuyvenberg,stuyv006,PT 6288
1265,UMNTC,UMNTC,PT,6288,001,Pediatric Rehab,B,4,Corri Stuyvenberg,stuyv006,PT 6288
1265,UMNTC,UMNTC,PT,6288,001,Pediatric Rehab,B+,13,Corri Stuyvenberg,stuyv006,PT 6288
1265,UMNTC,UMNTC,PT,6290,001,Cont PT Practice,A,53,Allison Smith,smithall,PT 6290
1265,UMNTC,UMNTC,PT,6290,001,Cont PT Practice,A-,9,Allison Smith,smithall,PT 6290
1265,UMNTC,UMNTC,PT,6290,001,Cont PT Practice,B+,1,Allison Smith,smithall,PT 6290
1265,UMNTC,UMNTC,PT,6294,001,Clinical Integration,A,42,Carrie Olagbaiye,denie002,PT 6294
1265,UMNTC,UMNTC,PT,6294,001,Clinical Integration,A-,9,Carrie Olagbaiye,denie002,PT 6294
1265,UMNTC,UMNTC,PT,6294,001,Clinical Integration,B,4,Carrie Olagbaiye,denie002,PT 6294
1265,UMNTC,UMNTC,PT,6294,001,Clinical Integration,B+,5,Carrie Olagbaiye,denie002,PT 6294
1265,UMNTC,UMNTC,PT,6294,001,Clinical Integration,B-,2,Carrie Olagbaiye,denie002,PT 6294
1265,UMNTC,UMNTC,PT,6294,001,Clinical Integration,C+,1,Carrie Olagbaiye,denie002,PT 6294
1265,UMNTC,UMNTC,PT,6401,001,Peds Rehab Elec,A,12,Corri Stuyvenberg,stuyv006,PT 6401
1265,UMNTC,UMNTC,PT,6401,001,Peds Rehab Elec,A-,3,Corri Stuyvenberg,stuyv006,PT 6401
1265,UMNTC,UMNTC,PT,6405,001,Musculoskeletal,A,37,Chris Kramer,kram0047,PT 6405
1265,UMNTC,UMNTC,PT,6405,001,Musculoskeletal,A-,3,Chris Kramer,kram0047,PT 6405
1265,UMNTC,UMNTC,PT,6405,001,Musculoskeletal,B+,1,Chris Kramer,kram0047,PT 6405
1265,UMNTC,UMNRO,PUBH,2561,001,Intro to Public Health,A,13,Abigail Irlbeck,irlbe029,PUBH 2561
1265,UMNTC,UMNRO,PUBH,2561,001,Intro to Public Health,A-,1,Abigail Irlbeck,irlbe029,PUBH 2561
1265,UMNTC,UMNRO,PUBH,2561,001,Intro to Public Health,F,2,Abigail Irlbeck,irlbe029,PUBH 2561
1265,UMNTC,UMNRO,PUBH,2561,001,Intro to Public Health,W,1,Abigail Irlbeck,irlbe029,PUBH 2561
1265,UMNTC,UMNTC,PUBH,3106,320,Making Sense of Health Studies,A,19,George Maldonado,gmphd,PUBH 3106
1265,UMNTC,UMNTC,PUBH,3106,320,Making Sense of Health Studies,A-,8,George Maldonado,gmphd,PUBH 3106
1265,UMNTC,UMNTC,PUBH,3106,320,Making Sense of Health Studies,B,1,George Maldonado,gmphd,PUBH 3106
1265,UMNTC,UMNTC,PUBH,3106,320,Making Sense of Health Studies,B+,4,George Maldonado,gmphd,PUBH 3106
1265,UMNTC,UMNTC,PUBH,6020,320,Social & Behavioral Science,A,22,Zinzi Bailey,zbailey,PUBH 6020
1265,UMNTC,UMNTC,PUBH,6020,320,Social & Behavioral Science,A-,1,Zinzi Bailey,zbailey,PUBH 6020
1265,UMNTC,UMNTC,PUBH,6020,320,Social & Behavioral Science,B,1,Zinzi Bailey,zbailey,PUBH 6020
1265,UMNTC,UMNTC,PUBH,6020,320,Social & Behavioral Science,B+,1,Zinzi Bailey,zbailey,PUBH 6020
1265,UMNTC,UMNTC,PUBH,6020,320,Social & Behavioral Science,W,1,Zinzi Bailey,zbailey,PUBH 6020
1265,UMNTC,UMNTC,PUBH,6102,320,Environmental & Occ Health,A,30,Elizabeth Wattenberg,watte004,PUBH 6102
1265,UMNTC,UMNTC,PUBH,6102,320,Environmental & Occ Health,A-,4,Elizabeth Wattenberg,watte004,PUBH 6102
1265,UMNTC,UMNTC,PUBH,6102,320,Environmental & Occ Health,B+,1,Elizabeth Wattenberg,watte004,PUBH 6102
1265,UMNTC,UMNTC,PUBH,6102,320,Environmental & Occ Health,B-,1,Elizabeth Wattenberg,watte004,PUBH 6102
1265,UMNTC,UMNTC,PUBH,6102,320,Environmental & Occ Health,W,1,Elizabeth Wattenberg,watte004,PUBH 6102
1265,UMNTC,UMNTC,PUBH,6320,320,Fundamentals of Epidemiology,A,23,David Jacobs,jacob004,PUBH 6320
1265,UMNTC,UMNTC,PUBH,6320,320,Fundamentals of Epidemiology,A-,6,David Jacobs,jacob004,PUBH 6320
1265,UMNTC,UMNTC,PUBH,6320,320,Fundamentals of Epidemiology,B,1,David Jacobs,jacob004,PUBH 6320
1265,UMNTC,UMNTC,PUBH,6320,320,Fundamentals of Epidemiology,B+,1,David Jacobs,jacob004,PUBH 6320
1265,UMNTC,UMNTC,PUBH,6320,320,Fundamentals of Epidemiology,B-,1,David Jacobs,jacob004,PUBH 6320
1265,UMNTC,UMNTC,PUBH,6414,320,Biostatistical Literacy,A,23,Laura Le,free0312,PUBH 6414
1265,UMNTC,UMNTC,PUBH,6414,320,Biostatistical Literacy,A-,2,Laura Le,free0312,PUBH 6414
1265,UMNTC,UMNTC,PUBH,6414,320,Biostatistical Literacy,B,4,Laura Le,free0312,PUBH 6414
1265,UMNTC,UMNTC,PUBH,6414,320,Biostatistical Literacy,B+,1,Laura Le,free0312,PUBH 6414
1265,UMNTC,UMNTC,PUBH,6414,320,Biostatistical Literacy,B-,2,Laura Le,free0312,PUBH 6414
1265,UMNTC,UMNTC,PUBH,6414,320,Biostatistical Literacy,C,2,Laura Le,free0312,PUBH 6414
1265,UMNTC,UMNTC,PUBH,6414,320,Biostatistical Literacy,C+,2,Laura Le,free0312,PUBH 6414
1265,UMNTC,UMNTC,PUBH,6414,320,Biostatistical Literacy,D,1,Laura Le,free0312,PUBH 6414
1265,UMNTC,UMNTC,PUBH,6739,320,Data Visualization - Tableau,A,16,Jeanne Gervais,jeanne,PUBH 6739
1265,UMNTC,UMNTC,PUBH,6739,320,Data Visualization - Tableau,A-,2,Jeanne Gervais,jeanne,PUBH 6739
1265,UMNTC,UMNTC,PUBH,6741,321,Ethics: Practice and Policy,A,29,Andrew Ward,ward0230,PUBH 6741
1265,UMNTC,UMNTC,PUBH,6741,321,Ethics: Practice and Policy,A-,3,Andrew Ward,ward0230,PUBH 6741
1265,UMNTC,UMNTC,PUBH,6751,322,Management in Health Services,A,26,Taiwo Aremu,,PUBH 6751
1265,UMNTC,UMNTC,PUBH,6751,322,Management in Health Services,A-,3,Taiwo Aremu,,PUBH 6751
1265,UMNTC,UMNTC,PUBH,6751,322,Management in Health Services,B,1,Taiwo Aremu,,PUBH 6751
1265,UMNTC,UMNTC,PUBH,6751,322,Management in Health Services,B+,3,Taiwo Aremu,,PUBH 6751
1265,UMNTC,UMNTC,PUBH,6751,322,Management in Health Services,B-,1,Taiwo Aremu,,PUBH 6751
1265,UMNTC,UMNTC,PUBH,6751,322,Management in Health Services,C,1,Taiwo Aremu,,PUBH 6751
1265,UMNTC,UMNTC,PUBH,6755,320,Planning & Budgeting in PubH,A,30,Noah Stuby,nstuby,PUBH 6755
1265,UMNTC,UMNTC,PUBH,6755,320,Planning & Budgeting in PubH,A-,3,Noah Stuby,nstuby,PUBH 6755
1265,UMNTC,UMNTC,PUBH,6755,320,Planning & Budgeting in PubH,B+,1,Noah Stuby,nstuby,PUBH 6755
1265,UMNTC,UMNTC,PUBH,6755,320,Planning & Budgeting in PubH,D+,1,Noah Stuby,nstuby,PUBH 6755
1265,UMNTC,UMNTC,PUBH,6755,320,Planning & Budgeting in PubH,F,1,Noah Stuby,nstuby,PUBH 6755
1265,UMNTC,UMNTC,PUBH,6907,320,Maternal/Infant-Adol Nutrition,A,18,Jamie Stang,stang002,PUBH 6907
1265,UMNTC,UMNTC,PUBH,6907,320,Maternal/Infant-Adol Nutrition,A-,2,Jamie Stang,stang002,PUBH 6907
1265,UMNTC,UMNTC,PUBH,7214,101,Prin of Risk Communication,A,22,Jeff Bender,bende002,PUBH 7214
1265,UMNTC,UMNTC,PUBH,7214,101,Prin of Risk Communication,S,1,Jeff Bender,bende002,PUBH 7214
1265,UMNTC,UMNTC,PUBH,7411,001,Stat Genetics of Neuroimaging,A,9,Lin Zhang,zhan4800,PUBH 7411
1265,UMNTC,UMNTC,PUBH,7411,001,Stat Genetics of Neuroimaging,S,10,Lin Zhang,zhan4800,PUBH 7411
1265,UMNTC,UMNTC,PUBH,7537,320,Healthcare Finance,A,20,Rachel Kasprick,rosed008,PUBH 7537
1265,UMNTC,UMNTC,PUBH,7537,320,Healthcare Finance,A-,1,Rachel Kasprick,rosed008,PUBH 7537
1265,UMNTC,UMNTC,PUBH,7542,320,Quality Improvement and Safety,A,17,Timothy Beebe,beebe026,PUBH 7542
1265,UMNTC,UMNTC,PUBH,7542,320,Quality Improvement and Safety,B,1,Timothy Beebe,beebe026,PUBH 7542
1265,UMNTC,UMNTC,PUBH,7542,320,Quality Improvement and Safety,B+,1,Timothy Beebe,beebe026,PUBH 7542
1265,UMNTC,UMNTC,PUBH,7553,320,Healthcare Management Ethics,A,20,Ashton Boon,schat106,PUBH 7553
1265,UMNTC,UMNTC,PUBH,7553,320,Healthcare Management Ethics,A-,3,Ashton Boon,schat106,PUBH 7553
1265,UMNTC,UMNTC,PUBH,7553,320,Healthcare Management Ethics,B,1,Ashton Boon,schat106,PUBH 7553
1265,UMNTC,UMNTC,PUBH,7562,320,Info Technology in Healthcare,A,18,Dori Cross,dcross,PUBH 7562
1265,UMNTC,UMNTC,PUBH,7562,320,Info Technology in Healthcare,A-,2,Dori Cross,dcross,PUBH 7562
1265,UMNTC,UMNTC,PUBH,7569,320,Health Care Policy,A,22,Carrie Henning-Smith,henn0329,PUBH 7569
1265,UMNTC,UMNTC,PUBH,7569,320,Health Care Policy,A-,1,Carrie Henning-Smith,henn0329,PUBH 7569
1265,UMNTC,UMNRO,RADI,4303,001,Clinical Practicum III,A,8,Chris Knoepke,,RADI 4303
1265,UMNTC,UMNRO,RADI,4303,001,Clinical Practicum III,B,2,Chris Knoepke,,RADI 4303
1265,UMNTC,UMNTC,SCLY,1201,500,Survival Italian Language,A,3,Unknown Instructor,,SCLY 1201
1265,UMNTC,UMNTC,SCLY,1201,500,Survival Italian Language,A-,1,Unknown Instructor,,SCLY 1201
1265,UMNTC,UMNTC,SCLY,1201,500,Survival Italian Language,B,1,Unknown Instructor,,SCLY 1201
1265,UMNTC,UMNTC,SCLY,1201,500,Survival Italian Language,B+,3,Unknown Instructor,,SCLY 1201
1265,UMNTC,UMNTC,SCLY,1201,500,Survival Italian Language,C,3,Unknown Instructor,,SCLY 1201
1265,UMNTC,UMNTC,SCLY,1201,500,Survival Italian Language,C+,1,Unknown Instructor,,SCLY 1201
1265,UMNTC,UMNTC,SCLY,3151,500,Des Studio Italy: Image-Making,A,9,Anjali Ganapathy,ganap002,SCLY 3151
1265,UMNTC,UMNTC,SCLY,3151,500,Des Studio Italy: Image-Making,A-,2,Anjali Ganapathy,ganap002,SCLY 3151
1265,UMNTC,UMNTC,SCLY,3205,500,Sicily Collaborative Practicum,A,5,Unknown Instructor,,SCLY 3205
1265,UMNTC,UMNTC,SCLY,3205,500,Sicily Collaborative Practicum,A-,2,Unknown Instructor,,SCLY 3205
1265,UMNTC,UMNTC,SCLY,3205,500,Sicily Collaborative Practicum,B,1,Unknown Instructor,,SCLY 3205
1265,UMNTC,UMNTC,SCLY,3205,500,Sicily Collaborative Practicum,B+,3,Unknown Instructor,,SCLY 3205
1265,UMNTC,UMNTC,SCO,6048,055,Logistics and Transportation,A,12,Peter Thomas,thom8370,SCO 6048
1265,UMNTC,UMNTC,SCO,6048,055,Logistics and Transportation,A-,5,Peter Thomas,thom8370,SCO 6048
1265,UMNTC,UMNTC,SCO,6048,055,Logistics and Transportation,B,1,Peter Thomas,thom8370,SCO 6048
1265,UMNTC,UMNTC,SCO,6048,055,Logistics and Transportation,B+,5,Peter Thomas,thom8370,SCO 6048
1265,UMNTC,UMNTC,SCO,6291,095,Leadership Development,A,11,Kevin Wilde,kwilde,SCO 6291
1265,UMNTC,UMNTC,SCO,6291,095,Leadership Development,A-,3,Kevin Wilde,kwilde,SCO 6291
1265,UMNTC,UMNTC,SCO,6291,095,Leadership Development,B+,1,Kevin Wilde,kwilde,SCO 6291
1265,UMNTC,UMNTC,SCO,6291,095,Leadership Development,C,1,Kevin Wilde,kwilde,SCO 6291
1265,UMNTC,UMNTC,SCO,6292,095,Global Operations Capstone,A,13,Sunil Singh,sing0444,SCO 6292
1265,UMNTC,UMNTC,SCO,6292,095,Global Operations Capstone,A-,2,Sunil Singh,sing0444,SCO 6292
1265,UMNTC,UMNTC,SCO,6292,095,Global Operations Capstone,W,1,Sunil Singh,sing0444,SCO 6292
1265,UMNTC,UMNTC,SFS,3000,500,Trop Islnd Ecosys: Human Impct,A,8,Unknown Instructor,,SFS 3000
1265,UMNTC,UMNTC,SFS,3000,500,Trop Islnd Ecosys: Human Impct,A-,3,Unknown Instructor,,SFS 3000
1265,UMNTC,UMNTC,SFS,3252,500,Elephant Ecol and Cons,A,3,Unknown Instructor,,SFS 3252
1265,UMNTC,UMNTC,SFS,3252,500,Elephant Ecol and Cons,A-,5,Unknown Instructor,,SFS 3252
1265,UMNTC,UMNTC,SFS,3252,500,Elephant Ecol and Cons,B,1,Unknown Instructor,,SFS 3252
1265,UMNTC,UMNTC,SFS,3252,500,Elephant Ecol and Cons,B+,1,Unknown Instructor,,SFS 3252
1265,UMNTC,UMNTC,SFS,3252,500,Elephant Ecol and Cons,D,1,Unknown Instructor,,SFS 3252
1265,UMNTC,UMNTC,SMGT,3501,001,Sprt/Phys Actvty Dvrse Socity,A,18,Vicki Schull,schu1850,SMGT 3501
1265,UMNTC,UMNTC,SMGT,3501,001,Sprt/Phys Actvty Dvrse Socity,A-,10,Vicki Schull,schu1850,SMGT 3501
1265,UMNTC,UMNTC,SMGT,3501,001,Sprt/Phys Actvty Dvrse Socity,B,1,Vicki Schull,schu1850,SMGT 3501
1265,UMNCR,UMNCR,SOC,1001,E90,Introduction to Sociology,A,5,Carl Bevelhymer,bevel008,SOC 1001
1265,UMNCR,UMNCR,SOC,1001,E90,Introduction to Sociology,A-,4,Carl Bevelhymer,bevel008,SOC 1001
1265,UMNCR,UMNCR,SOC,1001,E90,Introduction to Sociology,B,2,Carl Bevelhymer,bevel008,SOC 1001
1265,UMNCR,UMNCR,SOC,1001,E90,Introduction to Sociology,B+,1,Carl Bevelhymer,bevel008,SOC 1001
1265,UMNCR,UMNCR,SOC,1001,E90,Introduction to Sociology,B-,1,Carl Bevelhymer,bevel008,SOC 1001
1265,UMNCR,UMNCR,SOC,1001,E90,Introduction to Sociology,W,2,Carl Bevelhymer,bevel008,SOC 1001
1265,UMNTC,UMNTC,SOC,1001,301,Introduction to Sociology,A,18,Aras Koksal,,SOC 1001
1265,UMNTC,UMNTC,SOC,1001,301,Introduction to Sociology,A-,2,Aras Koksal,,SOC 1001
1265,UMNTC,UMNTC,SOC,1001,301,Introduction to Sociology,B,1,Aras Koksal,,SOC 1001
1265,UMNTC,UMNTC,SOC,1001,301,Introduction to Sociology,B+,1,Aras Koksal,,SOC 1001
1265,UMNTC,UMNTC,SOC,1001,301,Introduction to Sociology,B-,2,Aras Koksal,,SOC 1001
1265,UMNTC,UMNTC,SOC,1001,301,Introduction to Sociology,C,2,Aras Koksal,,SOC 1001
1265,UMNTC,UMNTC,SOC,1001,301,Introduction to Sociology,F,1,Aras Koksal,,SOC 1001
1265,UMNTC,UMNTC,SOC,1001,301,Introduction to Sociology,S,1,Aras Koksal,,SOC 1001
1265,UMNTC,UMNTC,SOC,1001,301,Introduction to Sociology,W,1,Aras Koksal,,SOC 1001
1265,UMNTC,UMNTC,SOC,1001,302,Introduction to Sociology,A,17,Mason Jones,,SOC 1001
1265,UMNTC,UMNTC,SOC,1001,302,Introduction to Sociology,A-,3,Mason Jones,,SOC 1001
1265,UMNTC,UMNTC,SOC,1001,302,Introduction to Sociology,B,1,Mason Jones,,SOC 1001
1265,UMNTC,UMNTC,SOC,1001,302,Introduction to Sociology,B+,1,Mason Jones,,SOC 1001
1265,UMNTC,UMNTC,SOC,1001,302,Introduction to Sociology,B-,1,Mason Jones,,SOC 1001
1265,UMNTC,UMNTC,SOC,1001,302,Introduction to Sociology,C,1,Mason Jones,,SOC 1001
1265,UMNTC,UMNTC,SOC,1001,302,Introduction to Sociology,F,1,Mason Jones,,SOC 1001
1265,UMNTC,UMNTC,SOC,1001,302,Introduction to Sociology,S,1,Mason Jones,,SOC 1001
1265,UMNTC,UMNTC,SOC,1001,302,Introduction to Sociology,W,2,Mason Jones,,SOC 1001
1265,UMNDL,UMNDL,SOC,1101,080,Intro to Sociology,A,4,Jason Torkelson,tork0032,SOC 1101
1265,UMNDL,UMNDL,SOC,1101,080,Intro to Sociology,A-,3,Jason Torkelson,tork0032,SOC 1101
1265,UMNDL,UMNDL,SOC,1101,080,Intro to Sociology,B,1,Jason Torkelson,tork0032,SOC 1101
1265,UMNDL,UMNDL,SOC,1101,080,Intro to Sociology,C,3,Jason Torkelson,tork0032,SOC 1101
1265,UMNDL,UMNDL,SOC,1101,080,Intro to Sociology,D,1,Jason Torkelson,tork0032,SOC 1101
1265,UMNDL,UMNDL,SOC,1101,080,Intro to Sociology,F,3,Jason Torkelson,tork0032,SOC 1101
1265,UMNDL,UMNDL,SOC,2155,080,"Intro Research Methods, Analys",A,18,Joshua Williams,will7730,SOC 2155
1265,UMNDL,UMNDL,SOC,2155,080,"Intro Research Methods, Analys",B+,1,Joshua Williams,will7730,SOC 2155
1265,UMNDL,UMNDL,SOC,2155,080,"Intro Research Methods, Analys",C+,1,Joshua Williams,will7730,SOC 2155
1265,UMNDL,UMNDL,SOC,2155,080,"Intro Research Methods, Analys",F,1,Joshua Williams,will7730,SOC 2155
1265,UMNTC,UMNTC,SOC,3102,001,Criminal Behavior Soc Control,A,15,Gabrielle Ferrales,ferrales,SOC 3102
1265,UMNTC,UMNTC,SOC,3102,001,Criminal Behavior Soc Control,F,1,Gabrielle Ferrales,ferrales,SOC 3102
1265,UMNDL,UMNDL,SOC,3155,080,"Quant Research Methods, Analys",A,3,Scott Vollum,svollum,SOC 3155
1265,UMNDL,UMNDL,SOC,3155,080,"Quant Research Methods, Analys",B,3,Scott Vollum,svollum,SOC 3155
1265,UMNDL,UMNDL,SOC,3155,080,"Quant Research Methods, Analys",B+,1,Scott Vollum,svollum,SOC 3155
1265,UMNDL,UMNDL,SOC,3155,080,"Quant Research Methods, Analys",C,2,Scott Vollum,svollum,SOC 3155
1265,UMNDL,UMNDL,SOC,3155,080,"Quant Research Methods, Analys",C+,4,Scott Vollum,svollum,SOC 3155
1265,UMNDL,UMNDL,SOC,3155,080,"Quant Research Methods, Analys",D,3,Scott Vollum,svollum,SOC 3155
1265,UMNTC,UMNTC,SOC,3251W,001,"Race, Class, and Gender",A,9,Nikoleta Sremac,,SOC 3251W
1265,UMNTC,UMNTC,SOC,3251W,001,"Race, Class, and Gender",C+,2,Nikoleta Sremac,,SOC 3251W
1265,UMNTC,UMNTC,SOC,3613W,001,The Politics of Eating,A,22,Daniel Cueto-Villalobos,,SOC 3613W
1265,UMNTC,UMNTC,SOC,3613W,001,The Politics of Eating,A-,2,Daniel Cueto-Villalobos,,SOC 3613W
1265,UMNTC,UMNTC,SOC,3613W,001,The Politics of Eating,B,2,Daniel Cueto-Villalobos,,SOC 3613W
1265,UMNTC,UMNTC,SOC,3613W,001,The Politics of Eating,B-,1,Daniel Cueto-Villalobos,,SOC 3613W
1265,UMNTC,UMNTC,SOC,3613W,001,The Politics of Eating,D,2,Daniel Cueto-Villalobos,,SOC 3613W
1265,UMNTC,UMNTC,SOC,3613W,001,The Politics of Eating,F,1,Daniel Cueto-Villalobos,,SOC 3613W
1265,UMNTC,UMNTC,SOC,3613W,001,The Politics of Eating,W,1,Daniel Cueto-Villalobos,,SOC 3613W
1265,UMNTC,UMNTC,SOC,3701,301,Social Theory,A,17,Mallory Harrington,,SOC 3701
1265,UMNTC,UMNTC,SOC,3701,301,Social Theory,A-,3,Mallory Harrington,,SOC 3701
1265,UMNTC,UMNTC,SOC,3701,301,Social Theory,B,3,Mallory Harrington,,SOC 3701
1265,UMNTC,UMNTC,SOC,3701,301,Social Theory,B+,2,Mallory Harrington,,SOC 3701
1265,UMNTC,UMNTC,SOC,3701,301,Social Theory,B-,2,Mallory Harrington,,SOC 3701
1265,UMNTC,UMNTC,SOC,3701,301,Social Theory,D+,1,Mallory Harrington,,SOC 3701
1265,UMNTC,UMNTC,SOC,3701,301,Social Theory,F,2,Mallory Harrington,,SOC 3701
1265,UMNTC,UMNTC,SOC,3701,301,Social Theory,W,1,Mallory Harrington,,SOC 3701
1265,UMNTC,UMNTC,SOC,3811,002,Social Statistics,A,14,Nick Dickens,dicke420,SOC 3811
1265,UMNTC,UMNTC,SOC,3811,002,Social Statistics,A-,4,Nick Dickens,dicke420,SOC 3811
1265,UMNTC,UMNTC,SOC,3811,002,Social Statistics,B,4,Nick Dickens,dicke420,SOC 3811
1265,UMNTC,UMNTC,SOC,3811,002,Social Statistics,B+,1,Nick Dickens,dicke420,SOC 3811
1265,UMNTC,UMNTC,SOC,3811,002,Social Statistics,B-,1,Nick Dickens,dicke420,SOC 3811
1265,UMNTC,UMNTC,SOC,3811,002,Social Statistics,C,1,Nick Dickens,dicke420,SOC 3811
1265,UMNTC,UMNTC,SOC,3811,002,Social Statistics,C+,1,Nick Dickens,dicke420,SOC 3811
1265,UMNTC,UMNTC,SOC,3811,002,Social Statistics,C-,1,Nick Dickens,dicke420,SOC 3811
1265,UMNTC,UMNTC,SOC,3811,002,Social Statistics,F,4,Nick Dickens,dicke420,SOC 3811
1265,UMNTC,UMNTC,SOC,4104,001,Crime and Human Rights,A,14,Gabrielle Ferrales,ferrales,SOC 4104
1265,UMNTC,UMNTC,SOC,4104,001,Crime and Human Rights,W,1,Gabrielle Ferrales,ferrales,SOC 4104
1265,UMNTC,UMNTC,SOC,4113,001,Sociology of Violence,A,13,Gabrielle Ferrales,ferrales,SOC 4113
1265,UMNTC,UMNTC,SOC,4113,001,Sociology of Violence,D,1,Gabrielle Ferrales,ferrales,SOC 4113
1265,UMNDL,UMNDL,SOC,4597,080,Internship,N,1,Robert Weidner,rweidner,SOC 4597
1265,UMNDL,UMNDL,SOC,4597,080,Internship,S,20,Robert Weidner,rweidner,SOC 4597
1265,UMNDL,UMNDL,SOC,4947,080,Sociology of Gender,A,5,Emily Gaarder,egaarder,SOC 4947
1265,UMNDL,UMNDL,SOC,4947,080,Sociology of Gender,A-,2,Emily Gaarder,egaarder,SOC 4947
1265,UMNDL,UMNDL,SOC,4947,080,Sociology of Gender,B,1,Emily Gaarder,egaarder,SOC 4947
1265,UMNDL,UMNDL,SOC,4947,080,Sociology of Gender,B-,1,Emily Gaarder,egaarder,SOC 4947
1265,UMNDL,UMNDL,SOC,4947,080,Sociology of Gender,C+,1,Emily Gaarder,egaarder,SOC 4947
1265,UMNDL,UMNDL,SOC,4947,080,Sociology of Gender,F,2,Emily Gaarder,egaarder,SOC 4947
1265,UMNMO,UMNMO,SPAN,1001,098,Beginning Spanish I,A,6,Thomas Genova,tgenova,SPAN 1001
1265,UMNMO,UMNMO,SPAN,1001,098,Beginning Spanish I,A-,4,Thomas Genova,tgenova,SPAN 1001
1265,UMNMO,UMNMO,SPAN,1001,098,Beginning Spanish I,B,1,Thomas Genova,tgenova,SPAN 1001
1265,UMNMO,UMNMO,SPAN,1001,098,Beginning Spanish I,B+,1,Thomas Genova,tgenova,SPAN 1001
1265,UMNMO,UMNMO,SPAN,1001,098,Beginning Spanish I,C,2,Thomas Genova,tgenova,SPAN 1001
1265,UMNMO,UMNMO,SPAN,1001,098,Beginning Spanish I,C-,1,Thomas Genova,tgenova,SPAN 1001
1265,UMNMO,UMNMO,SPAN,1001,098,Beginning Spanish I,D,1,Thomas Genova,tgenova,SPAN 1001
1265,UMNMO,UMNMO,SPAN,1001,098,Beginning Spanish I,F,2,Thomas Genova,tgenova,SPAN 1001
1265,UMNMO,UMNMO,SPAN,1002,098,Beginning Spanish II,A,12,Thomas Genova,tgenova,SPAN 1002
1265,UMNMO,UMNMO,SPAN,1002,098,Beginning Spanish II,A-,3,Thomas Genova,tgenova,SPAN 1002
1265,UMNMO,UMNMO,SPAN,1002,098,Beginning Spanish II,B,1,Thomas Genova,tgenova,SPAN 1002
1265,UMNMO,UMNMO,SPAN,1002,098,Beginning Spanish II,B-,1,Thomas Genova,tgenova,SPAN 1002
1265,UMNMO,UMNMO,SPAN,1002,098,Beginning Spanish II,C,1,Thomas Genova,tgenova,SPAN 1002
1265,UMNMO,UMNMO,SPAN,1002,098,Beginning Spanish II,D,1,Thomas Genova,tgenova,SPAN 1002
1265,UMNMO,UMNMO,SPAN,1002,098,Beginning Spanish II,F,1,Thomas Genova,tgenova,SPAN 1002
1265,UMNTC,UMNTC,SPAN,1002,001,Beginning Spanish,A,13,Giuliana Da Veiga,,SPAN 1002
1265,UMNTC,UMNTC,SPAN,1002,001,Beginning Spanish,B+,3,Giuliana Da Veiga,,SPAN 1002
1265,UMNTC,UMNTC,SPAN,1002,001,Beginning Spanish,C,1,Giuliana Da Veiga,,SPAN 1002
1265,UMNTC,UMNTC,SPAN,1002,001,Beginning Spanish,S,2,Giuliana Da Veiga,,SPAN 1002
1265,UMNTC,UMNTC,SPAN,1002,001,Beginning Spanish,W,3,Giuliana Da Veiga,,SPAN 1002
1265,UMNTC,UMNTC,SPAN,1003,001,Intermediate Spanish,A,8,Denisse Mendoza Jaimes,,SPAN 1003
1265,UMNTC,UMNTC,SPAN,1003,001,Intermediate Spanish,B,3,Denisse Mendoza Jaimes,,SPAN 1003
1265,UMNTC,UMNTC,SPAN,1003,001,Intermediate Spanish,N,1,Denisse Mendoza Jaimes,,SPAN 1003
1265,UMNTC,UMNTC,SPAN,1003,002,Intermediate Spanish,A,10,Daniel Gonzalez,,SPAN 1003
1265,UMNTC,UMNTC,SPAN,1003,002,Intermediate Spanish,A-,2,Daniel Gonzalez,,SPAN 1003
1265,UMNTC,UMNTC,SPAN,1003,002,Intermediate Spanish,B,2,Daniel Gonzalez,,SPAN 1003
1265,UMNTC,UMNTC,SPAN,1003,002,Intermediate Spanish,B+,2,Daniel Gonzalez,,SPAN 1003
1265,UMNTC,UMNTC,SPAN,1003,002,Intermediate Spanish,B-,1,Daniel Gonzalez,,SPAN 1003
1265,UMNTC,UMNTC,SPAN,1003,002,Intermediate Spanish,C-,1,Daniel Gonzalez,,SPAN 1003
1265,UMNTC,UMNTC,SPAN,1003,002,Intermediate Spanish,D,1,Daniel Gonzalez,,SPAN 1003
1265,UMNTC,UMNTC,SPAN,1003,002,Intermediate Spanish,S,1,Daniel Gonzalez,,SPAN 1003
1265,UMNTC,UMNTC,SPAN,1003,002,Intermediate Spanish,W,2,Daniel Gonzalez,,SPAN 1003
1265,UMNTC,UMNTC,SPAN,1004,001,Intermediate Span,A,7,Rodrigo Zavala-Cintora,,SPAN 1004
1265,UMNTC,UMNTC,SPAN,1004,001,Intermediate Span,A-,2,Rodrigo Zavala-Cintora,,SPAN 1004
1265,UMNTC,UMNTC,SPAN,1004,001,Intermediate Span,B,3,Rodrigo Zavala-Cintora,,SPAN 1004
1265,UMNTC,UMNTC,SPAN,1004,001,Intermediate Span,B+,2,Rodrigo Zavala-Cintora,,SPAN 1004
1265,UMNTC,UMNTC,SPAN,1004,001,Intermediate Span,B-,3,Rodrigo Zavala-Cintora,,SPAN 1004
1265,UMNTC,UMNTC,SPAN,1004,001,Intermediate Span,S,6,Rodrigo Zavala-Cintora,,SPAN 1004
1265,UMNTC,UMNTC,SPAN,1004,002,Intermediate Span,A,9,Yomary Carrillo Tequia,,SPAN 1004
1265,UMNTC,UMNTC,SPAN,1004,002,Intermediate Span,A-,1,Yomary Carrillo Tequia,,SPAN 1004
1265,UMNTC,UMNTC,SPAN,1004,002,Intermediate Span,B,3,Yomary Carrillo Tequia,,SPAN 1004
1265,UMNTC,UMNTC,SPAN,1004,002,Intermediate Span,B-,3,Yomary Carrillo Tequia,,SPAN 1004
1265,UMNTC,UMNTC,SPAN,1004,002,Intermediate Span,C+,1,Yomary Carrillo Tequia,,SPAN 1004
1265,UMNTC,UMNTC,SPAN,1004,002,Intermediate Span,F,1,Yomary Carrillo Tequia,,SPAN 1004
1265,UMNTC,UMNTC,SPAN,1004,002,Intermediate Span,S,2,Yomary Carrillo Tequia,,SPAN 1004
1265,UMNTC,UMNTC,SPAN,1004,002,Intermediate Span,W,4,Yomary Carrillo Tequia,,SPAN 1004
1265,UMNTC,UMNTC,SPAN,1022,001,Alt Second-Sem Spanish,A,11,Carolina Cassese De Vasconcellos Serell,,SPAN 1022
1265,UMNTC,UMNTC,SPAN,1022,001,Alt Second-Sem Spanish,A-,6,Carolina Cassese De Vasconcellos Serell,,SPAN 1022
1265,UMNTC,UMNTC,SPAN,1022,001,Alt Second-Sem Spanish,B,3,Carolina Cassese De Vasconcellos Serell,,SPAN 1022
1265,UMNTC,UMNTC,SPAN,1022,001,Alt Second-Sem Spanish,C+,1,Carolina Cassese De Vasconcellos Serell,,SPAN 1022
1265,UMNTC,UMNTC,SPAN,1022,001,Alt Second-Sem Spanish,C-,1,Carolina Cassese De Vasconcellos Serell,,SPAN 1022
1265,UMNTC,UMNTC,SPAN,1022,001,Alt Second-Sem Spanish,F,1,Carolina Cassese De Vasconcellos Serell,,SPAN 1022
1265,UMNTC,UMNTC,SPAN,1022,001,Alt Second-Sem Spanish,W,1,Carolina Cassese De Vasconcellos Serell,,SPAN 1022
1265,UMNDL,UMNDL,SPAN,4090,080,Aspects of the Hispanic World,A,7,Andrew Snustad,asnustad,SPAN 4090
1265,UMNDL,UMNDL,SPAN,4090,080,Aspects of the Hispanic World,B,2,Andrew Snustad,asnustad,SPAN 4090
1265,UMNDL,UMNDL,SPAN,4090,080,Aspects of the Hispanic World,F,3,Andrew Snustad,asnustad,SPAN 4090
1265,UMNDL,UMNDL,SPED,4435,001,"Parent, Professional Collabora",A,8,Kinga Balint Langel,obalintl,SPED 4435
1265,UMNDL,UMNDL,SPED,4435,001,"Parent, Professional Collabora",A-,2,Kinga Balint Langel,obalintl,SPED 4435
1265,UMNTC,UMNRO,STAT,1161,001,Introduction to Statistics,A,7,Christian Ballam,cgballam,STAT 1161
1265,UMNTC,UMNRO,STAT,1161,001,Introduction to Statistics,A-,3,Christian Ballam,cgballam,STAT 1161
1265,UMNTC,UMNRO,STAT,1161,001,Introduction to Statistics,B+,2,Christian Ballam,cgballam,STAT 1161
1265,UMNTC,UMNRO,STAT,1161,001,Introduction to Statistics,B-,1,Christian Ballam,cgballam,STAT 1161
1265,UMNTC,UMNRO,STAT,1161,001,Introduction to Statistics,F,2,Christian Ballam,cgballam,STAT 1161
1265,UMNTC,UMNRO,STAT,1161,002,Introduction to Statistics,A,6,Christian Ballam,cgballam,STAT 1161
1265,UMNTC,UMNRO,STAT,1161,002,Introduction to Statistics,A-,1,Christian Ballam,cgballam,STAT 1161
1265,UMNTC,UMNRO,STAT,1161,002,Introduction to Statistics,B,2,Christian Ballam,cgballam,STAT 1161
1265,UMNTC,UMNRO,STAT,1161,002,Introduction to Statistics,B+,3,Christian Ballam,cgballam,STAT 1161
1265,UMNTC,UMNRO,STAT,1161,002,Introduction to Statistics,B-,1,Christian Ballam,cgballam,STAT 1161
1265,UMNTC,UMNRO,STAT,1161,002,Introduction to Statistics,C,1,Christian Ballam,cgballam,STAT 1161
1265,UMNTC,UMNRO,STAT,1161,002,Introduction to Statistics,W,2,Christian Ballam,cgballam,STAT 1161
1265,UMNDL,UMNDL,STAT,1411,001,Intro to Statistics,A,10,Dananjani Madiwala Liyanage,dmadiwal,STAT 1411
1265,UMNDL,UMNDL,STAT,1411,001,Intro to Statistics,A-,5,Dananjani Madiwala Liyanage,dmadiwal,STAT 1411
1265,UMNDL,UMNDL,STAT,1411,001,Intro to Statistics,B+,1,Dananjani Madiwala Liyanage,dmadiwal,STAT 1411
1265,UMNDL,UMNDL,STAT,1411,001,Intro to Statistics,F,2,Dananjani Madiwala Liyanage,dmadiwal,STAT 1411
1265,UMNMO,UMNMO,STAT,1601,098,Introduction to Statistics,A,13,Jong-Min Kim,jongmink,STAT 1601
1265,UMNMO,UMNMO,STAT,1601,098,Introduction to Statistics,F,1,Jong-Min Kim,jongmink,STAT 1601
1265,UMNDL,UMNDL,STAT,2411,001,Statistical Methods,A,7,Devjani Basu,devjanib,STAT 2411
1265,UMNDL,UMNDL,STAT,2411,001,Statistical Methods,B,1,Devjani Basu,devjanib,STAT 2411
1265,UMNDL,UMNDL,STAT,2411,001,Statistical Methods,B+,1,Devjani Basu,devjanib,STAT 2411
1265,UMNDL,UMNDL,STAT,2411,001,Statistical Methods,F,1,Devjani Basu,devjanib,STAT 2411
1265,UMNDL,UMNDL,STAT,2411,001,Statistical Methods,W,1,Devjani Basu,devjanib,STAT 2411
1265,UMNTC,UMNTC,STAT,3011,002,Intro Statistical Analysis,A-,3,Nouman Qureshi,qures089,STAT 3011
1265,UMNTC,UMNTC,STAT,3011,002,Intro Statistical Analysis,B,4,Nouman Qureshi,qures089,STAT 3011
1265,UMNTC,UMNTC,STAT,3011,002,Intro Statistical Analysis,B+,1,Nouman Qureshi,qures089,STAT 3011
1265,UMNTC,UMNTC,STAT,3011,002,Intro Statistical Analysis,C,2,Nouman Qureshi,qures089,STAT 3011
1265,UMNTC,UMNTC,STAT,3011,002,Intro Statistical Analysis,C+,3,Nouman Qureshi,qures089,STAT 3011
1265,UMNTC,UMNTC,STAT,3011,002,Intro Statistical Analysis,D,5,Nouman Qureshi,qures089,STAT 3011
1265,UMNTC,UMNTC,STAT,3011,002,Intro Statistical Analysis,F,5,Nouman Qureshi,qures089,STAT 3011
1265,UMNTC,UMNTC,STAT,3011,002,Intro Statistical Analysis,W,4,Nouman Qureshi,qures089,STAT 3011
1265,UMNTC,UMNTC,STAT,3011,884,Intro Statistical Analysis,A,3,Jesse Miller,mill9116,STAT 3011
1265,UMNTC,UMNTC,STAT,3011,884,Intro Statistical Analysis,A-,1,Jesse Miller,mill9116,STAT 3011
1265,UMNTC,UMNTC,STAT,3011,884,Intro Statistical Analysis,B,3,Jesse Miller,mill9116,STAT 3011
1265,UMNTC,UMNTC,STAT,3011,884,Intro Statistical Analysis,B+,2,Jesse Miller,mill9116,STAT 3011
1265,UMNTC,UMNTC,STAT,3011,884,Intro Statistical Analysis,C,1,Jesse Miller,mill9116,STAT 3011
1265,UMNTC,UMNTC,STAT,3011,884,Intro Statistical Analysis,C+,2,Jesse Miller,mill9116,STAT 3011
1265,UMNTC,UMNTC,STAT,3011,884,Intro Statistical Analysis,D,1,Jesse Miller,mill9116,STAT 3011
1265,UMNTC,UMNTC,STAT,3011,884,Intro Statistical Analysis,W,3,Jesse Miller,mill9116,STAT 3011
1265,UMNTC,UMNTC,STAT,3021,001,Intro Probability & Statistics,A,8,Rui Zhou,,STAT 3021
1265,UMNTC,UMNTC,STAT,3021,001,Intro Probability & Statistics,A-,2,Rui Zhou,,STAT 3021
1265,UMNTC,UMNTC,STAT,3021,001,Intro Probability & Statistics,B,3,Rui Zhou,,STAT 3021
1265,UMNTC,UMNTC,STAT,3021,001,Intro Probability & Statistics,B+,2,Rui Zhou,,STAT 3021
1265,UMNTC,UMNTC,STAT,3021,001,Intro Probability & Statistics,B-,2,Rui Zhou,,STAT 3021
1265,UMNTC,UMNTC,STAT,3021,001,Intro Probability & Statistics,C+,2,Rui Zhou,,STAT 3021
1265,UMNTC,UMNTC,STAT,3021,001,Intro Probability & Statistics,W,2,Rui Zhou,,STAT 3021
1265,UMNTC,UMNTC,STAT,3032,002,Regression and Correlated Data,A,4,Benjamin Lewis,lewi1763,STAT 3032
1265,UMNTC,UMNTC,STAT,3032,002,Regression and Correlated Data,A-,4,Benjamin Lewis,lewi1763,STAT 3032
1265,UMNTC,UMNTC,STAT,3032,002,Regression and Correlated Data,B,5,Benjamin Lewis,lewi1763,STAT 3032
1265,UMNTC,UMNTC,STAT,3032,002,Regression and Correlated Data,B+,3,Benjamin Lewis,lewi1763,STAT 3032
1265,UMNTC,UMNTC,STAT,3032,002,Regression and Correlated Data,B-,1,Benjamin Lewis,lewi1763,STAT 3032
1265,UMNTC,UMNTC,STAT,3032,002,Regression and Correlated Data,W,5,Benjamin Lewis,lewi1763,STAT 3032
1265,UMNTC,UMNTC,STAT,3032,884,Regression and Correlated Data,A,3,Seung Lee,lee03949,STAT 3032
1265,UMNTC,UMNTC,STAT,3032,884,Regression and Correlated Data,A-,1,Seung Lee,lee03949,STAT 3032
1265,UMNTC,UMNTC,STAT,3032,884,Regression and Correlated Data,B,2,Seung Lee,lee03949,STAT 3032
1265,UMNTC,UMNTC,STAT,3032,884,Regression and Correlated Data,B+,1,Seung Lee,lee03949,STAT 3032
1265,UMNTC,UMNTC,STAT,3032,884,Regression and Correlated Data,B-,1,Seung Lee,lee03949,STAT 3032
1265,UMNTC,UMNTC,STAT,3032,884,Regression and Correlated Data,F,2,Seung Lee,lee03949,STAT 3032
1265,UMNTC,UMNTC,STAT,3032,884,Regression and Correlated Data,W,2,Seung Lee,lee03949,STAT 3032
1265,UMNDL,UMNDL,STAT,3411,001,Engineering Statistics,A,18,Adam Johnson,adamjohn,STAT 3411
1265,UMNDL,UMNDL,STAT,3411,001,Engineering Statistics,A-,2,Adam Johnson,adamjohn,STAT 3411
1265,UMNDL,UMNDL,STAT,3411,001,Engineering Statistics,B,1,Adam Johnson,adamjohn,STAT 3411
1265,UMNDL,UMNDL,STAT,3411,001,Engineering Statistics,B-,3,Adam Johnson,adamjohn,STAT 3411
1265,UMNDL,UMNDL,STAT,3611,001,"Intro Probability, Statistics",A,3,Yongcheng Qi,yqi,STAT 3611
1265,UMNDL,UMNDL,STAT,3611,001,"Intro Probability, Statistics",B,1,Yongcheng Qi,yqi,STAT 3611
1265,UMNDL,UMNDL,STAT,3611,001,"Intro Probability, Statistics",B-,3,Yongcheng Qi,yqi,STAT 3611
1265,UMNDL,UMNDL,STAT,3611,001,"Intro Probability, Statistics",C+,1,Yongcheng Qi,yqi,STAT 3611
1265,UMNDL,UMNDL,STAT,3611,001,"Intro Probability, Statistics",C-,4,Yongcheng Qi,yqi,STAT 3611
1265,UMNDL,UMNDL,STAT,3611,001,"Intro Probability, Statistics",D+,1,Yongcheng Qi,yqi,STAT 3611
1265,UMNDL,UMNDL,STAT,3611,001,"Intro Probability, Statistics",F,1,Yongcheng Qi,yqi,STAT 3611
1265,UMNDL,UMNDL,STAT,3611,001,"Intro Probability, Statistics",W,6,Yongcheng Qi,yqi,STAT 3611
1265,UMNTC,UMNTC,STAT,4051,002,Statistical Machine Learning I,A,8,HJ Koo,,STAT 4051
1265,UMNTC,UMNTC,STAT,4051,002,Statistical Machine Learning I,B,1,HJ Koo,,STAT 4051
1265,UMNTC,UMNTC,STAT,4051,002,Statistical Machine Learning I,B-,1,HJ Koo,,STAT 4051
1265,UMNTC,UMNTC,STAT,4051,002,Statistical Machine Learning I,C-,1,HJ Koo,,STAT 4051
1265,UMNTC,UMNTC,STAT,5101,002,Theory of Statistics I,A,12,Xieheng Wang,wan01626,STAT 5101
1265,UMNTC,UMNTC,STAT,5101,002,Theory of Statistics I,A-,3,Xieheng Wang,wan01626,STAT 5101
1265,UMNTC,UMNTC,STAT,5101,002,Theory of Statistics I,B+,1,Xieheng Wang,wan01626,STAT 5101
1265,UMNTC,UMNTC,STAT,5101,002,Theory of Statistics I,C+,1,Xieheng Wang,wan01626,STAT 5101
1265,UMNTC,UMNTC,STAT,5101,002,Theory of Statistics I,C-,2,Xieheng Wang,wan01626,STAT 5101
1265,UMNTC,UMNTC,STAT,5101,884,Theory of Statistics I,A,8,Kazeem Adepoju,kadepoju,STAT 5101
1265,UMNTC,UMNTC,STAT,5101,884,Theory of Statistics I,A-,3,Kazeem Adepoju,kadepoju,STAT 5101
1265,UMNTC,UMNTC,STAT,5101,884,Theory of Statistics I,B,1,Kazeem Adepoju,kadepoju,STAT 5101
1265,UMNTC,UMNTC,STAT,5101,884,Theory of Statistics I,B+,1,Kazeem Adepoju,kadepoju,STAT 5101
1265,UMNDL,UMNDL,SW,1210,050,Global Issues,A,12,Taylor McClung,mcclu278,SW 1210
1265,UMNDL,UMNDL,SW,1210,050,Global Issues,C,1,Taylor McClung,mcclu278,SW 1210
1265,UMNDL,UMNDL,SW,1210,050,Global Issues,C+,1,Taylor McClung,mcclu278,SW 1210
1265,UMNDL,UMNDL,SW,1210,050,Global Issues,C-,1,Taylor McClung,mcclu278,SW 1210
1265,UMNDL,UMNDL,SW,1210,050,Global Issues,F,1,Taylor McClung,mcclu278,SW 1210
1265,UMNDL,UMNDL,SW,1619,050,"Race, Class, Gender in U.S.",A,15,Abel Knochel,aknochel,SW 1619
1265,UMNDL,UMNDL,SW,1619,050,"Race, Class, Gender in U.S.",A-,3,Abel Knochel,aknochel,SW 1619
1265,UMNDL,UMNDL,SW,1619,050,"Race, Class, Gender in U.S.",B+,4,Abel Knochel,aknochel,SW 1619
1265,UMNDL,UMNDL,SW,5144,050,"Grief, Loss and Coping",A,11,Nomi Ostrander,nomi,SW 5144
1265,UMNDL,UMNDL,SW,5144,050,"Grief, Loss and Coping",B-,1,Nomi Ostrander,nomi,SW 5144
1265,UMNTC,UMNTC,SW,5201,001,Substance Use and COD,A,14,Julie Rohovit,rohov001,SW 5201
1265,UMNTC,UMNTC,SW,5201,001,Substance Use and COD,B+,2,Julie Rohovit,rohov001,SW 5201
1265,UMNDL,UMNDL,SW,5215,050,Trauma Informed Practice,A,4,Anthony Banks,abanks,SW 5215
1265,UMNDL,UMNDL,SW,5215,050,Trauma Informed Practice,A-,2,Anthony Banks,abanks,SW 5215
1265,UMNDL,UMNDL,SW,5215,050,Trauma Informed Practice,B+,1,Anthony Banks,abanks,SW 5215
1265,UMNDL,UMNDL,SW,5215,050,Trauma Informed Practice,B-,1,Anthony Banks,abanks,SW 5215
1265,UMNDL,UMNDL,SW,5215,050,Trauma Informed Practice,C,1,Anthony Banks,abanks,SW 5215
1265,UMNDL,UMNDL,SW,5215,050,Trauma Informed Practice,C+,1,Anthony Banks,abanks,SW 5215
1265,UMNDL,UMNDL,SW,5215,050,Trauma Informed Practice,F,2,Anthony Banks,abanks,SW 5215
1265,UMNTC,UMNTC,SW,5913,001,Wrkg Immigrant Populations,A,11,Katrina Cisneros,cisne059,SW 5913
1265,UMNTC,UMNTC,SW,5913,001,Wrkg Immigrant Populations,A-,1,Katrina Cisneros,cisne059,SW 5913
1265,UMNDL,UMNDL,SW,8102,030,Advanced Research,A,21,Jonathan Phillips,phil0309,SW 8102
1265,UMNDL,UMNDL,SW,8102,030,Advanced Research,A-,1,Jonathan Phillips,phil0309,SW 8102
1265,UMNDL,UMNDL,SW,8102,030,Advanced Research,B,1,Jonathan Phillips,phil0309,SW 8102
1265,UMNDL,UMNDL,SW,8102,030,Advanced Research,B+,1,Jonathan Phillips,phil0309,SW 8102
1265,UMNDL,UMNDL,SW,8102,030,Advanced Research,F,1,Jonathan Phillips,phil0309,SW 8102
1265,UMNTC,UMNTC,SW,8451,001,Assess Engage Clin SW Pract,A,25,Jill Stiber,stibe001,SW 8451
1265,UMNTC,UMNTC,SW,8451,001,Assess Engage Clin SW Pract,A-,5,Jill Stiber,stibe001,SW 8451
1265,UMNTC,UMNTC,SW,8451,001,Assess Engage Clin SW Pract,B+,1,Jill Stiber,stibe001,SW 8451
1265,UMNTC,UMNTC,SW,8821,001,"SW & Differ, Divers & Privil",A,19,Tysen Tyson,,SW 8821
1265,UMNTC,UMNTC,SW,8821,001,"SW & Differ, Divers & Privil",A-,3,Tysen Tyson,,SW 8821
1265,UMNTC,UMNTC,SW,8821,002,"SW & Differ, Divers & Privil",A,9,Albertine Shain,shain018,SW 8821
1265,UMNTC,UMNTC,SW,8821,002,"SW & Differ, Divers & Privil",B+,1,Albertine Shain,shain018,SW 8821
1265,UMNTC,UMNTC,SW,8842,001,Adv SW Eval,A,10,Mimi Choy-Brown,mchoybro,SW 8842
1265,UMNTC,UMNTC,SW,8842,001,Adv SW Eval,A-,3,Mimi Choy-Brown,mchoybro,SW 8842
1265,UMNTC,UMNTC,SW,8842,001,Adv SW Eval,B,1,Mimi Choy-Brown,mchoybro,SW 8842
1265,UMNTC,UMNTC,SW,8842,001,Adv SW Eval,B+,2,Mimi Choy-Brown,mchoybro,SW 8842
1265,UMNTC,UMNTC,TLDO,3044,500,Medical Spanish,A,6,Unknown Instructor,,TLDO 3044
1265,UMNTC,UMNTC,TLDO,3044,500,Medical Spanish,A-,1,Unknown Instructor,,TLDO 3044
1265,UMNTC,UMNTC,TLDO,3044,500,Medical Spanish,B+,3,Unknown Instructor,,TLDO 3044
1265,UMNTC,UMNTC,TLDO,3895,500,Health Internship,A,14,Unknown Instructor,,TLDO 3895
1265,UMNTC,UMNTC,TLDO,3895,500,Health Internship,A-,1,Unknown Instructor,,TLDO 3895
1265,UMNTC,UMNTC,VBS,2032,002,General Microbiology w/Lab,A,10,Dawn Foster Hartnett,dmfoster,VBS 2032
1265,UMNTC,UMNTC,VBS,2032,002,General Microbiology w/Lab,A-,5,Dawn Foster Hartnett,dmfoster,VBS 2032
1265,UMNTC,UMNTC,VBS,2032,002,General Microbiology w/Lab,B,4,Dawn Foster Hartnett,dmfoster,VBS 2032
1265,UMNTC,UMNTC,VBS,2032,002,General Microbiology w/Lab,B+,3,Dawn Foster Hartnett,dmfoster,VBS 2032
1265,UMNTC,UMNTC,VBS,2032,002,General Microbiology w/Lab,B-,2,Dawn Foster Hartnett,dmfoster,VBS 2032
1265,UMNTC,UMNTC,VBS,2032,002,General Microbiology w/Lab,C+,4,Dawn Foster Hartnett,dmfoster,VBS 2032
1265,UMNTC,UMNTC,VBS,2032,002,General Microbiology w/Lab,C-,3,Dawn Foster Hartnett,dmfoster,VBS 2032
1265,UMNTC,UMNTC,VBS,2032,002,General Microbiology w/Lab,D,2,Dawn Foster Hartnett,dmfoster,VBS 2032
1265,UMNTC,UMNTC,VBS,2032,002,General Microbiology w/Lab,W,1,Dawn Foster Hartnett,dmfoster,VBS 2032
1265,UMNDL,UMNDL,WRIT,1120,080,College Writing,A,7,Gwen Skar,gskar,WRIT 1120
1265,UMNDL,UMNDL,WRIT,1120,080,College Writing,A-,3,Gwen Skar,gskar,WRIT 1120
1265,UMNDL,UMNDL,WRIT,1120,080,College Writing,B,1,Gwen Skar,gskar,WRIT 1120
1265,UMNDL,UMNDL,WRIT,1120,080,College Writing,B+,4,Gwen Skar,gskar,WRIT 1120
1265,UMNDL,UMNDL,WRIT,1120,080,College Writing,B-,2,Gwen Skar,gskar,WRIT 1120
1265,UMNDL,UMNDL,WRIT,1120,080,College Writing,D,1,Gwen Skar,gskar,WRIT 1120
1265,UMNDL,UMNDL,WRIT,1120,080,College Writing,F,4,Gwen Skar,gskar,WRIT 1120
1265,UMNDL,UMNDL,WRIT,1120,081,College Writing,A,6,Kendra Carlson,kmcarlso,WRIT 1120
1265,UMNDL,UMNDL,WRIT,1120,081,College Writing,A-,3,Kendra Carlson,kmcarlso,WRIT 1120
1265,UMNDL,UMNDL,WRIT,1120,081,College Writing,C,3,Kendra Carlson,kmcarlso,WRIT 1120
1265,UMNDL,UMNDL,WRIT,1120,081,College Writing,F,7,Kendra Carlson,kmcarlso,WRIT 1120
1265,UMNTC,UMNTC,WRIT,1301,001,University Writing,A,6,Ian Power-Luetscher,powe0313,WRIT 1301
1265,UMNTC,UMNTC,WRIT,1301,001,University Writing,A-,2,Ian Power-Luetscher,powe0313,WRIT 1301
1265,UMNTC,UMNTC,WRIT,1301,001,University Writing,B,1,Ian Power-Luetscher,powe0313,WRIT 1301
1265,UMNTC,UMNTC,WRIT,1301,001,University Writing,B+,2,Ian Power-Luetscher,powe0313,WRIT 1301
1265,UMNTC,UMNTC,WRIT,1301,001,University Writing,B-,1,Ian Power-Luetscher,powe0313,WRIT 1301
1265,UMNTC,UMNTC,WRIT,1301,001,University Writing,C-,1,Ian Power-Luetscher,powe0313,WRIT 1301
1265,UMNTC,UMNTC,WRIT,1301,001,University Writing,F,1,Ian Power-Luetscher,powe0313,WRIT 1301
1265,UMNTC,UMNTC,WRIT,1301,001,University Writing,W,2,Ian Power-Luetscher,powe0313,WRIT 1301
1265,UMNTC,UMNTC,WRIT,1301,002,University Writing,A,8,William Christian,christiw,WRIT 1301
1265,UMNTC,UMNTC,WRIT,1301,002,University Writing,A-,1,William Christian,christiw,WRIT 1301
1265,UMNTC,UMNTC,WRIT,1301,002,University Writing,B+,2,William Christian,christiw,WRIT 1301
1265,UMNTC,UMNTC,WRIT,1301,002,University Writing,F,2,William Christian,christiw,WRIT 1301
1265,UMNTC,UMNTC,WRIT,1301,002,University Writing,W,2,William Christian,christiw,WRIT 1301
1265,UMNTC,UMNTC,WRIT,1301,003,University Writing,A-,1,Kimberley Strain,strai004,WRIT 1301
1265,UMNTC,UMNTC,WRIT,1301,003,University Writing,B,1,Kimberley Strain,strai004,WRIT 1301
1265,UMNTC,UMNTC,WRIT,1301,003,University Writing,C,1,Kimberley Strain,strai004,WRIT 1301
1265,UMNTC,UMNTC,WRIT,1301,003,University Writing,C+,1,Kimberley Strain,strai004,WRIT 1301
1265,UMNTC,UMNTC,WRIT,1301,003,University Writing,F,3,Kimberley Strain,strai004,WRIT 1301
1265,UMNTC,UMNTC,WRIT,1301,003,University Writing,W,3,Kimberley Strain,strai004,WRIT 1301
1265,UMNTC,UMNTC,WRIT,1301,004,University Writing,A,4,Hanan Saadi,saadi008,WRIT 1301
1265,UMNTC,UMNTC,WRIT,1301,004,University Writing,A-,2,Hanan Saadi,saadi008,WRIT 1301
1265,UMNTC,UMNTC,WRIT,1301,004,University Writing,B,2,Hanan Saadi,saadi008,WRIT 1301
1265,UMNTC,UMNTC,WRIT,1301,004,University Writing,B-,1,Hanan Saadi,saadi008,WRIT 1301
1265,UMNTC,UMNTC,WRIT,1301,004,University Writing,C,1,Hanan Saadi,saadi008,WRIT 1301
1265,UMNTC,UMNTC,WRIT,1301,004,University Writing,F,1,Hanan Saadi,saadi008,WRIT 1301
1265,UMNTC,UMNTC,WRIT,1301,004,University Writing,W,2,Hanan Saadi,saadi008,WRIT 1301
1265,UMNTC,UMNTC,WRIT,1301,005,University Writing,A,4,Dylan Reynolds,reyno656,WRIT 1301
1265,UMNTC,UMNTC,WRIT,1301,005,University Writing,A-,3,Dylan Reynolds,reyno656,WRIT 1301
1265,UMNTC,UMNTC,WRIT,1301,005,University Writing,B+,1,Dylan Reynolds,reyno656,WRIT 1301
1265,UMNTC,UMNTC,WRIT,1301,005,University Writing,B-,1,Dylan Reynolds,reyno656,WRIT 1301
1265,UMNTC,UMNTC,WRIT,1301,005,University Writing,C,1,Dylan Reynolds,reyno656,WRIT 1301
1265,UMNTC,UMNTC,WRIT,1301,005,University Writing,F,1,Dylan Reynolds,reyno656,WRIT 1301
1265,UMNTC,UMNTC,WRIT,1301,005,University Writing,W,1,Dylan Reynolds,reyno656,WRIT 1301
1265,UMNTC,UMNTC,WRIT,1301,006,University Writing,A,11,Nen Ramirez,ramir506,WRIT 1301
1265,UMNTC,UMNTC,WRIT,1301,006,University Writing,A-,3,Nen Ramirez,ramir506,WRIT 1301
1265,UMNTC,UMNTC,WRIT,1301,006,University Writing,F,1,Nen Ramirez,ramir506,WRIT 1301
1265,UMNTC,UMNTC,WRIT,3029W,001,Business and Prof.  Writing,A,13,Michael Hessel-Mial,hesse072,WRIT 3029W
1265,UMNTC,UMNTC,WRIT,3029W,001,Business and Prof.  Writing,A-,1,Michael Hessel-Mial,hesse072,WRIT 3029W
1265,UMNTC,UMNTC,WRIT,3029W,001,Business and Prof.  Writing,B,1,Michael Hessel-Mial,hesse072,WRIT 3029W
1265,UMNTC,UMNTC,WRIT,3029W,001,Business and Prof.  Writing,B+,1,Michael Hessel-Mial,hesse072,WRIT 3029W
1265,UMNTC,UMNTC,WRIT,3029W,001,Business and Prof.  Writing,B-,1,Michael Hessel-Mial,hesse072,WRIT 3029W
1265,UMNTC,UMNTC,WRIT,3029W,001,Business and Prof.  Writing,C+,1,Michael Hessel-Mial,hesse072,WRIT 3029W
1265,UMNTC,UMNTC,WRIT,3029W,001,Business and Prof.  Writing,C-,1,Michael Hessel-Mial,hesse072,WRIT 3029W
1265,UMNTC,UMNTC,WRIT,3029W,001,Business and Prof.  Writing,F,1,Michael Hessel-Mial,hesse072,WRIT 3029W
1265,UMNTC,UMNTC,WRIT,3029W,002,Business and Prof.  Writing,A,16,Brigitte Mussack,muss0039,WRIT 3029W
1265,UMNTC,UMNTC,WRIT,3029W,002,Business and Prof.  Writing,B,1,Brigitte Mussack,muss0039,WRIT 3029W
1265,UMNTC,UMNTC,WRIT,3029W,002,Business and Prof.  Writing,B+,1,Brigitte Mussack,muss0039,WRIT 3029W
1265,UMNTC,UMNTC,WRIT,3029W,002,Business and Prof.  Writing,C+,2,Brigitte Mussack,muss0039,WRIT 3029W
1265,UMNTC,UMNTC,WRIT,3029W,002,Business and Prof.  Writing,F,1,Brigitte Mussack,muss0039,WRIT 3029W
1265,UMNDL,UMNDL,WRIT,3110,080,Adv Writing: Arts and Letters,A,13,Lisa Horton,lhorton,WRIT 3110
1265,UMNDL,UMNDL,WRIT,3110,080,Adv Writing: Arts and Letters,A-,2,Lisa Horton,lhorton,WRIT 3110
1265,UMNDL,UMNDL,WRIT,3110,080,Adv Writing: Arts and Letters,B,2,Lisa Horton,lhorton,WRIT 3110
1265,UMNDL,UMNDL,WRIT,3110,080,Adv Writing: Arts and Letters,C+,1,Lisa Horton,lhorton,WRIT 3110
1265,UMNDL,UMNDL,WRIT,3110,080,Adv Writing: Arts and Letters,F,3,Lisa Horton,lhorton,WRIT 3110
1265,UMNDL,UMNDL,WRIT,3121,080,Adv Writ: Business & Org,A,4,Sara Sowers-Wills,sowe0034,WRIT 3121
1265,UMNDL,UMNDL,WRIT,3121,080,Adv Writ: Business & Org,A-,2,Sara Sowers-Wills,sowe0034,WRIT 3121
1265,UMNDL,UMNDL,WRIT,3121,080,Adv Writ: Business & Org,B,4,Sara Sowers-Wills,sowe0034,WRIT 3121
1265,UMNDL,UMNDL,WRIT,3121,080,Adv Writ: Business & Org,B+,3,Sara Sowers-Wills,sowe0034,WRIT 3121
1265,UMNDL,UMNDL,WRIT,3121,080,Adv Writ: Business & Org,B-,1,Sara Sowers-Wills,sowe0034,WRIT 3121
1265,UMNDL,UMNDL,WRIT,3121,080,Adv Writ: Business & Org,C+,1,Sara Sowers-Wills,sowe0034,WRIT 3121
1265,UMNDL,UMNDL,WRIT,3121,080,Adv Writ: Business & Org,D,1,Sara Sowers-Wills,sowe0034,WRIT 3121
1265,UMNDL,UMNDL,WRIT,3121,080,Adv Writ: Business & Org,F,1,Sara Sowers-Wills,sowe0034,WRIT 3121
1265,UMNDL,UMNDL,WRIT,3121,080,Adv Writ: Business & Org,W,1,Sara Sowers-Wills,sowe0034,WRIT 3121
1265,UMNDL,UMNDL,WRIT,3130,080,Adv Writ: Engineering,A,16,Faith King,kingfv,WRIT 3130
1265,UMNDL,UMNDL,WRIT,3130,080,Adv Writ: Engineering,B-,1,Faith King,kingfv,WRIT 3130
1265,UMNDL,UMNDL,WRIT,3130,080,Adv Writ: Engineering,C,1,Faith King,kingfv,WRIT 3130
1265,UMNDL,UMNDL,WRIT,3130,080,Adv Writ: Engineering,C+,1,Faith King,kingfv,WRIT 3130
1265,UMNDL,UMNDL,WRIT,3130,080,Adv Writ: Engineering,W,1,Faith King,kingfv,WRIT 3130
1265,UMNDL,UMNDL,WRIT,3130,081,Adv Writ: Engineering,A,9,David Beard,dbeard,WRIT 3130
1265,UMNDL,UMNDL,WRIT,3130,081,Adv Writ: Engineering,B,1,David Beard,dbeard,WRIT 3130
1265,UMNDL,UMNDL,WRIT,3130,081,Adv Writ: Engineering,C,1,David Beard,dbeard,WRIT 3130
1265,UMNDL,UMNDL,WRIT,3130,081,Adv Writ: Engineering,F,1,David Beard,dbeard,WRIT 3130
1265,UMNDL,UMNDL,WRIT,3140,080,Adv Writ: Human Services,A,13,Scott Ditzler,ditzl019,WRIT 3140
1265,UMNDL,UMNDL,WRIT,3140,080,Adv Writ: Human Services,B,1,Scott Ditzler,ditzl019,WRIT 3140
1265,UMNDL,UMNDL,WRIT,3140,080,Adv Writ: Human Services,B+,2,Scott Ditzler,ditzl019,WRIT 3140
1265,UMNDL,UMNDL,WRIT,3140,080,Adv Writ: Human Services,D,1,Scott Ditzler,ditzl019,WRIT 3140
1265,UMNDL,UMNDL,WRIT,3140,080,Adv Writ: Human Services,F,3,Scott Ditzler,ditzl019,WRIT 3140
1265,UMNDL,UMNDL,WRIT,3140,080,Adv Writ: Human Services,W,2,Scott Ditzler,ditzl019,WRIT 3140
1265,UMNDL,UMNDL,WRIT,3150,080,Adv Writ: Science,A,11,Rebecca Boyle,rjboyle,WRIT 3150
1265,UMNDL,UMNDL,WRIT,3150,080,Adv Writ: Science,A-,2,Rebecca Boyle,rjboyle,WRIT 3150
1265,UMNDL,UMNDL,WRIT,3150,080,Adv Writ: Science,B,2,Rebecca Boyle,rjboyle,WRIT 3150
1265,UMNDL,UMNDL,WRIT,3150,080,Adv Writ: Science,B+,2,Rebecca Boyle,rjboyle,WRIT 3150
1265,UMNDL,UMNDL,WRIT,3150,080,Adv Writ: Science,F,2,Rebecca Boyle,rjboyle,WRIT 3150
1265,UMNDL,UMNDL,WRIT,3150,081,Adv Writ: Science,A-,3,John Teschner,jteschne,WRIT 3150
1265,UMNDL,UMNDL,WRIT,3150,081,Adv Writ: Science,B,1,John Teschner,jteschne,WRIT 3150
1265,UMNDL,UMNDL,WRIT,3150,081,Adv Writ: Science,C,1,John Teschner,jteschne,WRIT 3150
1265,UMNDL,UMNDL,WRIT,3150,081,Adv Writ: Science,C+,1,John Teschner,jteschne,WRIT 3150
1265,UMNDL,UMNDL,WRIT,3150,081,Adv Writ: Science,C-,3,John Teschner,jteschne,WRIT 3150
1265,UMNDL,UMNDL,WRIT,3150,081,Adv Writ: Science,F,5,John Teschner,jteschne,WRIT 3150
1265,UMNDL,UMNDL,WRIT,3160,080,Adv Writ: Social Sciences,A,9,Burke Scarbrough,bscarbro,WRIT 3160
1265,UMNDL,UMNDL,WRIT,3160,080,Adv Writ: Social Sciences,B,2,Burke Scarbrough,bscarbro,WRIT 3160
1265,UMNDL,UMNDL,WRIT,3160,080,Adv Writ: Social Sciences,C,2,Burke Scarbrough,bscarbro,WRIT 3160
1265,UMNDL,UMNDL,WRIT,3160,080,Adv Writ: Social Sciences,C-,1,Burke Scarbrough,bscarbro,WRIT 3160
1265,UMNDL,UMNDL,WRIT,3160,080,Adv Writ: Social Sciences,D+,1,Burke Scarbrough,bscarbro,WRIT 3160
1265,UMNDL,UMNDL,WRIT,3160,080,Adv Writ: Social Sciences,F,5,Burke Scarbrough,bscarbro,WRIT 3160
1265,UMNDL,UMNDL,WRIT,3160,080,Adv Writ: Social Sciences,W,2,Burke Scarbrough,bscarbro,WRIT 3160
1265,UMNCR,UMNCR,WRIT,3303,E90,Writing in Your Profession,A,16,Paul Kratwell,kratw031,WRIT 3303
1265,UMNCR,UMNCR,WRIT,3303,E90,Writing in Your Profession,A-,1,Paul Kratwell,kratw031,WRIT 3303
1265,UMNCR,UMNCR,WRIT,3303,E90,Writing in Your Profession,B,2,Paul Kratwell,kratw031,WRIT 3303
1265,UMNCR,UMNCR,WRIT,3303,E90,Writing in Your Profession,C,2,Paul Kratwell,kratw031,WRIT 3303
1265,UMNCR,UMNCR,WRIT,3303,E90,Writing in Your Profession,D+,1,Paul Kratwell,kratw031,WRIT 3303
1265,UMNCR,UMNCR,WRIT,3303,E90,Writing in Your Profession,F,1,Paul Kratwell,kratw031,WRIT 3303
1265,UMNCR,UMNCR,WRIT,3303,E90,Writing in Your Profession,W,2,Paul Kratwell,kratw031,WRIT 3303
1265,UMNTC,UMNTC,WRIT,3562W,001,Tech & Professional Writing,A,11,Capper Nichols,nicho008,WRIT 3562W
1265,UMNTC,UMNTC,WRIT,3562W,001,Tech & Professional Writing,B,4,Capper Nichols,nicho008,WRIT 3562W
1265,UMNTC,UMNTC,WRIT,3562W,001,Tech & Professional Writing,B-,1,Capper Nichols,nicho008,WRIT 3562W
1265,UMNTC,UMNTC,WRIT,3562W,001,Tech & Professional Writing,C,2,Capper Nichols,nicho008,WRIT 3562W
1265,UMNTC,UMNTC,WRIT,3562W,001,Tech & Professional Writing,C-,1,Capper Nichols,nicho008,WRIT 3562W
1265,UMNTC,UMNTC,WRIT,3562W,001,Tech & Professional Writing,F,1,Capper Nichols,nicho008,WRIT 3562W
1265,UMNTC,UMNTC,WRIT,3562W,001,Tech & Professional Writing,W,1,Capper Nichols,nicho008,WRIT 3562W
1265,UMNTC,UMNTC,WRIT,3562W,002,Tech & Professional Writing,A,5,Joe Moses,moses004,WRIT 3562W
1265,UMNTC,UMNTC,WRIT,3562W,002,Tech & Professional Writing,A-,2,Joe Moses,moses004,WRIT 3562W
1265,UMNTC,UMNTC,WRIT,3562W,002,Tech & Professional Writing,B,3,Joe Moses,moses004,WRIT 3562W
1265,UMNTC,UMNTC,WRIT,3562W,002,Tech & Professional Writing,B+,1,Joe Moses,moses004,WRIT 3562W
1265,UMNTC,UMNTC,WRIT,3562W,002,Tech & Professional Writing,D,1,Joe Moses,moses004,WRIT 3562W
1265,UMNTC,UMNTC,WRIT,3562W,002,Tech & Professional Writing,F,6,Joe Moses,moses004,WRIT 3562W
1265,UMNTC,UMNTC,WRIT,3562W,002,Tech & Professional Writing,W,2,Joe Moses,moses004,WRIT 3562W
1265,UMNTC,UMNTC,WRIT,3562W,003,Tech & Professional Writing,A,15,Vanessa R. Gonzalez,ramos328,WRIT 3562W
1265,UMNTC,UMNTC,WRIT,3562W,003,Tech & Professional Writing,A-,2,Vanessa R. Gonzalez,ramos328,WRIT 3562W
1265,UMNTC,UMNTC,WRIT,3562W,003,Tech & Professional Writing,C-,1,Vanessa R. Gonzalez,ramos328,WRIT 3562W
1265,UMNTC,UMNTC,WRIT,3562W,003,Tech & Professional Writing,F,2,Vanessa R. Gonzalez,ramos328,WRIT 3562W
1265,UMNTC,UMNTC,WRIT,3562W,004,Tech & Professional Writing,A,12,Curtis Ladrillo Chamblee,chamb726,WRIT 3562W
1265,UMNTC,UMNTC,WRIT,3562W,004,Tech & Professional Writing,B,1,Curtis Ladrillo Chamblee,chamb726,WRIT 3562W
1265,UMNTC,UMNTC,WRIT,3562W,004,Tech & Professional Writing,C,3,Curtis Ladrillo Chamblee,chamb726,WRIT 3562W
1265,UMNTC,UMNTC,WRIT,3562W,004,Tech & Professional Writing,F,4,Curtis Ladrillo Chamblee,chamb726,WRIT 3562W
1265,UMNTC,UMNTC,WRIT,3562W,004,Tech & Professional Writing,W,2,Curtis Ladrillo Chamblee,chamb726,WRIT 3562W
1265,UMNTC,UMNTC,WRIT,3562W,005,Tech & Professional Writing,A,9,Sara Beam,beam0053,WRIT 3562W
1265,UMNTC,UMNTC,WRIT,3562W,005,Tech & Professional Writing,A-,5,Sara Beam,beam0053,WRIT 3562W
1265,UMNTC,UMNTC,WRIT,3562W,005,Tech & Professional Writing,B,1,Sara Beam,beam0053,WRIT 3562W
1265,UMNTC,UMNTC,WRIT,3562W,005,Tech & Professional Writing,B+,1,Sara Beam,beam0053,WRIT 3562W
1265,UMNTC,UMNTC,WRIT,3562W,005,Tech & Professional Writing,C-,1,Sara Beam,beam0053,WRIT 3562W
1265,UMNTC,UMNTC,WRIT,3562W,005,Tech & Professional Writing,F,3,Sara Beam,beam0053,WRIT 3562W
1265,UMNTC,UMNTC,WRIT,3562W,005,Tech & Professional Writing,W,1,Sara Beam,beam0053,WRIT 3562W
1265,UMNTC,UMNTC,WRIT,3562W,006,Tech & Professional Writing,A,6,Rebecca Jurisz,juri0010,WRIT 3562W
1265,UMNTC,UMNTC,WRIT,3562W,006,Tech & Professional Writing,A-,2,Rebecca Jurisz,juri0010,WRIT 3562W
1265,UMNTC,UMNTC,WRIT,3562W,006,Tech & Professional Writing,B,3,Rebecca Jurisz,juri0010,WRIT 3562W
1265,UMNTC,UMNTC,WRIT,3562W,006,Tech & Professional Writing,B+,2,Rebecca Jurisz,juri0010,WRIT 3562W
1265,UMNTC,UMNTC,WRIT,3562W,006,Tech & Professional Writing,B-,2,Rebecca Jurisz,juri0010,WRIT 3562W
1265,UMNTC,UMNTC,WRIT,3562W,006,Tech & Professional Writing,C+,1,Rebecca Jurisz,juri0010,WRIT 3562W
1265,UMNTC,UMNTC,WRIT,3562W,006,Tech & Professional Writing,C-,1,Rebecca Jurisz,juri0010,WRIT 3562W
1265,UMNTC,UMNTC,WRIT,3562W,006,Tech & Professional Writing,D,1,Rebecca Jurisz,juri0010,WRIT 3562W
1265,UMNTC,UMNTC,WRIT,3562W,006,Tech & Professional Writing,W,3,Rebecca Jurisz,juri0010,WRIT 3562W
1265,UMNTC,UMNTC,WRIT,3562W,007,Tech & Professional Writing,A,17,Yasmine Telwana,telwa002,WRIT 3562W
1265,UMNTC,UMNTC,WRIT,3562W,007,Tech & Professional Writing,A-,2,Yasmine Telwana,telwa002,WRIT 3562W
1265,UMNTC,UMNTC,WRIT,3562W,007,Tech & Professional Writing,B,1,Yasmine Telwana,telwa002,WRIT 3562W
1265,UMNTC,UMNTC,WRIT,3562W,007,Tech & Professional Writing,W,2,Yasmine Telwana,telwa002,WRIT 3562W
1265,UMNTC,UMNTC,YOST,1366,001,Stories of Resistance & Change,A,8,Molly Rojas Collins,colli038,YOST 1366
1265,UMNTC,UMNTC,YOST,1366,001,Stories of Resistance & Change,A-,1,Molly Rojas Collins,colli038,YOST 1366
1265,UMNTC,UMNTC,YOST,1366,001,Stories of Resistance & Change,B+,2,Molly Rojas Collins,colli038,YOST 1366
1265,UMNTC,UMNTC,YOST,1366,001,Stories of Resistance & Change,C,1,Molly Rojas Collins,colli038,YOST 1366
1265,UMNTC,UMNTC,YOST,1366,001,Stories of Resistance & Change,C-,1,Molly Rojas Collins,colli038,YOST 1366
1265,UMNTC,UMNTC,YOST,1366,001,Stories of Resistance & Change,F,1,Molly Rojas Collins,colli038,YOST 1366
1265,UMNTC,UMNTC,YOST,1366,001,Stories of Resistance & Change,S,2,Molly Rojas Collins,colli038,YOST 1366
1265,UMNTC,UMNTC,YOST,1368W,001,Youth Global Perspectives,A,7,K.C. Harrison,kharriso,YOST 1368W
1265,UMNTC,UMNTC,YOST,1368W,001,Youth Global Perspectives,A-,2,K.C. Harrison,kharriso,YOST 1368W
1265,UMNTC,UMNTC,YOST,1368W,001,Youth Global Perspectives,B,1,K.C. Harrison,kharriso,YOST 1368W
1265,UMNTC,UMNTC,YOST,1368W,001,Youth Global Perspectives,B+,2,K.C. Harrison,kharriso,YOST 1368W
1265,UMNTC,UMNTC,YOST,1368W,001,Youth Global Perspectives,B-,1,K.C. Harrison,kharriso,YOST 1368W
1265,UMNTC,UMNTC,YOST,1368W,001,Youth Global Perspectives,C,1,K.C. Harrison,kharriso,YOST 1368W
1265,UMNTC,UMNTC,YOST,1368W,001,Youth Global Perspectives,C-,3,K.C. Harrison,kharriso,YOST 1368W
1265,UMNTC,UMNTC,YOST,1368W,001,Youth Global Perspectives,F,3,K.C. Harrison,kharriso,YOST 1368W
1265,UMNTC,UMNTC,YOST,1368W,001,Youth Global Perspectives,S,1,K.C. Harrison,kharriso,YOST 1368W
