TERM,TERM_DESCR,INSTITUTION,CAMPUS,SUBJECT,CATALOG_NBR,CLASS_SECTION,DESCR,CRSE_GRADE_OFF,CLASS_HDCNT,GRADE_HDCNT,INSTR_ROLE,NAME,JOBCODE_DESCR,INTERNET_ID
1265,Sum 2026,UMNTC,UMNTC,AAS,3251W,001,"Race, Class, and Gender",A,11,6,PI,"Sremac,Nikoleta",,
1265,Sum 2026,UMNTC,UMNTC,AAS,3251W,001,"Race, Class, and Gender",A-,11,1,PI,"Sremac,Nikoleta",,
1265,Sum 2026,UMNTC,UMNTC,AAS,3251W,001,"Race, Class, and Gender",B,11,2,PI,"Sremac,Nikoleta",,
1265,Sum 2026,UMNTC,UMNTC,AAS,3251W,001,"Race, Class, and Gender",C,11,1,PI,"Sremac,Nikoleta",,
1265,Sum 2026,UMNTC,UMNTC,AAS,3251W,001,"Race, Class, and Gender",W,11,1,PI,"Sremac,Nikoleta",,
1265,Sum 2026,UMNTC,UMNTC,ABUS,3051,301,Career Search for Profl Envt,A,13,5,PI,"Klempka,Carol",Teaching Specialist,cklempka
1265,Sum 2026,UMNTC,UMNTC,ABUS,3051,301,Career Search for Profl Envt,A-,13,1,PI,"Klempka,Carol",Teaching Specialist,cklempka
1265,Sum 2026,UMNTC,UMNTC,ABUS,3051,301,Career Search for Profl Envt,B,13,1,PI,"Klempka,Carol",Teaching Specialist,cklempka
1265,Sum 2026,UMNTC,UMNTC,ABUS,3051,301,Career Search for Profl Envt,B+,13,2,PI,"Klempka,Carol",Teaching Specialist,cklempka
1265,Sum 2026,UMNTC,UMNTC,ABUS,3051,301,Career Search for Profl Envt,C-,13,1,PI,"Klempka,Carol",Teaching Specialist,cklempka
1265,Sum 2026,UMNTC,UMNTC,ABUS,3051,301,Career Search for Profl Envt,F,13,1,PI,"Klempka,Carol",Teaching Specialist,cklempka
1265,Sum 2026,UMNTC,UMNTC,ABUS,3051,301,Career Search for Profl Envt,S,13,1,PI,"Klempka,Carol",Teaching Specialist,cklempka
1265,Sum 2026,UMNTC,UMNTC,ABUS,3051,301,Career Search for Profl Envt,W,13,1,PI,"Klempka,Carol",Teaching Specialist,cklempka
1265,Sum 2026,UMNTC,UMNTC,ABUS,3051,302,Career Search for Profl Envt,B+,10,2,PI,"Marin,Caroline Rose",Teaching Specialist,crmarin
1265,Sum 2026,UMNTC,UMNTC,ABUS,3051,302,Career Search for Profl Envt,B-,10,3,PI,"Marin,Caroline Rose",Teaching Specialist,crmarin
1265,Sum 2026,UMNTC,UMNTC,ABUS,3051,302,Career Search for Profl Envt,C-,10,1,PI,"Marin,Caroline Rose",Teaching Specialist,crmarin
1265,Sum 2026,UMNTC,UMNTC,ABUS,3051,302,Career Search for Profl Envt,D,10,1,PI,"Marin,Caroline Rose",Teaching Specialist,crmarin
1265,Sum 2026,UMNTC,UMNTC,ABUS,3051,302,Career Search for Profl Envt,F,10,1,PI,"Marin,Caroline Rose",Teaching Specialist,crmarin
1265,Sum 2026,UMNTC,UMNTC,ABUS,3051,302,Career Search for Profl Envt,S,10,1,PI,"Marin,Caroline Rose",Teaching Specialist,crmarin
1265,Sum 2026,UMNTC,UMNTC,ABUS,3051,302,Career Search for Profl Envt,W,10,1,PI,"Marin,Caroline Rose",Teaching Specialist,crmarin
1265,Sum 2026,UMNTC,UMNTC,ABUS,3301,301,Intro to Quality Management,A,32,12,PI,"Drake,Karen Marie",Teaching Specialist,lutt0002
1265,Sum 2026,UMNTC,UMNTC,ABUS,3301,301,Intro to Quality Management,A-,32,3,PI,"Drake,Karen Marie",Teaching Specialist,lutt0002
1265,Sum 2026,UMNTC,UMNTC,ABUS,3301,301,Intro to Quality Management,B,32,2,PI,"Drake,Karen Marie",Teaching Specialist,lutt0002
1265,Sum 2026,UMNTC,UMNTC,ABUS,3301,301,Intro to Quality Management,B-,32,3,PI,"Drake,Karen Marie",Teaching Specialist,lutt0002
1265,Sum 2026,UMNTC,UMNTC,ABUS,3301,301,Intro to Quality Management,C,32,4,PI,"Drake,Karen Marie",Teaching Specialist,lutt0002
1265,Sum 2026,UMNTC,UMNTC,ABUS,3301,301,Intro to Quality Management,C+,32,3,PI,"Drake,Karen Marie",Teaching Specialist,lutt0002
1265,Sum 2026,UMNTC,UMNTC,ABUS,3301,301,Intro to Quality Management,F,32,3,PI,"Drake,Karen Marie",Teaching Specialist,lutt0002
1265,Sum 2026,UMNTC,UMNTC,ABUS,3301,301,Intro to Quality Management,W,32,2,PI,"Drake,Karen Marie",Teaching Specialist,lutt0002
1265,Sum 2026,UMNTC,UMNTC,ABUS,4022W,301,Strategic Management & Ldrship,A,28,10,PI,"Goodell,Bradley D",Teaching Specialist,bgoodell
1265,Sum 2026,UMNTC,UMNTC,ABUS,4022W,301,Strategic Management & Ldrship,A-,28,2,PI,"Goodell,Bradley D",Teaching Specialist,bgoodell
1265,Sum 2026,UMNTC,UMNTC,ABUS,4022W,301,Strategic Management & Ldrship,B,28,2,PI,"Goodell,Bradley D",Teaching Specialist,bgoodell
1265,Sum 2026,UMNTC,UMNTC,ABUS,4022W,301,Strategic Management & Ldrship,B+,28,4,PI,"Goodell,Bradley D",Teaching Specialist,bgoodell
1265,Sum 2026,UMNTC,UMNTC,ABUS,4022W,301,Strategic Management & Ldrship,C,28,2,PI,"Goodell,Bradley D",Teaching Specialist,bgoodell
1265,Sum 2026,UMNTC,UMNTC,ABUS,4022W,301,Strategic Management & Ldrship,C+,28,3,PI,"Goodell,Bradley D",Teaching Specialist,bgoodell
1265,Sum 2026,UMNTC,UMNTC,ABUS,4022W,301,Strategic Management & Ldrship,C-,28,1,PI,"Goodell,Bradley D",Teaching Specialist,bgoodell
1265,Sum 2026,UMNTC,UMNTC,ABUS,4022W,301,Strategic Management & Ldrship,F,28,4,PI,"Goodell,Bradley D",Teaching Specialist,bgoodell
1265,Sum 2026,UMNTC,UMNTC,ABUS,4022W,302,Strategic Management & Ldrship,A,19,11,PI,"Giordana,Uriah John",Teaching Specialist,ugiordan
1265,Sum 2026,UMNTC,UMNTC,ABUS,4022W,302,Strategic Management & Ldrship,A-,19,2,PI,"Giordana,Uriah John",Teaching Specialist,ugiordan
1265,Sum 2026,UMNTC,UMNTC,ABUS,4022W,302,Strategic Management & Ldrship,B,19,1,PI,"Giordana,Uriah John",Teaching Specialist,ugiordan
1265,Sum 2026,UMNTC,UMNTC,ABUS,4022W,302,Strategic Management & Ldrship,B+,19,2,PI,"Giordana,Uriah John",Teaching Specialist,ugiordan
1265,Sum 2026,UMNTC,UMNTC,ABUS,4022W,302,Strategic Management & Ldrship,C,19,1,PI,"Giordana,Uriah John",Teaching Specialist,ugiordan
1265,Sum 2026,UMNTC,UMNTC,ABUS,4022W,302,Strategic Management & Ldrship,F,19,2,PI,"Giordana,Uriah John",Teaching Specialist,ugiordan
1265,Sum 2026,UMNTC,UMNTC,ABUS,4023W,301,Communic for Strategic Results,A,28,9,PI,"Goodell,Bradley D",Teaching Specialist,bgoodell
1265,Sum 2026,UMNTC,UMNTC,ABUS,4023W,301,Communic for Strategic Results,A-,28,4,PI,"Goodell,Bradley D",Teaching Specialist,bgoodell
1265,Sum 2026,UMNTC,UMNTC,ABUS,4023W,301,Communic for Strategic Results,B,28,4,PI,"Goodell,Bradley D",Teaching Specialist,bgoodell
1265,Sum 2026,UMNTC,UMNTC,ABUS,4023W,301,Communic for Strategic Results,B+,28,6,PI,"Goodell,Bradley D",Teaching Specialist,bgoodell
1265,Sum 2026,UMNTC,UMNTC,ABUS,4023W,301,Communic for Strategic Results,B-,28,1,PI,"Goodell,Bradley D",Teaching Specialist,bgoodell
1265,Sum 2026,UMNTC,UMNTC,ABUS,4023W,301,Communic for Strategic Results,C,28,1,PI,"Goodell,Bradley D",Teaching Specialist,bgoodell
1265,Sum 2026,UMNTC,UMNTC,ABUS,4023W,301,Communic for Strategic Results,C+,28,1,PI,"Goodell,Bradley D",Teaching Specialist,bgoodell
1265,Sum 2026,UMNTC,UMNTC,ABUS,4023W,301,Communic for Strategic Results,C-,28,1,PI,"Goodell,Bradley D",Teaching Specialist,bgoodell
1265,Sum 2026,UMNTC,UMNTC,ABUS,4023W,301,Communic for Strategic Results,W,28,1,PI,"Goodell,Bradley D",Teaching Specialist,bgoodell
1265,Sum 2026,UMNTC,UMNTC,ABUS,4023W,302,Communic for Strategic Results,A,19,3,PI,"Johnson,Isaac",HR Pro 3 Supv-Generalist,isaacj
1265,Sum 2026,UMNTC,UMNTC,ABUS,4023W,302,Communic for Strategic Results,A-,19,1,PI,"Johnson,Isaac",HR Pro 3 Supv-Generalist,isaacj
1265,Sum 2026,UMNTC,UMNTC,ABUS,4023W,302,Communic for Strategic Results,B,19,5,PI,"Johnson,Isaac",HR Pro 3 Supv-Generalist,isaacj
1265,Sum 2026,UMNTC,UMNTC,ABUS,4023W,302,Communic for Strategic Results,B+,19,1,PI,"Johnson,Isaac",HR Pro 3 Supv-Generalist,isaacj
1265,Sum 2026,UMNTC,UMNTC,ABUS,4023W,302,Communic for Strategic Results,B-,19,1,PI,"Johnson,Isaac",HR Pro 3 Supv-Generalist,isaacj
1265,Sum 2026,UMNTC,UMNTC,ABUS,4023W,302,Communic for Strategic Results,C,19,2,PI,"Johnson,Isaac",HR Pro 3 Supv-Generalist,isaacj
1265,Sum 2026,UMNTC,UMNTC,ABUS,4023W,302,Communic for Strategic Results,C-,19,1,PI,"Johnson,Isaac",HR Pro 3 Supv-Generalist,isaacj
1265,Sum 2026,UMNTC,UMNTC,ABUS,4023W,302,Communic for Strategic Results,F,19,5,PI,"Johnson,Isaac",HR Pro 3 Supv-Generalist,isaacj
1265,Sum 2026,UMNTC,UMNTC,ABUS,4101,301,Accounting&Finance for Mgrs,A,34,6,PI,"O'Fallon,Stacy Ann Marr",Teaching Specialist,sofallon
1265,Sum 2026,UMNTC,UMNTC,ABUS,4101,301,Accounting&Finance for Mgrs,A-,34,2,PI,"O'Fallon,Stacy Ann Marr",Teaching Specialist,sofallon
1265,Sum 2026,UMNTC,UMNTC,ABUS,4101,301,Accounting&Finance for Mgrs,B,34,6,PI,"O'Fallon,Stacy Ann Marr",Teaching Specialist,sofallon
1265,Sum 2026,UMNTC,UMNTC,ABUS,4101,301,Accounting&Finance for Mgrs,B+,34,3,PI,"O'Fallon,Stacy Ann Marr",Teaching Specialist,sofallon
1265,Sum 2026,UMNTC,UMNTC,ABUS,4101,301,Accounting&Finance for Mgrs,B-,34,7,PI,"O'Fallon,Stacy Ann Marr",Teaching Specialist,sofallon
1265,Sum 2026,UMNTC,UMNTC,ABUS,4101,301,Accounting&Finance for Mgrs,C,34,3,PI,"O'Fallon,Stacy Ann Marr",Teaching Specialist,sofallon
1265,Sum 2026,UMNTC,UMNTC,ABUS,4101,301,Accounting&Finance for Mgrs,C+,34,2,PI,"O'Fallon,Stacy Ann Marr",Teaching Specialist,sofallon
1265,Sum 2026,UMNTC,UMNTC,ABUS,4101,301,Accounting&Finance for Mgrs,C-,34,2,PI,"O'Fallon,Stacy Ann Marr",Teaching Specialist,sofallon
1265,Sum 2026,UMNTC,UMNTC,ABUS,4101,301,Accounting&Finance for Mgrs,D,34,1,PI,"O'Fallon,Stacy Ann Marr",Teaching Specialist,sofallon
1265,Sum 2026,UMNTC,UMNTC,ABUS,4101,301,Accounting&Finance for Mgrs,F,34,1,PI,"O'Fallon,Stacy Ann Marr",Teaching Specialist,sofallon
1265,Sum 2026,UMNTC,UMNTC,ABUS,4101,301,Accounting&Finance for Mgrs,W,34,1,PI,"O'Fallon,Stacy Ann Marr",Teaching Specialist,sofallon
1265,Sum 2026,UMNTC,UMNTC,ABUS,4105,301,Authentic Business Leadership,A,16,9,PI,"Klempka,Carol",Teaching Specialist,cklempka
1265,Sum 2026,UMNTC,UMNTC,ABUS,4105,301,Authentic Business Leadership,A-,16,1,PI,"Klempka,Carol",Teaching Specialist,cklempka
1265,Sum 2026,UMNTC,UMNTC,ABUS,4105,301,Authentic Business Leadership,B+,16,2,PI,"Klempka,Carol",Teaching Specialist,cklempka
1265,Sum 2026,UMNTC,UMNTC,ABUS,4105,301,Authentic Business Leadership,C+,16,1,PI,"Klempka,Carol",Teaching Specialist,cklempka
1265,Sum 2026,UMNTC,UMNTC,ABUS,4105,301,Authentic Business Leadership,F,16,2,PI,"Klempka,Carol",Teaching Specialist,cklempka
1265,Sum 2026,UMNTC,UMNTC,ABUS,4105,301,Authentic Business Leadership,W,16,1,PI,"Klempka,Carol",Teaching Specialist,cklempka
1265,Sum 2026,UMNTC,UMNTC,ABUS,4545,301,Mitigating Workplace Bias,A,34,11,PI,"Hampton,Phillip",Teaching Specialist,hamptonp
1265,Sum 2026,UMNTC,UMNTC,ABUS,4545,301,Mitigating Workplace Bias,A-,34,5,PI,"Hampton,Phillip",Teaching Specialist,hamptonp
1265,Sum 2026,UMNTC,UMNTC,ABUS,4545,301,Mitigating Workplace Bias,B,34,5,PI,"Hampton,Phillip",Teaching Specialist,hamptonp
1265,Sum 2026,UMNTC,UMNTC,ABUS,4545,301,Mitigating Workplace Bias,B+,34,4,PI,"Hampton,Phillip",Teaching Specialist,hamptonp
1265,Sum 2026,UMNTC,UMNTC,ABUS,4545,301,Mitigating Workplace Bias,B-,34,2,PI,"Hampton,Phillip",Teaching Specialist,hamptonp
1265,Sum 2026,UMNTC,UMNTC,ABUS,4545,301,Mitigating Workplace Bias,C,34,1,PI,"Hampton,Phillip",Teaching Specialist,hamptonp
1265,Sum 2026,UMNTC,UMNTC,ABUS,4545,301,Mitigating Workplace Bias,C+,34,2,PI,"Hampton,Phillip",Teaching Specialist,hamptonp
1265,Sum 2026,UMNTC,UMNTC,ABUS,4545,301,Mitigating Workplace Bias,C-,34,3,PI,"Hampton,Phillip",Teaching Specialist,hamptonp
1265,Sum 2026,UMNTC,UMNTC,ABUS,4545,301,Mitigating Workplace Bias,D+,34,1,PI,"Hampton,Phillip",Teaching Specialist,hamptonp
1265,Sum 2026,UMNDL,UMNDL,ACCT,2001,001,Principles of Financial Acctg,A,29,6,PI,"Henkel,Erica Sivertson",Instructor,ehenkel
1265,Sum 2026,UMNDL,UMNDL,ACCT,2001,001,Principles of Financial Acctg,B,29,5,PI,"Henkel,Erica Sivertson",Instructor,ehenkel
1265,Sum 2026,UMNDL,UMNDL,ACCT,2001,001,Principles of Financial Acctg,B+,29,2,PI,"Henkel,Erica Sivertson",Instructor,ehenkel
1265,Sum 2026,UMNDL,UMNDL,ACCT,2001,001,Principles of Financial Acctg,C,29,4,PI,"Henkel,Erica Sivertson",Instructor,ehenkel
1265,Sum 2026,UMNDL,UMNDL,ACCT,2001,001,Principles of Financial Acctg,C+,29,5,PI,"Henkel,Erica Sivertson",Instructor,ehenkel
1265,Sum 2026,UMNDL,UMNDL,ACCT,2001,001,Principles of Financial Acctg,D+,29,1,PI,"Henkel,Erica Sivertson",Instructor,ehenkel
1265,Sum 2026,UMNDL,UMNDL,ACCT,2001,001,Principles of Financial Acctg,F,29,3,PI,"Henkel,Erica Sivertson",Instructor,ehenkel
1265,Sum 2026,UMNDL,UMNDL,ACCT,2001,001,Principles of Financial Acctg,W,29,3,PI,"Henkel,Erica Sivertson",Instructor,ehenkel
1265,Sum 2026,UMNDL,UMNDL,ACCT,2002,001,Prin of Mang Acctg,A,27,11,PI,"Fan,Hanlu",Assistant Professor,hfan
1265,Sum 2026,UMNDL,UMNDL,ACCT,2002,001,Prin of Mang Acctg,A-,27,4,PI,"Fan,Hanlu",Assistant Professor,hfan
1265,Sum 2026,UMNDL,UMNDL,ACCT,2002,001,Prin of Mang Acctg,B,27,4,PI,"Fan,Hanlu",Assistant Professor,hfan
1265,Sum 2026,UMNDL,UMNDL,ACCT,2002,001,Prin of Mang Acctg,B+,27,1,PI,"Fan,Hanlu",Assistant Professor,hfan
1265,Sum 2026,UMNDL,UMNDL,ACCT,2002,001,Prin of Mang Acctg,B-,27,1,PI,"Fan,Hanlu",Assistant Professor,hfan
1265,Sum 2026,UMNDL,UMNDL,ACCT,2002,001,Prin of Mang Acctg,F,27,4,PI,"Fan,Hanlu",Assistant Professor,hfan
1265,Sum 2026,UMNDL,UMNDL,ACCT,2002,001,Prin of Mang Acctg,W,27,2,PI,"Fan,Hanlu",Assistant Professor,hfan
1265,Sum 2026,UMNTC,UMNTC,ACCT,2051,001,Intr Financial Rptg,A,79,28,PI,"Johnson,Scott",Senior Lecturer,johnson2
1265,Sum 2026,UMNTC,UMNTC,ACCT,2051,001,Intr Financial Rptg,A-,79,7,PI,"Johnson,Scott",Senior Lecturer,johnson2
1265,Sum 2026,UMNTC,UMNTC,ACCT,2051,001,Intr Financial Rptg,B,79,9,PI,"Johnson,Scott",Senior Lecturer,johnson2
1265,Sum 2026,UMNTC,UMNTC,ACCT,2051,001,Intr Financial Rptg,B+,79,6,PI,"Johnson,Scott",Senior Lecturer,johnson2
1265,Sum 2026,UMNTC,UMNTC,ACCT,2051,001,Intr Financial Rptg,B-,79,9,PI,"Johnson,Scott",Senior Lecturer,johnson2
1265,Sum 2026,UMNTC,UMNTC,ACCT,2051,001,Intr Financial Rptg,C,79,7,PI,"Johnson,Scott",Senior Lecturer,johnson2
1265,Sum 2026,UMNTC,UMNTC,ACCT,2051,001,Intr Financial Rptg,C+,79,5,PI,"Johnson,Scott",Senior Lecturer,johnson2
1265,Sum 2026,UMNTC,UMNTC,ACCT,2051,001,Intr Financial Rptg,C-,79,1,PI,"Johnson,Scott",Senior Lecturer,johnson2
1265,Sum 2026,UMNTC,UMNTC,ACCT,2051,001,Intr Financial Rptg,D,79,1,PI,"Johnson,Scott",Senior Lecturer,johnson2
1265,Sum 2026,UMNTC,UMNTC,ACCT,2051,001,Intr Financial Rptg,D+,79,2,PI,"Johnson,Scott",Senior Lecturer,johnson2
1265,Sum 2026,UMNTC,UMNTC,ACCT,2051,001,Intr Financial Rptg,F,79,1,PI,"Johnson,Scott",Senior Lecturer,johnson2
1265,Sum 2026,UMNTC,UMNTC,ACCT,2051,001,Intr Financial Rptg,W,79,3,PI,"Johnson,Scott",Senior Lecturer,johnson2
1265,Sum 2026,UMNCR,UMNCR,ACCT,2101,E90,Principles of Accounting I,A,30,7,PI,"Pinkerton,Thomas",Lecturer,pinke052
1265,Sum 2026,UMNCR,UMNCR,ACCT,2101,E90,Principles of Accounting I,A-,30,5,PI,"Pinkerton,Thomas",Lecturer,pinke052
1265,Sum 2026,UMNCR,UMNCR,ACCT,2101,E90,Principles of Accounting I,B,30,4,PI,"Pinkerton,Thomas",Lecturer,pinke052
1265,Sum 2026,UMNCR,UMNCR,ACCT,2101,E90,Principles of Accounting I,B+,30,5,PI,"Pinkerton,Thomas",Lecturer,pinke052
1265,Sum 2026,UMNCR,UMNCR,ACCT,2101,E90,Principles of Accounting I,C,30,1,PI,"Pinkerton,Thomas",Lecturer,pinke052
1265,Sum 2026,UMNCR,UMNCR,ACCT,2101,E90,Principles of Accounting I,C+,30,1,PI,"Pinkerton,Thomas",Lecturer,pinke052
1265,Sum 2026,UMNCR,UMNCR,ACCT,2101,E90,Principles of Accounting I,F,30,2,PI,"Pinkerton,Thomas",Lecturer,pinke052
1265,Sum 2026,UMNCR,UMNCR,ACCT,2101,E90,Principles of Accounting I,W,30,5,PI,"Pinkerton,Thomas",Lecturer,pinke052
1265,Sum 2026,UMNCR,UMNCR,ACCT,2102,E90,Principles of Accounting II,A,32,14,PI,"Menze,Grace",Senior Lecturer,gmenze
1265,Sum 2026,UMNCR,UMNCR,ACCT,2102,E90,Principles of Accounting II,A-,32,3,PI,"Menze,Grace",Senior Lecturer,gmenze
1265,Sum 2026,UMNCR,UMNCR,ACCT,2102,E90,Principles of Accounting II,B+,32,2,PI,"Menze,Grace",Senior Lecturer,gmenze
1265,Sum 2026,UMNCR,UMNCR,ACCT,2102,E90,Principles of Accounting II,C,32,4,PI,"Menze,Grace",Senior Lecturer,gmenze
1265,Sum 2026,UMNCR,UMNCR,ACCT,2102,E90,Principles of Accounting II,C+,32,3,PI,"Menze,Grace",Senior Lecturer,gmenze
1265,Sum 2026,UMNCR,UMNCR,ACCT,2102,E90,Principles of Accounting II,D,32,1,PI,"Menze,Grace",Senior Lecturer,gmenze
1265,Sum 2026,UMNCR,UMNCR,ACCT,2102,E90,Principles of Accounting II,D+,32,1,PI,"Menze,Grace",Senior Lecturer,gmenze
1265,Sum 2026,UMNCR,UMNCR,ACCT,2102,E90,Principles of Accounting II,F,32,3,PI,"Menze,Grace",Senior Lecturer,gmenze
1265,Sum 2026,UMNCR,UMNCR,ACCT,2102,E90,Principles of Accounting II,W,32,1,PI,"Menze,Grace",Senior Lecturer,gmenze
1265,Sum 2026,UMNTC,UMNTC,ACCT,3001,020,Strategic Mgmt Accounting,A,66,19,PI,"Poch,Kendell Kaye",Senior Lecturer,beck0620
1265,Sum 2026,UMNTC,UMNTC,ACCT,3001,020,Strategic Mgmt Accounting,A-,66,12,PI,"Poch,Kendell Kaye",Senior Lecturer,beck0620
1265,Sum 2026,UMNTC,UMNTC,ACCT,3001,020,Strategic Mgmt Accounting,B,66,10,PI,"Poch,Kendell Kaye",Senior Lecturer,beck0620
1265,Sum 2026,UMNTC,UMNTC,ACCT,3001,020,Strategic Mgmt Accounting,B+,66,5,PI,"Poch,Kendell Kaye",Senior Lecturer,beck0620
1265,Sum 2026,UMNTC,UMNTC,ACCT,3001,020,Strategic Mgmt Accounting,B-,66,8,PI,"Poch,Kendell Kaye",Senior Lecturer,beck0620
1265,Sum 2026,UMNTC,UMNTC,ACCT,3001,020,Strategic Mgmt Accounting,C,66,3,PI,"Poch,Kendell Kaye",Senior Lecturer,beck0620
1265,Sum 2026,UMNTC,UMNTC,ACCT,3001,020,Strategic Mgmt Accounting,C+,66,2,PI,"Poch,Kendell Kaye",Senior Lecturer,beck0620
1265,Sum 2026,UMNTC,UMNTC,ACCT,3001,020,Strategic Mgmt Accounting,C-,66,4,PI,"Poch,Kendell Kaye",Senior Lecturer,beck0620
1265,Sum 2026,UMNTC,UMNTC,ACCT,3001,020,Strategic Mgmt Accounting,F,66,1,PI,"Poch,Kendell Kaye",Senior Lecturer,beck0620
1265,Sum 2026,UMNTC,UMNTC,ACCT,3001,020,Strategic Mgmt Accounting,W,66,2,PI,"Poch,Kendell Kaye",Senior Lecturer,beck0620
1265,Sum 2026,UMNCR,UMNCR,ACCT,3010,E90,Managerial Accounting,A,25,12,PI,"Konte,Mohammed",Lecturer,mkonte
1265,Sum 2026,UMNCR,UMNCR,ACCT,3010,E90,Managerial Accounting,A-,25,6,PI,"Konte,Mohammed",Lecturer,mkonte
1265,Sum 2026,UMNCR,UMNCR,ACCT,3010,E90,Managerial Accounting,B,25,2,PI,"Konte,Mohammed",Lecturer,mkonte
1265,Sum 2026,UMNCR,UMNCR,ACCT,3010,E90,Managerial Accounting,B+,25,1,PI,"Konte,Mohammed",Lecturer,mkonte
1265,Sum 2026,UMNCR,UMNCR,ACCT,3010,E90,Managerial Accounting,F,25,1,PI,"Konte,Mohammed",Lecturer,mkonte
1265,Sum 2026,UMNCR,UMNCR,ACCT,3010,E90,Managerial Accounting,W,25,3,PI,"Konte,Mohammed",Lecturer,mkonte
1265,Sum 2026,UMNCR,UMNCR,ACCT,3202,E90,Intermediate Accounting II,A,18,5,PI,"Menze,Grace",Senior Lecturer,gmenze
1265,Sum 2026,UMNCR,UMNCR,ACCT,3202,E90,Intermediate Accounting II,A-,18,3,PI,"Menze,Grace",Senior Lecturer,gmenze
1265,Sum 2026,UMNCR,UMNCR,ACCT,3202,E90,Intermediate Accounting II,B,18,2,PI,"Menze,Grace",Senior Lecturer,gmenze
1265,Sum 2026,UMNCR,UMNCR,ACCT,3202,E90,Intermediate Accounting II,B-,18,1,PI,"Menze,Grace",Senior Lecturer,gmenze
1265,Sum 2026,UMNCR,UMNCR,ACCT,3202,E90,Intermediate Accounting II,C,18,1,PI,"Menze,Grace",Senior Lecturer,gmenze
1265,Sum 2026,UMNCR,UMNCR,ACCT,3202,E90,Intermediate Accounting II,C+,18,1,PI,"Menze,Grace",Senior Lecturer,gmenze
1265,Sum 2026,UMNCR,UMNCR,ACCT,3202,E90,Intermediate Accounting II,C-,18,1,PI,"Menze,Grace",Senior Lecturer,gmenze
1265,Sum 2026,UMNCR,UMNCR,ACCT,3202,E90,Intermediate Accounting II,D,18,1,PI,"Menze,Grace",Senior Lecturer,gmenze
1265,Sum 2026,UMNCR,UMNCR,ACCT,3202,E90,Intermediate Accounting II,F,18,2,PI,"Menze,Grace",Senior Lecturer,gmenze
1265,Sum 2026,UMNCR,UMNCR,ACCT,3202,E90,Intermediate Accounting II,W,18,1,PI,"Menze,Grace",Senior Lecturer,gmenze
1265,Sum 2026,UMNCR,UMNCR,ACCT,3220,E90,Accounting Systems,A,27,3,PI,"Bowen,Kara",Senior Lecturer,klbowen
1265,Sum 2026,UMNCR,UMNCR,ACCT,3220,E90,Accounting Systems,A-,27,5,PI,"Bowen,Kara",Senior Lecturer,klbowen
1265,Sum 2026,UMNCR,UMNCR,ACCT,3220,E90,Accounting Systems,B,27,6,PI,"Bowen,Kara",Senior Lecturer,klbowen
1265,Sum 2026,UMNCR,UMNCR,ACCT,3220,E90,Accounting Systems,B+,27,4,PI,"Bowen,Kara",Senior Lecturer,klbowen
1265,Sum 2026,UMNCR,UMNCR,ACCT,3220,E90,Accounting Systems,B-,27,2,PI,"Bowen,Kara",Senior Lecturer,klbowen
1265,Sum 2026,UMNCR,UMNCR,ACCT,3220,E90,Accounting Systems,C,27,1,PI,"Bowen,Kara",Senior Lecturer,klbowen
1265,Sum 2026,UMNCR,UMNCR,ACCT,3220,E90,Accounting Systems,D+,27,1,PI,"Bowen,Kara",Senior Lecturer,klbowen
1265,Sum 2026,UMNCR,UMNCR,ACCT,3220,E90,Accounting Systems,F,27,2,PI,"Bowen,Kara",Senior Lecturer,klbowen
1265,Sum 2026,UMNCR,UMNCR,ACCT,3220,E90,Accounting Systems,W,27,3,PI,"Bowen,Kara",Senior Lecturer,klbowen
1265,Sum 2026,UMNDL,UMNDL,ACCT,3301,001,Accounting Information Systems,A,30,11,PI,"Fan,Hanlu",Assistant Professor,hfan
1265,Sum 2026,UMNDL,UMNDL,ACCT,3301,001,Accounting Information Systems,A-,30,5,PI,"Fan,Hanlu",Assistant Professor,hfan
1265,Sum 2026,UMNDL,UMNDL,ACCT,3301,001,Accounting Information Systems,B,30,1,PI,"Fan,Hanlu",Assistant Professor,hfan
1265,Sum 2026,UMNDL,UMNDL,ACCT,3301,001,Accounting Information Systems,B+,30,5,PI,"Fan,Hanlu",Assistant Professor,hfan
1265,Sum 2026,UMNDL,UMNDL,ACCT,3301,001,Accounting Information Systems,B-,30,2,PI,"Fan,Hanlu",Assistant Professor,hfan
1265,Sum 2026,UMNDL,UMNDL,ACCT,3301,001,Accounting Information Systems,C,30,1,PI,"Fan,Hanlu",Assistant Professor,hfan
1265,Sum 2026,UMNDL,UMNDL,ACCT,3301,001,Accounting Information Systems,C-,30,1,PI,"Fan,Hanlu",Assistant Professor,hfan
1265,Sum 2026,UMNDL,UMNDL,ACCT,3301,001,Accounting Information Systems,D,30,1,PI,"Fan,Hanlu",Assistant Professor,hfan
1265,Sum 2026,UMNDL,UMNDL,ACCT,3301,001,Accounting Information Systems,D+,30,1,PI,"Fan,Hanlu",Assistant Professor,hfan
1265,Sum 2026,UMNDL,UMNDL,ACCT,3301,001,Accounting Information Systems,F,30,2,PI,"Fan,Hanlu",Assistant Professor,hfan
1265,Sum 2026,UMNDL,UMNDL,ACCT,3797,001,Internship in Accounting,A,14,11,PI,"Kitson,Marte Christofa Thabes",SS Pro 5,mkitson
1265,Sum 2026,UMNDL,UMNDL,ACCT,3797,001,Internship in Accounting,A-,14,3,PI,"Kitson,Marte Christofa Thabes",SS Pro 5,mkitson
1265,Sum 2026,UMNCR,UMNCR,ACCT,4800,E90,Accounting Data Analytics,A,14,8,PI,"Bowen,Kara",Senior Lecturer,klbowen
1265,Sum 2026,UMNCR,UMNCR,ACCT,4800,E90,Accounting Data Analytics,A-,14,1,PI,"Bowen,Kara",Senior Lecturer,klbowen
1265,Sum 2026,UMNCR,UMNCR,ACCT,4800,E90,Accounting Data Analytics,B,14,1,PI,"Bowen,Kara",Senior Lecturer,klbowen
1265,Sum 2026,UMNCR,UMNCR,ACCT,4800,E90,Accounting Data Analytics,B+,14,1,PI,"Bowen,Kara",Senior Lecturer,klbowen
1265,Sum 2026,UMNCR,UMNCR,ACCT,4800,E90,Accounting Data Analytics,C+,14,1,PI,"Bowen,Kara",Senior Lecturer,klbowen
1265,Sum 2026,UMNCR,UMNCR,ACCT,4800,E90,Accounting Data Analytics,D,14,1,PI,"Bowen,Kara",Senior Lecturer,klbowen
1265,Sum 2026,UMNCR,UMNCR,ACCT,4800,E90,Accounting Data Analytics,F,14,1,PI,"Bowen,Kara",Senior Lecturer,klbowen
1265,Sum 2026,UMNTC,UMNTC,ACCT,5101,020,Intermediate Accounting I,A,60,23,PI,"Johnson,Scott",Senior Lecturer,johnson2
1265,Sum 2026,UMNTC,UMNTC,ACCT,5101,020,Intermediate Accounting I,A-,60,2,PI,"Johnson,Scott",Senior Lecturer,johnson2
1265,Sum 2026,UMNTC,UMNTC,ACCT,5101,020,Intermediate Accounting I,B,60,10,PI,"Johnson,Scott",Senior Lecturer,johnson2
1265,Sum 2026,UMNTC,UMNTC,ACCT,5101,020,Intermediate Accounting I,B+,60,6,PI,"Johnson,Scott",Senior Lecturer,johnson2
1265,Sum 2026,UMNTC,UMNTC,ACCT,5101,020,Intermediate Accounting I,B-,60,4,PI,"Johnson,Scott",Senior Lecturer,johnson2
1265,Sum 2026,UMNTC,UMNTC,ACCT,5101,020,Intermediate Accounting I,C,60,3,PI,"Johnson,Scott",Senior Lecturer,johnson2
1265,Sum 2026,UMNTC,UMNTC,ACCT,5101,020,Intermediate Accounting I,C+,60,2,PI,"Johnson,Scott",Senior Lecturer,johnson2
1265,Sum 2026,UMNTC,UMNTC,ACCT,5101,020,Intermediate Accounting I,C-,60,3,PI,"Johnson,Scott",Senior Lecturer,johnson2
1265,Sum 2026,UMNTC,UMNTC,ACCT,5101,020,Intermediate Accounting I,D,60,1,PI,"Johnson,Scott",Senior Lecturer,johnson2
1265,Sum 2026,UMNTC,UMNTC,ACCT,5101,020,Intermediate Accounting I,F,60,2,PI,"Johnson,Scott",Senior Lecturer,johnson2
1265,Sum 2026,UMNTC,UMNTC,ACCT,5101,020,Intermediate Accounting I,W,60,4,PI,"Johnson,Scott",Senior Lecturer,johnson2
1265,Sum 2026,UMNTC,UMNTC,ADDS,6025,001,"Counseling Skills: CBT, MI",A,14,11,PI,"Weigelt,Jennifer E",Senior Lecturer,jweigelt
1265,Sum 2026,UMNTC,UMNTC,ADDS,6025,001,"Counseling Skills: CBT, MI",A-,14,1,PI,"Weigelt,Jennifer E",Senior Lecturer,jweigelt
1265,Sum 2026,UMNTC,UMNTC,ADDS,6025,001,"Counseling Skills: CBT, MI",B,14,1,PI,"Weigelt,Jennifer E",Senior Lecturer,jweigelt
1265,Sum 2026,UMNTC,UMNTC,ADDS,6025,001,"Counseling Skills: CBT, MI",W,14,1,PI,"Weigelt,Jennifer E",Senior Lecturer,jweigelt
1265,Sum 2026,UMNTC,UMNTC,ADDS,6035,001,Research & Evaluation Methods,A,19,17,PI,"Weigelt,Jennifer E",Senior Lecturer,jweigelt
1265,Sum 2026,UMNTC,UMNTC,ADDS,6035,001,Research & Evaluation Methods,A-,19,1,PI,"Weigelt,Jennifer E",Senior Lecturer,jweigelt
1265,Sum 2026,UMNTC,UMNTC,ADDS,6035,001,Research & Evaluation Methods,B,19,1,PI,"Weigelt,Jennifer E",Senior Lecturer,jweigelt
1265,Sum 2026,UMNTC,UMNTC,AEM,2021,002,Statics & Dynamics,A,11,8,,,,
1265,Sum 2026,UMNTC,UMNTC,AEM,2021,002,Statics & Dynamics,A-,11,1,,,,
1265,Sum 2026,UMNTC,UMNTC,AEM,2021,002,Statics & Dynamics,B,11,1,,,,
1265,Sum 2026,UMNTC,UMNTC,AEM,2021,002,Statics & Dynamics,B+,11,1,,,,
1265,Sum 2026,UMNTC,UMNTC,AEM,3031,002,Deform. Body Mech.,A,14,1,PI,"Ketema,Yohannes",Professor,ketema
1265,Sum 2026,UMNTC,UMNTC,AEM,3031,002,Deform. Body Mech.,A-,14,3,PI,"Ketema,Yohannes",Professor,ketema
1265,Sum 2026,UMNTC,UMNTC,AEM,3031,002,Deform. Body Mech.,B,14,2,PI,"Ketema,Yohannes",Professor,ketema
1265,Sum 2026,UMNTC,UMNTC,AEM,3031,002,Deform. Body Mech.,B+,14,1,PI,"Ketema,Yohannes",Professor,ketema
1265,Sum 2026,UMNTC,UMNTC,AEM,3031,002,Deform. Body Mech.,B-,14,1,PI,"Ketema,Yohannes",Professor,ketema
1265,Sum 2026,UMNTC,UMNTC,AEM,3031,002,Deform. Body Mech.,C,14,1,PI,"Ketema,Yohannes",Professor,ketema
1265,Sum 2026,UMNTC,UMNTC,AEM,3031,002,Deform. Body Mech.,C-,14,2,PI,"Ketema,Yohannes",Professor,ketema
1265,Sum 2026,UMNTC,UMNTC,AEM,3031,002,Deform. Body Mech.,D,14,1,PI,"Ketema,Yohannes",Professor,ketema
1265,Sum 2026,UMNTC,UMNTC,AEM,3031,002,Deform. Body Mech.,F,14,1,PI,"Ketema,Yohannes",Professor,ketema
1265,Sum 2026,UMNTC,UMNTC,AEM,3031,002,Deform. Body Mech.,W,14,1,PI,"Ketema,Yohannes",Professor,ketema
1265,Sum 2026,UMNTC,UMNTC,AEM,3031,884,Deform. Body Mech.,A,15,3,PI,"Ketema,Yohannes",Professor,ketema
1265,Sum 2026,UMNTC,UMNTC,AEM,3031,884,Deform. Body Mech.,A-,15,2,PI,"Ketema,Yohannes",Professor,ketema
1265,Sum 2026,UMNTC,UMNTC,AEM,3031,884,Deform. Body Mech.,B,15,2,PI,"Ketema,Yohannes",Professor,ketema
1265,Sum 2026,UMNTC,UMNTC,AEM,3031,884,Deform. Body Mech.,B+,15,1,PI,"Ketema,Yohannes",Professor,ketema
1265,Sum 2026,UMNTC,UMNTC,AEM,3031,884,Deform. Body Mech.,C+,15,5,PI,"Ketema,Yohannes",Professor,ketema
1265,Sum 2026,UMNTC,UMNTC,AEM,3031,884,Deform. Body Mech.,C-,15,1,PI,"Ketema,Yohannes",Professor,ketema
1265,Sum 2026,UMNTC,UMNTC,AEM,3031,884,Deform. Body Mech.,D,15,1,PI,"Ketema,Yohannes",Professor,ketema
1265,Sum 2026,UMNTC,UMNTC,AMES,3672,001,Buddhism,A,28,24,PI,"Rouzer,Morgan",Professor,prouzer
1265,Sum 2026,UMNTC,UMNTC,AMES,3672,001,Buddhism,A-,28,3,PI,"Rouzer,Morgan",Professor,prouzer
1265,Sum 2026,UMNTC,UMNTC,AMES,3672,001,Buddhism,S,28,1,PI,"Rouzer,Morgan",Professor,prouzer
1265,Sum 2026,UMNDL,UMNDL,AMIN,1606,001,Intro to American Indian Lit,A,17,3,PI,"Bauerkemper,Joseph",Professor,jkb
1265,Sum 2026,UMNDL,UMNDL,AMIN,1606,001,Intro to American Indian Lit,B,17,4,PI,"Bauerkemper,Joseph",Professor,jkb
1265,Sum 2026,UMNDL,UMNDL,AMIN,1606,001,Intro to American Indian Lit,B+,17,2,PI,"Bauerkemper,Joseph",Professor,jkb
1265,Sum 2026,UMNDL,UMNDL,AMIN,1606,001,Intro to American Indian Lit,B-,17,1,PI,"Bauerkemper,Joseph",Professor,jkb
1265,Sum 2026,UMNDL,UMNDL,AMIN,1606,001,Intro to American Indian Lit,C,17,2,PI,"Bauerkemper,Joseph",Professor,jkb
1265,Sum 2026,UMNDL,UMNDL,AMIN,1606,001,Intro to American Indian Lit,C+,17,2,PI,"Bauerkemper,Joseph",Professor,jkb
1265,Sum 2026,UMNDL,UMNDL,AMIN,1606,001,Intro to American Indian Lit,F,17,2,PI,"Bauerkemper,Joseph",Professor,jkb
1265,Sum 2026,UMNDL,UMNDL,AMIN,1606,001,Intro to American Indian Lit,W,17,1,PI,"Bauerkemper,Joseph",Professor,jkb
1265,Sum 2026,UMNTC,UMNTC,AMST,2011,001,U.S. since September 11th,A,29,28,PI,"Karjanen,David J",Associate Professor,karjanen
1265,Sum 2026,UMNTC,UMNTC,AMST,2011,001,U.S. since September 11th,W,29,1,PI,"Karjanen,David J",Associate Professor,karjanen
1265,Sum 2026,UMNTC,UMNTC,AMST,2011,002,U.S. since September 11th,A,28,25,PI,"Garagiola,An",,
1265,Sum 2026,UMNTC,UMNTC,AMST,2011,002,U.S. since September 11th,B,28,1,PI,"Garagiola,An",,
1265,Sum 2026,UMNTC,UMNTC,AMST,2011,002,U.S. since September 11th,B+,28,1,PI,"Garagiola,An",,
1265,Sum 2026,UMNTC,UMNTC,AMST,2011,002,U.S. since September 11th,F,28,1,PI,"Garagiola,An",,
1265,Sum 2026,UMNTC,UMNTC,AMST,2031,001,Chasing the American Dream,A,30,28,PI,"Karjanen,David J",Associate Professor,karjanen
1265,Sum 2026,UMNTC,UMNTC,AMST,2031,001,Chasing the American Dream,A-,30,1,PI,"Karjanen,David J",Associate Professor,karjanen
1265,Sum 2026,UMNTC,UMNTC,AMST,2031,001,Chasing the American Dream,S,30,1,PI,"Karjanen,David J",Associate Professor,karjanen
1265,Sum 2026,UMNTC,UMNTC,AMST,2031,002,Chasing the American Dream,A,30,24,PI,"Ramos,David Abraham",,
1265,Sum 2026,UMNTC,UMNTC,AMST,2031,002,Chasing the American Dream,B,30,1,PI,"Ramos,David Abraham",,
1265,Sum 2026,UMNTC,UMNTC,AMST,2031,002,Chasing the American Dream,B-,30,2,PI,"Ramos,David Abraham",,
1265,Sum 2026,UMNTC,UMNTC,AMST,2031,002,Chasing the American Dream,S,30,3,PI,"Ramos,David Abraham",,
1265,Sum 2026,UMNTC,UMNTC,AMST,3214,001,Queer Kinship,A,13,7,PI,"Bad Moccasin,Lennixx-Nickolai",,
1265,Sum 2026,UMNTC,UMNTC,AMST,3214,001,Queer Kinship,D,13,1,PI,"Bad Moccasin,Lennixx-Nickolai",,
1265,Sum 2026,UMNTC,UMNTC,AMST,3214,001,Queer Kinship,F,13,1,PI,"Bad Moccasin,Lennixx-Nickolai",,
1265,Sum 2026,UMNTC,UMNTC,AMST,3214,001,Queer Kinship,S,13,3,PI,"Bad Moccasin,Lennixx-Nickolai",,
1265,Sum 2026,UMNTC,UMNTC,AMST,3214,001,Queer Kinship,W,13,1,PI,"Bad Moccasin,Lennixx-Nickolai",,
1265,Sum 2026,UMNTC,UMNTC,AMST,3253W,001,Pop cult & politics,A,30,8,PI,"Herzallah,Taher",,
1265,Sum 2026,UMNTC,UMNTC,AMST,3253W,001,Pop cult & politics,A-,30,9,PI,"Herzallah,Taher",,
1265,Sum 2026,UMNTC,UMNTC,AMST,3253W,001,Pop cult & politics,B,30,2,PI,"Herzallah,Taher",,
1265,Sum 2026,UMNTC,UMNTC,AMST,3253W,001,Pop cult & politics,B+,30,6,PI,"Herzallah,Taher",,
1265,Sum 2026,UMNTC,UMNTC,AMST,3253W,001,Pop cult & politics,C,30,1,PI,"Herzallah,Taher",,
1265,Sum 2026,UMNTC,UMNTC,AMST,3253W,001,Pop cult & politics,C-,30,2,PI,"Herzallah,Taher",,
1265,Sum 2026,UMNTC,UMNTC,AMST,3253W,001,Pop cult & politics,D+,30,1,PI,"Herzallah,Taher",,
1265,Sum 2026,UMNTC,UMNTC,AMST,3253W,001,Pop cult & politics,W,30,1,PI,"Herzallah,Taher",,
1265,Sum 2026,UMNTC,UMNTC,ANAT,7999,001,Head & Neck,A,27,22,PI,"Cook,Mark S.",Associate Professor,cookx072
1265,Sum 2026,UMNTC,UMNTC,ANAT,7999,001,Head & Neck,B,27,5,PI,"Cook,Mark S.",Associate Professor,cookx072
1265,Sum 2026,UMNTC,UMNTC,ANSC,1701,001,Historical Influence of Horse,A,111,63,PI,"Palmer PhD,Melissa L",Teaching Associate Professor,melissap
1265,Sum 2026,UMNTC,UMNTC,ANSC,1701,001,Historical Influence of Horse,A-,111,12,PI,"Palmer PhD,Melissa L",Teaching Associate Professor,melissap
1265,Sum 2026,UMNTC,UMNTC,ANSC,1701,001,Historical Influence of Horse,B,111,7,PI,"Palmer PhD,Melissa L",Teaching Associate Professor,melissap
1265,Sum 2026,UMNTC,UMNTC,ANSC,1701,001,Historical Influence of Horse,B+,111,9,PI,"Palmer PhD,Melissa L",Teaching Associate Professor,melissap
1265,Sum 2026,UMNTC,UMNTC,ANSC,1701,001,Historical Influence of Horse,B-,111,4,PI,"Palmer PhD,Melissa L",Teaching Associate Professor,melissap
1265,Sum 2026,UMNTC,UMNTC,ANSC,1701,001,Historical Influence of Horse,C,111,1,PI,"Palmer PhD,Melissa L",Teaching Associate Professor,melissap
1265,Sum 2026,UMNTC,UMNTC,ANSC,1701,001,Historical Influence of Horse,C+,111,4,PI,"Palmer PhD,Melissa L",Teaching Associate Professor,melissap
1265,Sum 2026,UMNTC,UMNTC,ANSC,1701,001,Historical Influence of Horse,F,111,3,PI,"Palmer PhD,Melissa L",Teaching Associate Professor,melissap
1265,Sum 2026,UMNTC,UMNTC,ANSC,1701,001,Historical Influence of Horse,S,111,7,PI,"Palmer PhD,Melissa L",Teaching Associate Professor,melissap
1265,Sum 2026,UMNTC,UMNTC,ANSC,1701,001,Historical Influence of Horse,W,111,1,PI,"Palmer PhD,Melissa L",Teaching Associate Professor,melissap
1265,Sum 2026,UMNTC,UMNTC,ANSC,3701,001,Poultry Products Technology,A,16,9,PI,"Kollanoor Johny,Anup",Associate Professor,anupjohn
1265,Sum 2026,UMNTC,UMNTC,ANSC,3701,001,Poultry Products Technology,A-,16,2,PI,"Kollanoor Johny,Anup",Associate Professor,anupjohn
1265,Sum 2026,UMNTC,UMNTC,ANSC,3701,001,Poultry Products Technology,B,16,3,PI,"Kollanoor Johny,Anup",Associate Professor,anupjohn
1265,Sum 2026,UMNTC,UMNTC,ANSC,3701,001,Poultry Products Technology,B+,16,2,PI,"Kollanoor Johny,Anup",Associate Professor,anupjohn
1265,Sum 2026,UMNTC,UMNTC,ANSC,3702,001,Applied Avian Physiology,A,17,2,PI,"Kollanoor Johny,Anup",Associate Professor,anupjohn
1265,Sum 2026,UMNTC,UMNTC,ANSC,3702,001,Applied Avian Physiology,A-,17,5,PI,"Kollanoor Johny,Anup",Associate Professor,anupjohn
1265,Sum 2026,UMNTC,UMNTC,ANSC,3702,001,Applied Avian Physiology,B,17,4,PI,"Kollanoor Johny,Anup",Associate Professor,anupjohn
1265,Sum 2026,UMNTC,UMNTC,ANSC,3702,001,Applied Avian Physiology,B-,17,3,PI,"Kollanoor Johny,Anup",Associate Professor,anupjohn
1265,Sum 2026,UMNTC,UMNTC,ANSC,3702,001,Applied Avian Physiology,C,17,1,PI,"Kollanoor Johny,Anup",Associate Professor,anupjohn
1265,Sum 2026,UMNTC,UMNTC,ANSC,3702,001,Applied Avian Physiology,C+,17,1,PI,"Kollanoor Johny,Anup",Associate Professor,anupjohn
1265,Sum 2026,UMNTC,UMNTC,ANSC,3702,001,Applied Avian Physiology,D+,17,1,PI,"Kollanoor Johny,Anup",Associate Professor,anupjohn
1265,Sum 2026,UMNTC,UMNTC,ANSC,3703,001,Avian Health,A,18,10,PI,"Kollanoor Johny,Anup",Associate Professor,anupjohn
1265,Sum 2026,UMNTC,UMNTC,ANSC,3703,001,Avian Health,A-,18,3,PI,"Kollanoor Johny,Anup",Associate Professor,anupjohn
1265,Sum 2026,UMNTC,UMNTC,ANSC,3703,001,Avian Health,B,18,1,PI,"Kollanoor Johny,Anup",Associate Professor,anupjohn
1265,Sum 2026,UMNTC,UMNTC,ANSC,3703,001,Avian Health,B+,18,3,PI,"Kollanoor Johny,Anup",Associate Professor,anupjohn
1265,Sum 2026,UMNTC,UMNTC,ANSC,3703,001,Avian Health,B-,18,1,PI,"Kollanoor Johny,Anup",Associate Professor,anupjohn
1265,Sum 2026,UMNTC,UMNTC,ANSC,3704,001,Poultry Nutrition,A,18,14,PI,"Kollanoor Johny,Anup",Associate Professor,anupjohn
1265,Sum 2026,UMNTC,UMNTC,ANSC,3704,001,Poultry Nutrition,A-,18,1,PI,"Kollanoor Johny,Anup",Associate Professor,anupjohn
1265,Sum 2026,UMNTC,UMNTC,ANSC,3704,001,Poultry Nutrition,B+,18,2,PI,"Kollanoor Johny,Anup",Associate Professor,anupjohn
1265,Sum 2026,UMNTC,UMNTC,ANSC,3704,001,Poultry Nutrition,B-,18,1,PI,"Kollanoor Johny,Anup",Associate Professor,anupjohn
1265,Sum 2026,UMNTC,UMNTC,ANSC,4711,001,Breeder Flock & Hatchery Mgmt,A,17,6,PI,"Kollanoor Johny,Anup",Associate Professor,anupjohn
1265,Sum 2026,UMNTC,UMNTC,ANSC,4711,001,Breeder Flock & Hatchery Mgmt,A-,17,6,PI,"Kollanoor Johny,Anup",Associate Professor,anupjohn
1265,Sum 2026,UMNTC,UMNTC,ANSC,4711,001,Breeder Flock & Hatchery Mgmt,B+,17,5,PI,"Kollanoor Johny,Anup",Associate Professor,anupjohn
1265,Sum 2026,UMNTC,UMNTC,ANTH,1001,002,Human Evolution,A,23,15,PI,"Gogol,Samantha",,
1265,Sum 2026,UMNTC,UMNTC,ANTH,1001,002,Human Evolution,A-,23,2,PI,"Gogol,Samantha",,
1265,Sum 2026,UMNTC,UMNTC,ANTH,1001,002,Human Evolution,B,23,3,PI,"Gogol,Samantha",,
1265,Sum 2026,UMNTC,UMNTC,ANTH,1001,002,Human Evolution,B-,23,2,PI,"Gogol,Samantha",,
1265,Sum 2026,UMNTC,UMNTC,ANTH,1001,002,Human Evolution,C-,23,1,PI,"Gogol,Samantha",,
1265,Sum 2026,UMNTC,UMNTC,ANTH,1003W,001,Understanding Cultures,A,33,13,PI,"Buckley,Nathan",,
1265,Sum 2026,UMNTC,UMNTC,ANTH,1003W,001,Understanding Cultures,A-,33,7,PI,"Buckley,Nathan",,
1265,Sum 2026,UMNTC,UMNTC,ANTH,1003W,001,Understanding Cultures,B+,33,5,PI,"Buckley,Nathan",,
1265,Sum 2026,UMNTC,UMNTC,ANTH,1003W,001,Understanding Cultures,B-,33,2,PI,"Buckley,Nathan",,
1265,Sum 2026,UMNTC,UMNTC,ANTH,1003W,001,Understanding Cultures,D,33,1,PI,"Buckley,Nathan",,
1265,Sum 2026,UMNTC,UMNTC,ANTH,1003W,001,Understanding Cultures,F,33,2,PI,"Buckley,Nathan",,
1265,Sum 2026,UMNTC,UMNTC,ANTH,1003W,001,Understanding Cultures,S,33,1,PI,"Buckley,Nathan",,
1265,Sum 2026,UMNTC,UMNTC,ANTH,1003W,001,Understanding Cultures,W,33,2,PI,"Buckley,Nathan",,
1265,Sum 2026,UMNDL,UMNDL,ANTH,1604,080,Cultural Anthropology,A,12,9,PI,"Jones,Jennifer Elaine",Associate Professor,jejones
1265,Sum 2026,UMNDL,UMNDL,ANTH,1604,080,Cultural Anthropology,A-,12,2,PI,"Jones,Jennifer Elaine",Associate Professor,jejones
1265,Sum 2026,UMNDL,UMNDL,ANTH,1604,080,Cultural Anthropology,D,12,1,PI,"Jones,Jennifer Elaine",Associate Professor,jejones
1265,Sum 2026,UMNTC,UMNTC,ANTH,3221,001,Field School,A,10,9,PI,"Fleming,Edward P",Lecturer,flem0033
1265,Sum 2026,UMNTC,UMNTC,ANTH,3221,001,Field School,A-,10,1,PI,"Fleming,Edward P",Lecturer,flem0033
1265,Sum 2026,UMNTC,UMNTC,ANTH,3306W,001,Medical Anthropology,A,38,25,PI,"Salvador,Melina",Lecturer,msalvado
1265,Sum 2026,UMNTC,UMNTC,ANTH,3306W,001,Medical Anthropology,A-,38,3,PI,"Salvador,Melina",Lecturer,msalvado
1265,Sum 2026,UMNTC,UMNTC,ANTH,3306W,001,Medical Anthropology,B,38,3,PI,"Salvador,Melina",Lecturer,msalvado
1265,Sum 2026,UMNTC,UMNTC,ANTH,3306W,001,Medical Anthropology,B+,38,3,PI,"Salvador,Melina",Lecturer,msalvado
1265,Sum 2026,UMNTC,UMNTC,ANTH,3306W,001,Medical Anthropology,B-,38,1,PI,"Salvador,Melina",Lecturer,msalvado
1265,Sum 2026,UMNTC,UMNTC,ANTH,3306W,001,Medical Anthropology,C,38,1,PI,"Salvador,Melina",Lecturer,msalvado
1265,Sum 2026,UMNTC,UMNTC,ANTH,3306W,001,Medical Anthropology,D+,38,1,PI,"Salvador,Melina",Lecturer,msalvado
1265,Sum 2026,UMNTC,UMNTC,ANTH,3306W,001,Medical Anthropology,F,38,1,PI,"Salvador,Melina",Lecturer,msalvado
1265,Sum 2026,UMNDL,UMNDL,ANTH,3888,080,Anthropology of Food,A,12,1,PI,"Roufs,Tim",Professor,troufs
1265,Sum 2026,UMNDL,UMNDL,ANTH,3888,080,Anthropology of Food,A-,12,1,PI,"Roufs,Tim",Professor,troufs
1265,Sum 2026,UMNDL,UMNDL,ANTH,3888,080,Anthropology of Food,B+,12,2,PI,"Roufs,Tim",Professor,troufs
1265,Sum 2026,UMNDL,UMNDL,ANTH,3888,080,Anthropology of Food,D,12,1,PI,"Roufs,Tim",Professor,troufs
1265,Sum 2026,UMNDL,UMNDL,ANTH,3888,080,Anthropology of Food,F,12,5,PI,"Roufs,Tim",Professor,troufs
1265,Sum 2026,UMNDL,UMNDL,ANTH,3888,080,Anthropology of Food,W,12,2,PI,"Roufs,Tim",Professor,troufs
1265,Sum 2026,UMNTC,UMNTC,ARAB,1101,001,Beginning Arabic I,A,11,3,PI,"Hussein,Mohammed Adel Abdrabou",Senior Teaching Specialist,husseinm
1265,Sum 2026,UMNTC,UMNTC,ARAB,1101,001,Beginning Arabic I,A-,11,1,PI,"Hussein,Mohammed Adel Abdrabou",Senior Teaching Specialist,husseinm
1265,Sum 2026,UMNTC,UMNTC,ARAB,1101,001,Beginning Arabic I,B,11,1,PI,"Hussein,Mohammed Adel Abdrabou",Senior Teaching Specialist,husseinm
1265,Sum 2026,UMNTC,UMNTC,ARAB,1101,001,Beginning Arabic I,B-,11,1,PI,"Hussein,Mohammed Adel Abdrabou",Senior Teaching Specialist,husseinm
1265,Sum 2026,UMNTC,UMNTC,ARAB,1101,001,Beginning Arabic I,C+,11,1,PI,"Hussein,Mohammed Adel Abdrabou",Senior Teaching Specialist,husseinm
1265,Sum 2026,UMNTC,UMNTC,ARAB,1101,001,Beginning Arabic I,C-,11,1,PI,"Hussein,Mohammed Adel Abdrabou",Senior Teaching Specialist,husseinm
1265,Sum 2026,UMNTC,UMNTC,ARAB,1101,001,Beginning Arabic I,D,11,1,PI,"Hussein,Mohammed Adel Abdrabou",Senior Teaching Specialist,husseinm
1265,Sum 2026,UMNTC,UMNTC,ARAB,1101,001,Beginning Arabic I,S,11,1,PI,"Hussein,Mohammed Adel Abdrabou",Senior Teaching Specialist,husseinm
1265,Sum 2026,UMNTC,UMNTC,ARAB,1101,001,Beginning Arabic I,W,11,1,PI,"Hussein,Mohammed Adel Abdrabou",Senior Teaching Specialist,husseinm
1265,Sum 2026,UMNTC,UMNTC,ARAB,1102,001,Beginning Arabic II,A,12,4,PI,"Hussein,Mohammed Adel Abdrabou",Senior Teaching Specialist,husseinm
1265,Sum 2026,UMNTC,UMNTC,ARAB,1102,001,Beginning Arabic II,A-,12,2,PI,"Hussein,Mohammed Adel Abdrabou",Senior Teaching Specialist,husseinm
1265,Sum 2026,UMNTC,UMNTC,ARAB,1102,001,Beginning Arabic II,B,12,2,PI,"Hussein,Mohammed Adel Abdrabou",Senior Teaching Specialist,husseinm
1265,Sum 2026,UMNTC,UMNTC,ARAB,1102,001,Beginning Arabic II,B+,12,1,PI,"Hussein,Mohammed Adel Abdrabou",Senior Teaching Specialist,husseinm
1265,Sum 2026,UMNTC,UMNTC,ARAB,1102,001,Beginning Arabic II,B-,12,2,PI,"Hussein,Mohammed Adel Abdrabou",Senior Teaching Specialist,husseinm
1265,Sum 2026,UMNTC,UMNTC,ARAB,1102,001,Beginning Arabic II,D,12,1,PI,"Hussein,Mohammed Adel Abdrabou",Senior Teaching Specialist,husseinm
1265,Sum 2026,UMNDL,UMNDL,ART,1001,080,Art Today,A,14,8,PI,"Ratliff,Jamie L.",Associate Professor,jratliff
1265,Sum 2026,UMNDL,UMNDL,ART,1001,080,Art Today,A-,14,1,PI,"Ratliff,Jamie L.",Associate Professor,jratliff
1265,Sum 2026,UMNDL,UMNDL,ART,1001,080,Art Today,B,14,2,PI,"Ratliff,Jamie L.",Associate Professor,jratliff
1265,Sum 2026,UMNDL,UMNDL,ART,1001,080,Art Today,F,14,3,PI,"Ratliff,Jamie L.",Associate Professor,jratliff
1265,Sum 2026,UMNDL,UMNDL,ART,1003,080,Introduction to Design,A,14,5,PI,"Gordon,Jennifer Ann",Teaching Associate Professor,jgordon3
1265,Sum 2026,UMNDL,UMNDL,ART,1003,080,Introduction to Design,A-,14,1,PI,"Gordon,Jennifer Ann",Teaching Associate Professor,jgordon3
1265,Sum 2026,UMNDL,UMNDL,ART,1003,080,Introduction to Design,B-,14,3,PI,"Gordon,Jennifer Ann",Teaching Associate Professor,jgordon3
1265,Sum 2026,UMNDL,UMNDL,ART,1003,080,Introduction to Design,C,14,2,PI,"Gordon,Jennifer Ann",Teaching Associate Professor,jgordon3
1265,Sum 2026,UMNDL,UMNDL,ART,1003,080,Introduction to Design,F,14,2,PI,"Gordon,Jennifer Ann",Teaching Associate Professor,jgordon3
1265,Sum 2026,UMNDL,UMNDL,ART,1003,080,Introduction to Design,W,14,1,PI,"Gordon,Jennifer Ann",Teaching Associate Professor,jgordon3
1265,Sum 2026,UMNDL,UMNDL,ARTH,2390,080,US Art and Visual Culture,A,16,4,PI,"Blaylock,Sara Ann Kurpiers",Associate Professor,blaylock
1265,Sum 2026,UMNDL,UMNDL,ARTH,2390,080,US Art and Visual Culture,A-,16,3,PI,"Blaylock,Sara Ann Kurpiers",Associate Professor,blaylock
1265,Sum 2026,UMNDL,UMNDL,ARTH,2390,080,US Art and Visual Culture,B,16,3,PI,"Blaylock,Sara Ann Kurpiers",Associate Professor,blaylock
1265,Sum 2026,UMNDL,UMNDL,ARTH,2390,080,US Art and Visual Culture,B+,16,4,PI,"Blaylock,Sara Ann Kurpiers",Associate Professor,blaylock
1265,Sum 2026,UMNDL,UMNDL,ARTH,2390,080,US Art and Visual Culture,C-,16,1,PI,"Blaylock,Sara Ann Kurpiers",Associate Professor,blaylock
1265,Sum 2026,UMNDL,UMNDL,ARTH,2390,080,US Art and Visual Culture,D+,16,1,PI,"Blaylock,Sara Ann Kurpiers",Associate Professor,blaylock
1265,Sum 2026,UMNTC,UMNTC,ASL,1701,101,ASL I,A,22,2,PI,"Penny,Jonathan Charles",Ed Pro 5-Ed Prog Dev & Implmt,jcpenny
1265,Sum 2026,UMNTC,UMNTC,ASL,1701,101,ASL I,A-,22,3,PI,"Penny,Jonathan Charles",Ed Pro 5-Ed Prog Dev & Implmt,jcpenny
1265,Sum 2026,UMNTC,UMNTC,ASL,1701,101,ASL I,B,22,2,PI,"Penny,Jonathan Charles",Ed Pro 5-Ed Prog Dev & Implmt,jcpenny
1265,Sum 2026,UMNTC,UMNTC,ASL,1701,101,ASL I,B-,22,2,PI,"Penny,Jonathan Charles",Ed Pro 5-Ed Prog Dev & Implmt,jcpenny
1265,Sum 2026,UMNTC,UMNTC,ASL,1701,101,ASL I,C,22,2,PI,"Penny,Jonathan Charles",Ed Pro 5-Ed Prog Dev & Implmt,jcpenny
1265,Sum 2026,UMNTC,UMNTC,ASL,1701,101,ASL I,C+,22,1,PI,"Penny,Jonathan Charles",Ed Pro 5-Ed Prog Dev & Implmt,jcpenny
1265,Sum 2026,UMNTC,UMNTC,ASL,1701,101,ASL I,C-,22,1,PI,"Penny,Jonathan Charles",Ed Pro 5-Ed Prog Dev & Implmt,jcpenny
1265,Sum 2026,UMNTC,UMNTC,ASL,1701,101,ASL I,D,22,2,PI,"Penny,Jonathan Charles",Ed Pro 5-Ed Prog Dev & Implmt,jcpenny
1265,Sum 2026,UMNTC,UMNTC,ASL,1701,101,ASL I,F,22,3,PI,"Penny,Jonathan Charles",Ed Pro 5-Ed Prog Dev & Implmt,jcpenny
1265,Sum 2026,UMNTC,UMNTC,ASL,1701,101,ASL I,S,22,1,PI,"Penny,Jonathan Charles",Ed Pro 5-Ed Prog Dev & Implmt,jcpenny
1265,Sum 2026,UMNTC,UMNTC,ASL,1701,101,ASL I,W,22,3,PI,"Penny,Jonathan Charles",Ed Pro 5-Ed Prog Dev & Implmt,jcpenny
1265,Sum 2026,UMNTC,UMNTC,ASL,1701,102,ASL I,A,23,3,PI,"Penny,Jonathan Charles",Ed Pro 5-Ed Prog Dev & Implmt,jcpenny
1265,Sum 2026,UMNTC,UMNTC,ASL,1701,102,ASL I,B,23,2,PI,"Penny,Jonathan Charles",Ed Pro 5-Ed Prog Dev & Implmt,jcpenny
1265,Sum 2026,UMNTC,UMNTC,ASL,1701,102,ASL I,B+,23,4,PI,"Penny,Jonathan Charles",Ed Pro 5-Ed Prog Dev & Implmt,jcpenny
1265,Sum 2026,UMNTC,UMNTC,ASL,1701,102,ASL I,B-,23,2,PI,"Penny,Jonathan Charles",Ed Pro 5-Ed Prog Dev & Implmt,jcpenny
1265,Sum 2026,UMNTC,UMNTC,ASL,1701,102,ASL I,C,23,2,PI,"Penny,Jonathan Charles",Ed Pro 5-Ed Prog Dev & Implmt,jcpenny
1265,Sum 2026,UMNTC,UMNTC,ASL,1701,102,ASL I,C+,23,2,PI,"Penny,Jonathan Charles",Ed Pro 5-Ed Prog Dev & Implmt,jcpenny
1265,Sum 2026,UMNTC,UMNTC,ASL,1701,102,ASL I,D+,23,1,PI,"Penny,Jonathan Charles",Ed Pro 5-Ed Prog Dev & Implmt,jcpenny
1265,Sum 2026,UMNTC,UMNTC,ASL,1701,102,ASL I,F,23,3,PI,"Penny,Jonathan Charles",Ed Pro 5-Ed Prog Dev & Implmt,jcpenny
1265,Sum 2026,UMNTC,UMNTC,ASL,1701,102,ASL I,S,23,1,PI,"Penny,Jonathan Charles",Ed Pro 5-Ed Prog Dev & Implmt,jcpenny
1265,Sum 2026,UMNTC,UMNTC,ASL,1701,102,ASL I,W,23,3,PI,"Penny,Jonathan Charles",Ed Pro 5-Ed Prog Dev & Implmt,jcpenny
1265,Sum 2026,UMNTC,UMNTC,ASL,1702,001,ASL II,A,19,2,PI,"Hardin,Bradley",Senior Teaching Specialist,bhardin
1265,Sum 2026,UMNTC,UMNTC,ASL,1702,001,ASL II,A-,19,1,PI,"Hardin,Bradley",Senior Teaching Specialist,bhardin
1265,Sum 2026,UMNTC,UMNTC,ASL,1702,001,ASL II,B,19,1,PI,"Hardin,Bradley",Senior Teaching Specialist,bhardin
1265,Sum 2026,UMNTC,UMNTC,ASL,1702,001,ASL II,B+,19,3,PI,"Hardin,Bradley",Senior Teaching Specialist,bhardin
1265,Sum 2026,UMNTC,UMNTC,ASL,1702,001,ASL II,B-,19,3,PI,"Hardin,Bradley",Senior Teaching Specialist,bhardin
1265,Sum 2026,UMNTC,UMNTC,ASL,1702,001,ASL II,C+,19,1,PI,"Hardin,Bradley",Senior Teaching Specialist,bhardin
1265,Sum 2026,UMNTC,UMNTC,ASL,1702,001,ASL II,F,19,2,PI,"Hardin,Bradley",Senior Teaching Specialist,bhardin
1265,Sum 2026,UMNTC,UMNTC,ASL,1702,001,ASL II,S,19,4,PI,"Hardin,Bradley",Senior Teaching Specialist,bhardin
1265,Sum 2026,UMNTC,UMNTC,ASL,1702,001,ASL II,W,19,2,PI,"Hardin,Bradley",Senior Teaching Specialist,bhardin
1265,Sum 2026,UMNTC,UMNTC,ASL,1702,002,ASL II,A-,20,1,PI,"McCluskey,Nishani",Senior Teaching Specialist,nmcclusk
1265,Sum 2026,UMNTC,UMNTC,ASL,1702,002,ASL II,B,20,1,PI,"McCluskey,Nishani",Senior Teaching Specialist,nmcclusk
1265,Sum 2026,UMNTC,UMNTC,ASL,1702,002,ASL II,B+,20,2,PI,"McCluskey,Nishani",Senior Teaching Specialist,nmcclusk
1265,Sum 2026,UMNTC,UMNTC,ASL,1702,002,ASL II,B-,20,5,PI,"McCluskey,Nishani",Senior Teaching Specialist,nmcclusk
1265,Sum 2026,UMNTC,UMNTC,ASL,1702,002,ASL II,C+,20,3,PI,"McCluskey,Nishani",Senior Teaching Specialist,nmcclusk
1265,Sum 2026,UMNTC,UMNTC,ASL,1702,002,ASL II,C-,20,1,PI,"McCluskey,Nishani",Senior Teaching Specialist,nmcclusk
1265,Sum 2026,UMNTC,UMNTC,ASL,1702,002,ASL II,D+,20,1,PI,"McCluskey,Nishani",Senior Teaching Specialist,nmcclusk
1265,Sum 2026,UMNTC,UMNTC,ASL,1702,002,ASL II,F,20,1,PI,"McCluskey,Nishani",Senior Teaching Specialist,nmcclusk
1265,Sum 2026,UMNTC,UMNTC,ASL,1702,002,ASL II,N,20,1,PI,"McCluskey,Nishani",Senior Teaching Specialist,nmcclusk
1265,Sum 2026,UMNTC,UMNTC,ASL,1702,002,ASL II,S,20,3,PI,"McCluskey,Nishani",Senior Teaching Specialist,nmcclusk
1265,Sum 2026,UMNTC,UMNTC,ASL,1702,002,ASL II,W,20,1,PI,"McCluskey,Nishani",Senior Teaching Specialist,nmcclusk
1265,Sum 2026,UMNDL,UMNDL,ASL,2001,065,Beginning ASL  I,A,23,10,PI,"Cariveau,Chrissy Ann",Instructor,cariv002
1265,Sum 2026,UMNDL,UMNDL,ASL,2001,065,Beginning ASL  I,A-,23,2,PI,"Cariveau,Chrissy Ann",Instructor,cariv002
1265,Sum 2026,UMNDL,UMNDL,ASL,2001,065,Beginning ASL  I,B+,23,3,PI,"Cariveau,Chrissy Ann",Instructor,cariv002
1265,Sum 2026,UMNDL,UMNDL,ASL,2001,065,Beginning ASL  I,B-,23,1,PI,"Cariveau,Chrissy Ann",Instructor,cariv002
1265,Sum 2026,UMNDL,UMNDL,ASL,2001,065,Beginning ASL  I,C+,23,1,PI,"Cariveau,Chrissy Ann",Instructor,cariv002
1265,Sum 2026,UMNDL,UMNDL,ASL,2001,065,Beginning ASL  I,D+,23,2,PI,"Cariveau,Chrissy Ann",Instructor,cariv002
1265,Sum 2026,UMNDL,UMNDL,ASL,2001,065,Beginning ASL  I,F,23,2,PI,"Cariveau,Chrissy Ann",Instructor,cariv002
1265,Sum 2026,UMNDL,UMNDL,ASL,2001,065,Beginning ASL  I,W,23,2,PI,"Cariveau,Chrissy Ann",Instructor,cariv002
1265,Sum 2026,UMNTC,UMNTC,ASL,3703,101,ASL III,A,13,2,PI,"Applebee,Shirley D",Senior Teaching Specialist,apple002
1265,Sum 2026,UMNTC,UMNTC,ASL,3703,101,ASL III,A-,13,3,PI,"Applebee,Shirley D",Senior Teaching Specialist,apple002
1265,Sum 2026,UMNTC,UMNTC,ASL,3703,101,ASL III,B,13,3,PI,"Applebee,Shirley D",Senior Teaching Specialist,apple002
1265,Sum 2026,UMNTC,UMNTC,ASL,3703,101,ASL III,B+,13,1,PI,"Applebee,Shirley D",Senior Teaching Specialist,apple002
1265,Sum 2026,UMNTC,UMNTC,ASL,3703,101,ASL III,B-,13,1,PI,"Applebee,Shirley D",Senior Teaching Specialist,apple002
1265,Sum 2026,UMNTC,UMNTC,ASL,3703,101,ASL III,C,13,1,PI,"Applebee,Shirley D",Senior Teaching Specialist,apple002
1265,Sum 2026,UMNTC,UMNTC,ASL,3703,101,ASL III,S,13,1,PI,"Applebee,Shirley D",Senior Teaching Specialist,apple002
1265,Sum 2026,UMNTC,UMNTC,ASL,3703,101,ASL III,W,13,1,PI,"Applebee,Shirley D",Senior Teaching Specialist,apple002
1265,Sum 2026,UMNTC,UMNTC,ASL,3704,001,ASL IV,A,22,2,PI,"Neubarth,Bradley E",Senior Teaching Specialist,neuba020
1265,Sum 2026,UMNTC,UMNTC,ASL,3704,001,ASL IV,A-,22,2,PI,"Neubarth,Bradley E",Senior Teaching Specialist,neuba020
1265,Sum 2026,UMNTC,UMNTC,ASL,3704,001,ASL IV,B,22,1,PI,"Neubarth,Bradley E",Senior Teaching Specialist,neuba020
1265,Sum 2026,UMNTC,UMNTC,ASL,3704,001,ASL IV,B+,22,6,PI,"Neubarth,Bradley E",Senior Teaching Specialist,neuba020
1265,Sum 2026,UMNTC,UMNTC,ASL,3704,001,ASL IV,B-,22,1,PI,"Neubarth,Bradley E",Senior Teaching Specialist,neuba020
1265,Sum 2026,UMNTC,UMNTC,ASL,3704,001,ASL IV,C-,22,1,PI,"Neubarth,Bradley E",Senior Teaching Specialist,neuba020
1265,Sum 2026,UMNTC,UMNTC,ASL,3704,001,ASL IV,S,22,9,PI,"Neubarth,Bradley E",Senior Teaching Specialist,neuba020
1265,Sum 2026,UMNTC,UMNTC,BA,2005,070,Ethics and Sustainability,A,53,13,PI,"Jordan,Janelle Lynn",Senior Lecturer,j-jordan
1265,Sum 2026,UMNTC,UMNTC,BA,2005,070,Ethics and Sustainability,A-,53,27,PI,"Jordan,Janelle Lynn",Senior Lecturer,j-jordan
1265,Sum 2026,UMNTC,UMNTC,BA,2005,070,Ethics and Sustainability,B,53,1,PI,"Jordan,Janelle Lynn",Senior Lecturer,j-jordan
1265,Sum 2026,UMNTC,UMNTC,BA,2005,070,Ethics and Sustainability,B+,53,11,PI,"Jordan,Janelle Lynn",Senior Lecturer,j-jordan
1265,Sum 2026,UMNTC,UMNTC,BA,2005,070,Ethics and Sustainability,W,53,1,PI,"Jordan,Janelle Lynn",Senior Lecturer,j-jordan
1265,Sum 2026,UMNTC,UMNTC,BA,2051,001,Business Scenarios in Excel,A,25,3,PI,"Jin,Zhenhu",Senior Lecturer,jin00266
1265,Sum 2026,UMNTC,UMNTC,BA,2051,001,Business Scenarios in Excel,A-,25,5,PI,"Jin,Zhenhu",Senior Lecturer,jin00266
1265,Sum 2026,UMNTC,UMNTC,BA,2051,001,Business Scenarios in Excel,B,25,5,PI,"Jin,Zhenhu",Senior Lecturer,jin00266
1265,Sum 2026,UMNTC,UMNTC,BA,2051,001,Business Scenarios in Excel,B+,25,2,PI,"Jin,Zhenhu",Senior Lecturer,jin00266
1265,Sum 2026,UMNTC,UMNTC,BA,2051,001,Business Scenarios in Excel,B-,25,1,PI,"Jin,Zhenhu",Senior Lecturer,jin00266
1265,Sum 2026,UMNTC,UMNTC,BA,2051,001,Business Scenarios in Excel,C+,25,3,PI,"Jin,Zhenhu",Senior Lecturer,jin00266
1265,Sum 2026,UMNTC,UMNTC,BA,2051,001,Business Scenarios in Excel,C-,25,2,PI,"Jin,Zhenhu",Senior Lecturer,jin00266
1265,Sum 2026,UMNTC,UMNTC,BA,2051,001,Business Scenarios in Excel,D,25,1,PI,"Jin,Zhenhu",Senior Lecturer,jin00266
1265,Sum 2026,UMNTC,UMNTC,BA,2051,001,Business Scenarios in Excel,D+,25,2,PI,"Jin,Zhenhu",Senior Lecturer,jin00266
1265,Sum 2026,UMNTC,UMNTC,BA,2051,001,Business Scenarios in Excel,F,25,1,PI,"Jin,Zhenhu",Senior Lecturer,jin00266
1265,Sum 2026,UMNTC,UMNTC,BA,2551,001,Business Statistics in R,A,25,11,PI,"Juneja,Bhupinder Singh",Senior Lecturer,junej003
1265,Sum 2026,UMNTC,UMNTC,BA,2551,001,Business Statistics in R,A-,25,3,PI,"Juneja,Bhupinder Singh",Senior Lecturer,junej003
1265,Sum 2026,UMNTC,UMNTC,BA,2551,001,Business Statistics in R,B,25,2,PI,"Juneja,Bhupinder Singh",Senior Lecturer,junej003
1265,Sum 2026,UMNTC,UMNTC,BA,2551,001,Business Statistics in R,B+,25,1,PI,"Juneja,Bhupinder Singh",Senior Lecturer,junej003
1265,Sum 2026,UMNTC,UMNTC,BA,2551,001,Business Statistics in R,C,25,1,PI,"Juneja,Bhupinder Singh",Senior Lecturer,junej003
1265,Sum 2026,UMNTC,UMNTC,BA,2551,001,Business Statistics in R,D,25,1,PI,"Juneja,Bhupinder Singh",Senior Lecturer,junej003
1265,Sum 2026,UMNTC,UMNTC,BA,2551,001,Business Statistics in R,F,25,3,PI,"Juneja,Bhupinder Singh",Senior Lecturer,junej003
1265,Sum 2026,UMNTC,UMNTC,BA,2551,001,Business Statistics in R,W,25,3,PI,"Juneja,Bhupinder Singh",Senior Lecturer,junej003
1265,Sum 2026,UMNTC,UMNTC,BA,3033W,001,Business Communication,A,28,6,PI,"Bennett,Nat",Senior Lecturer,nbennett
1265,Sum 2026,UMNTC,UMNTC,BA,3033W,001,Business Communication,A-,28,9,PI,"Bennett,Nat",Senior Lecturer,nbennett
1265,Sum 2026,UMNTC,UMNTC,BA,3033W,001,Business Communication,B,28,1,PI,"Bennett,Nat",Senior Lecturer,nbennett
1265,Sum 2026,UMNTC,UMNTC,BA,3033W,001,Business Communication,B+,28,10,PI,"Bennett,Nat",Senior Lecturer,nbennett
1265,Sum 2026,UMNTC,UMNTC,BA,3033W,001,Business Communication,C+,28,1,PI,"Bennett,Nat",Senior Lecturer,nbennett
1265,Sum 2026,UMNTC,UMNTC,BA,3033W,001,Business Communication,F,28,1,PI,"Bennett,Nat",Senior Lecturer,nbennett
1265,Sum 2026,UMNDL,UMNDL,BA,4410,001,Data Visualization,A,15,7,PI,"Elkenawy,Abdelrahman Samy",Instructor,abdou
1265,Sum 2026,UMNDL,UMNDL,BA,4410,001,Data Visualization,A-,15,3,PI,"Elkenawy,Abdelrahman Samy",Instructor,abdou
1265,Sum 2026,UMNDL,UMNDL,BA,4410,001,Data Visualization,B,15,1,PI,"Elkenawy,Abdelrahman Samy",Instructor,abdou
1265,Sum 2026,UMNDL,UMNDL,BA,4410,001,Data Visualization,B+,15,2,PI,"Elkenawy,Abdelrahman Samy",Instructor,abdou
1265,Sum 2026,UMNDL,UMNDL,BA,4410,001,Data Visualization,B-,15,1,PI,"Elkenawy,Abdelrahman Samy",Instructor,abdou
1265,Sum 2026,UMNDL,UMNDL,BA,4410,001,Data Visualization,C-,15,1,PI,"Elkenawy,Abdelrahman Samy",Instructor,abdou
1265,Sum 2026,UMNTC,UMNTC,BBE,1201,001,Renew Engy Climate Chg Soc Env,A,27,13,PI,"Schmidt,David Roger",Rsch Pro 5-Eng Rsch Support,schmi071
1265,Sum 2026,UMNTC,UMNTC,BBE,1201,001,Renew Engy Climate Chg Soc Env,B,27,2,PI,"Schmidt,David Roger",Rsch Pro 5-Eng Rsch Support,schmi071
1265,Sum 2026,UMNTC,UMNTC,BBE,1201,001,Renew Engy Climate Chg Soc Env,B+,27,1,PI,"Schmidt,David Roger",Rsch Pro 5-Eng Rsch Support,schmi071
1265,Sum 2026,UMNTC,UMNTC,BBE,1201,001,Renew Engy Climate Chg Soc Env,B-,27,2,PI,"Schmidt,David Roger",Rsch Pro 5-Eng Rsch Support,schmi071
1265,Sum 2026,UMNTC,UMNTC,BBE,1201,001,Renew Engy Climate Chg Soc Env,C+,27,2,PI,"Schmidt,David Roger",Rsch Pro 5-Eng Rsch Support,schmi071
1265,Sum 2026,UMNTC,UMNTC,BBE,1201,001,Renew Engy Climate Chg Soc Env,F,27,4,PI,"Schmidt,David Roger",Rsch Pro 5-Eng Rsch Support,schmi071
1265,Sum 2026,UMNTC,UMNTC,BBE,1201,001,Renew Engy Climate Chg Soc Env,W,27,3,PI,"Schmidt,David Roger",Rsch Pro 5-Eng Rsch Support,schmi071
1265,Sum 2026,UMNTC,UMNTC,BBE,3201,001,Sustainability of Food Systems,A,19,8,PI,"Hill,Jason David",Professor,hill0408
1265,Sum 2026,UMNTC,UMNTC,BBE,3201,001,Sustainability of Food Systems,B+,19,1,PI,"Hill,Jason David",Professor,hill0408
1265,Sum 2026,UMNTC,UMNTC,BBE,3201,001,Sustainability of Food Systems,B-,19,2,PI,"Hill,Jason David",Professor,hill0408
1265,Sum 2026,UMNTC,UMNTC,BBE,3201,001,Sustainability of Food Systems,C+,19,1,PI,"Hill,Jason David",Professor,hill0408
1265,Sum 2026,UMNTC,UMNTC,BBE,3201,001,Sustainability of Food Systems,F,19,6,PI,"Hill,Jason David",Professor,hill0408
1265,Sum 2026,UMNTC,UMNTC,BBE,3201,001,Sustainability of Food Systems,W,19,1,PI,"Hill,Jason David",Professor,hill0408
1265,Sum 2026,UMNTC,UMNTC,BIOC,3021,090,Biochemistry,A,131,18,PI,"Roon,Robert J",Associate Professor,roonx001
1265,Sum 2026,UMNTC,UMNTC,BIOC,3021,090,Biochemistry,A-,131,22,PI,"Roon,Robert J",Associate Professor,roonx001
1265,Sum 2026,UMNTC,UMNTC,BIOC,3021,090,Biochemistry,B,131,16,PI,"Roon,Robert J",Associate Professor,roonx001
1265,Sum 2026,UMNTC,UMNTC,BIOC,3021,090,Biochemistry,B+,131,16,PI,"Roon,Robert J",Associate Professor,roonx001
1265,Sum 2026,UMNTC,UMNTC,BIOC,3021,090,Biochemistry,B-,131,14,PI,"Roon,Robert J",Associate Professor,roonx001
1265,Sum 2026,UMNTC,UMNTC,BIOC,3021,090,Biochemistry,C,131,26,PI,"Roon,Robert J",Associate Professor,roonx001
1265,Sum 2026,UMNTC,UMNTC,BIOC,3021,090,Biochemistry,C+,131,6,PI,"Roon,Robert J",Associate Professor,roonx001
1265,Sum 2026,UMNTC,UMNTC,BIOC,3021,090,Biochemistry,C-,131,5,PI,"Roon,Robert J",Associate Professor,roonx001
1265,Sum 2026,UMNTC,UMNTC,BIOC,3021,090,Biochemistry,F,131,2,PI,"Roon,Robert J",Associate Professor,roonx001
1265,Sum 2026,UMNTC,UMNTC,BIOC,3021,090,Biochemistry,W,131,6,PI,"Roon,Robert J",Associate Professor,roonx001
1265,Sum 2026,UMNTC,UMNTC,BIOC,3022,001,Biochem for Life Scientists,A,50,20,PI,"Grenfell,Andrew Wang",Teaching Assistant Professor,awg
1265,Sum 2026,UMNTC,UMNTC,BIOC,3022,001,Biochem for Life Scientists,A-,50,6,PI,"Grenfell,Andrew Wang",Teaching Assistant Professor,awg
1265,Sum 2026,UMNTC,UMNTC,BIOC,3022,001,Biochem for Life Scientists,B,50,11,PI,"Grenfell,Andrew Wang",Teaching Assistant Professor,awg
1265,Sum 2026,UMNTC,UMNTC,BIOC,3022,001,Biochem for Life Scientists,B+,50,7,PI,"Grenfell,Andrew Wang",Teaching Assistant Professor,awg
1265,Sum 2026,UMNTC,UMNTC,BIOC,3022,001,Biochem for Life Scientists,B-,50,4,PI,"Grenfell,Andrew Wang",Teaching Assistant Professor,awg
1265,Sum 2026,UMNTC,UMNTC,BIOC,3022,001,Biochem for Life Scientists,C+,50,1,PI,"Grenfell,Andrew Wang",Teaching Assistant Professor,awg
1265,Sum 2026,UMNTC,UMNTC,BIOC,3022,001,Biochem for Life Scientists,F,50,1,PI,"Grenfell,Andrew Wang",Teaching Assistant Professor,awg
1265,Sum 2026,UMNTC,UMNRO,BIOC,3321,001,Biochemistry,A,11,3,PI,"Terrell,Cassidy R.",Associate Professor,terrell
1265,Sum 2026,UMNTC,UMNRO,BIOC,3321,001,Biochemistry,A-,11,3,PI,"Terrell,Cassidy R.",Associate Professor,terrell
1265,Sum 2026,UMNTC,UMNRO,BIOC,3321,001,Biochemistry,B,11,2,PI,"Terrell,Cassidy R.",Associate Professor,terrell
1265,Sum 2026,UMNTC,UMNRO,BIOC,3321,001,Biochemistry,B+,11,1,PI,"Terrell,Cassidy R.",Associate Professor,terrell
1265,Sum 2026,UMNTC,UMNRO,BIOC,3321,001,Biochemistry,B-,11,1,PI,"Terrell,Cassidy R.",Associate Professor,terrell
1265,Sum 2026,UMNTC,UMNRO,BIOC,3321,001,Biochemistry,C+,11,1,PI,"Terrell,Cassidy R.",Associate Professor,terrell
1265,Sum 2026,UMNTC,UMNTC,BIOC,4225,102,Laboratory In NMR Techniques,S,12,1,PI,"Rappe,Todd M",Rsch Pro 3-Biochemistry,rapp0006
1265,Sum 2026,UMNTC,UMNTC,BIOC,4225,102,Laboratory In NMR Techniques,S,12,11,PI,"Rappe,Todd M",Rsch Pro 3-Biochemistry,rapp0006
1265,Sum 2026,UMNCR,UMNCR,BIOL,1000,E90,Biology and Society,A,30,7,PI,"Anderson,Karl William",Teaching Specialist,ande3701
1265,Sum 2026,UMNCR,UMNCR,BIOL,1000,E90,Biology and Society,A-,30,5,PI,"Anderson,Karl William",Teaching Specialist,ande3701
1265,Sum 2026,UMNCR,UMNCR,BIOL,1000,E90,Biology and Society,B,30,4,PI,"Anderson,Karl William",Teaching Specialist,ande3701
1265,Sum 2026,UMNCR,UMNCR,BIOL,1000,E90,Biology and Society,B+,30,3,PI,"Anderson,Karl William",Teaching Specialist,ande3701
1265,Sum 2026,UMNCR,UMNCR,BIOL,1000,E90,Biology and Society,B-,30,3,PI,"Anderson,Karl William",Teaching Specialist,ande3701
1265,Sum 2026,UMNCR,UMNCR,BIOL,1000,E90,Biology and Society,C,30,1,PI,"Anderson,Karl William",Teaching Specialist,ande3701
1265,Sum 2026,UMNCR,UMNCR,BIOL,1000,E90,Biology and Society,C+,30,1,PI,"Anderson,Karl William",Teaching Specialist,ande3701
1265,Sum 2026,UMNCR,UMNCR,BIOL,1000,E90,Biology and Society,F,30,5,PI,"Anderson,Karl William",Teaching Specialist,ande3701
1265,Sum 2026,UMNCR,UMNCR,BIOL,1000,E90,Biology and Society,W,30,1,PI,"Anderson,Karl William",Teaching Specialist,ande3701
1265,Sum 2026,UMNTC,UMNTC,BIOL,1001,090,Evolution & Ecology,A,19,3,PI,"Willis,Charlie",Teaching Associate Professor,will1278
1265,Sum 2026,UMNTC,UMNTC,BIOL,1001,090,Evolution & Ecology,A-,19,3,PI,"Willis,Charlie",Teaching Associate Professor,will1278
1265,Sum 2026,UMNTC,UMNTC,BIOL,1001,090,Evolution & Ecology,B,19,3,PI,"Willis,Charlie",Teaching Associate Professor,will1278
1265,Sum 2026,UMNTC,UMNTC,BIOL,1001,090,Evolution & Ecology,B+,19,4,PI,"Willis,Charlie",Teaching Associate Professor,will1278
1265,Sum 2026,UMNTC,UMNTC,BIOL,1001,090,Evolution & Ecology,B-,19,2,PI,"Willis,Charlie",Teaching Associate Professor,will1278
1265,Sum 2026,UMNTC,UMNTC,BIOL,1001,090,Evolution & Ecology,C+,19,1,PI,"Willis,Charlie",Teaching Associate Professor,will1278
1265,Sum 2026,UMNTC,UMNTC,BIOL,1001,090,Evolution & Ecology,F,19,1,PI,"Willis,Charlie",Teaching Associate Professor,will1278
1265,Sum 2026,UMNTC,UMNTC,BIOL,1001,090,Evolution & Ecology,S,19,1,PI,"Willis,Charlie",Teaching Associate Professor,will1278
1265,Sum 2026,UMNTC,UMNTC,BIOL,1001,090,Evolution & Ecology,W,19,1,PI,"Willis,Charlie",Teaching Associate Professor,will1278
1265,Sum 2026,UMNTC,UMNTC,BIOL,1001,091,Evolution & Ecology,A,21,2,PI,"Willis,Charlie",Teaching Associate Professor,will1278
1265,Sum 2026,UMNTC,UMNTC,BIOL,1001,091,Evolution & Ecology,A-,21,2,PI,"Willis,Charlie",Teaching Associate Professor,will1278
1265,Sum 2026,UMNTC,UMNTC,BIOL,1001,091,Evolution & Ecology,B,21,4,PI,"Willis,Charlie",Teaching Associate Professor,will1278
1265,Sum 2026,UMNTC,UMNTC,BIOL,1001,091,Evolution & Ecology,B+,21,2,PI,"Willis,Charlie",Teaching Associate Professor,will1278
1265,Sum 2026,UMNTC,UMNTC,BIOL,1001,091,Evolution & Ecology,B-,21,1,PI,"Willis,Charlie",Teaching Associate Professor,will1278
1265,Sum 2026,UMNTC,UMNTC,BIOL,1001,091,Evolution & Ecology,C,21,1,PI,"Willis,Charlie",Teaching Associate Professor,will1278
1265,Sum 2026,UMNTC,UMNTC,BIOL,1001,091,Evolution & Ecology,C+,21,2,PI,"Willis,Charlie",Teaching Associate Professor,will1278
1265,Sum 2026,UMNTC,UMNTC,BIOL,1001,091,Evolution & Ecology,C-,21,2,PI,"Willis,Charlie",Teaching Associate Professor,will1278
1265,Sum 2026,UMNTC,UMNTC,BIOL,1001,091,Evolution & Ecology,F,21,1,PI,"Willis,Charlie",Teaching Associate Professor,will1278
1265,Sum 2026,UMNTC,UMNTC,BIOL,1001,091,Evolution & Ecology,N,21,1,PI,"Willis,Charlie",Teaching Associate Professor,will1278
1265,Sum 2026,UMNTC,UMNTC,BIOL,1001,091,Evolution & Ecology,S,21,2,PI,"Willis,Charlie",Teaching Associate Professor,will1278
1265,Sum 2026,UMNTC,UMNTC,BIOL,1001,091,Evolution & Ecology,W,21,1,PI,"Willis,Charlie",Teaching Associate Professor,will1278
1265,Sum 2026,UMNTC,UMNTC,BIOL,1009,002,General Biology,A,22,10,PI,"Breiland,Ashley A",Ed Pro 5-Ed Prog Dev & Implmt,breil015
1265,Sum 2026,UMNTC,UMNTC,BIOL,1009,002,General Biology,A-,22,1,PI,"Breiland,Ashley A",Ed Pro 5-Ed Prog Dev & Implmt,breil015
1265,Sum 2026,UMNTC,UMNTC,BIOL,1009,002,General Biology,B,22,4,PI,"Breiland,Ashley A",Ed Pro 5-Ed Prog Dev & Implmt,breil015
1265,Sum 2026,UMNTC,UMNTC,BIOL,1009,002,General Biology,B+,22,3,PI,"Breiland,Ashley A",Ed Pro 5-Ed Prog Dev & Implmt,breil015
1265,Sum 2026,UMNTC,UMNTC,BIOL,1009,002,General Biology,B-,22,2,PI,"Breiland,Ashley A",Ed Pro 5-Ed Prog Dev & Implmt,breil015
1265,Sum 2026,UMNTC,UMNTC,BIOL,1009,002,General Biology,C,22,1,PI,"Breiland,Ashley A",Ed Pro 5-Ed Prog Dev & Implmt,breil015
1265,Sum 2026,UMNTC,UMNTC,BIOL,1009,002,General Biology,W,22,1,PI,"Breiland,Ashley A",Ed Pro 5-Ed Prog Dev & Implmt,breil015
1265,Sum 2026,UMNTC,UMNTC,BIOL,1009,003,General Biology,A,17,6,PI,"Breiland,Ashley A",Ed Pro 5-Ed Prog Dev & Implmt,breil015
1265,Sum 2026,UMNTC,UMNTC,BIOL,1009,003,General Biology,B,17,1,PI,"Breiland,Ashley A",Ed Pro 5-Ed Prog Dev & Implmt,breil015
1265,Sum 2026,UMNTC,UMNTC,BIOL,1009,003,General Biology,B+,17,3,PI,"Breiland,Ashley A",Ed Pro 5-Ed Prog Dev & Implmt,breil015
1265,Sum 2026,UMNTC,UMNTC,BIOL,1009,003,General Biology,B-,17,2,PI,"Breiland,Ashley A",Ed Pro 5-Ed Prog Dev & Implmt,breil015
1265,Sum 2026,UMNTC,UMNTC,BIOL,1009,003,General Biology,C,17,1,PI,"Breiland,Ashley A",Ed Pro 5-Ed Prog Dev & Implmt,breil015
1265,Sum 2026,UMNTC,UMNTC,BIOL,1009,003,General Biology,C+,17,3,PI,"Breiland,Ashley A",Ed Pro 5-Ed Prog Dev & Implmt,breil015
1265,Sum 2026,UMNTC,UMNTC,BIOL,1009,003,General Biology,C-,17,1,PI,"Breiland,Ashley A",Ed Pro 5-Ed Prog Dev & Implmt,breil015
1265,Sum 2026,UMNTC,UMNTC,BIOL,1009,090,General Biology,A,16,3,PI,"Edelman,Theresa L B",Teaching Assistant Professor,tedelman
1265,Sum 2026,UMNTC,UMNTC,BIOL,1009,090,General Biology,A-,16,3,PI,"Edelman,Theresa L B",Teaching Assistant Professor,tedelman
1265,Sum 2026,UMNTC,UMNTC,BIOL,1009,090,General Biology,B+,16,1,PI,"Edelman,Theresa L B",Teaching Assistant Professor,tedelman
1265,Sum 2026,UMNTC,UMNTC,BIOL,1009,090,General Biology,B-,16,5,PI,"Edelman,Theresa L B",Teaching Assistant Professor,tedelman
1265,Sum 2026,UMNTC,UMNTC,BIOL,1009,090,General Biology,C,16,2,PI,"Edelman,Theresa L B",Teaching Assistant Professor,tedelman
1265,Sum 2026,UMNTC,UMNTC,BIOL,1009,090,General Biology,C-,16,1,PI,"Edelman,Theresa L B",Teaching Assistant Professor,tedelman
1265,Sum 2026,UMNTC,UMNTC,BIOL,1009,090,General Biology,W,16,1,PI,"Edelman,Theresa L B",Teaching Assistant Professor,tedelman
1265,Sum 2026,UMNTC,UMNTC,BIOL,1009,091,General Biology,A,17,1,PI,"Edelman,Theresa L B",Teaching Assistant Professor,tedelman
1265,Sum 2026,UMNTC,UMNTC,BIOL,1009,091,General Biology,A-,17,4,PI,"Edelman,Theresa L B",Teaching Assistant Professor,tedelman
1265,Sum 2026,UMNTC,UMNTC,BIOL,1009,091,General Biology,B,17,1,PI,"Edelman,Theresa L B",Teaching Assistant Professor,tedelman
1265,Sum 2026,UMNTC,UMNTC,BIOL,1009,091,General Biology,B+,17,4,PI,"Edelman,Theresa L B",Teaching Assistant Professor,tedelman
1265,Sum 2026,UMNTC,UMNTC,BIOL,1009,091,General Biology,B-,17,2,PI,"Edelman,Theresa L B",Teaching Assistant Professor,tedelman
1265,Sum 2026,UMNTC,UMNTC,BIOL,1009,091,General Biology,C,17,1,PI,"Edelman,Theresa L B",Teaching Assistant Professor,tedelman
1265,Sum 2026,UMNTC,UMNTC,BIOL,1009,091,General Biology,C+,17,1,PI,"Edelman,Theresa L B",Teaching Assistant Professor,tedelman
1265,Sum 2026,UMNTC,UMNTC,BIOL,1009,091,General Biology,F,17,2,PI,"Edelman,Theresa L B",Teaching Assistant Professor,tedelman
1265,Sum 2026,UMNTC,UMNTC,BIOL,1009,091,General Biology,W,17,1,PI,"Edelman,Theresa L B",Teaching Assistant Professor,tedelman
1265,Sum 2026,UMNDL,UMNDL,BIOL,1011,003,General Biology I,A,10,2,PI,"Nemeth,Katie M.",Teaching Assistant Professor,kmnemeth
1265,Sum 2026,UMNDL,UMNDL,BIOL,1011,003,General Biology I,A-,10,2,PI,"Nemeth,Katie M.",Teaching Assistant Professor,kmnemeth
1265,Sum 2026,UMNDL,UMNDL,BIOL,1011,003,General Biology I,B,10,2,PI,"Nemeth,Katie M.",Teaching Assistant Professor,kmnemeth
1265,Sum 2026,UMNDL,UMNDL,BIOL,1011,003,General Biology I,B+,10,1,PI,"Nemeth,Katie M.",Teaching Assistant Professor,kmnemeth
1265,Sum 2026,UMNDL,UMNDL,BIOL,1011,003,General Biology I,C,10,1,PI,"Nemeth,Katie M.",Teaching Assistant Professor,kmnemeth
1265,Sum 2026,UMNDL,UMNDL,BIOL,1011,003,General Biology I,C-,10,1,PI,"Nemeth,Katie M.",Teaching Assistant Professor,kmnemeth
1265,Sum 2026,UMNDL,UMNDL,BIOL,1011,003,General Biology I,W,10,1,PI,"Nemeth,Katie M.",Teaching Assistant Professor,kmnemeth
1265,Sum 2026,UMNTC,UMNRO,BIOL,1310,001,Medical Terminology,A,12,4,PI,"Wollschlager,Jenny",Senior Teaching Specialist,jwollsch
1265,Sum 2026,UMNTC,UMNRO,BIOL,1310,001,Medical Terminology,A-,12,1,PI,"Wollschlager,Jenny",Senior Teaching Specialist,jwollsch
1265,Sum 2026,UMNTC,UMNRO,BIOL,1310,001,Medical Terminology,B,12,2,PI,"Wollschlager,Jenny",Senior Teaching Specialist,jwollsch
1265,Sum 2026,UMNTC,UMNRO,BIOL,1310,001,Medical Terminology,B+,12,1,PI,"Wollschlager,Jenny",Senior Teaching Specialist,jwollsch
1265,Sum 2026,UMNTC,UMNRO,BIOL,1310,001,Medical Terminology,B-,12,2,PI,"Wollschlager,Jenny",Senior Teaching Specialist,jwollsch
1265,Sum 2026,UMNTC,UMNRO,BIOL,1310,001,Medical Terminology,C-,12,1,PI,"Wollschlager,Jenny",Senior Teaching Specialist,jwollsch
1265,Sum 2026,UMNTC,UMNRO,BIOL,1310,001,Medical Terminology,F,12,1,PI,"Wollschlager,Jenny",Senior Teaching Specialist,jwollsch
1265,Sum 2026,UMNDL,UMNDL,BIOL,2201,001,Genetics,A,29,8,PI,"Strasburg,Jared L",Teaching Associate Professor,jstrasbu
1265,Sum 2026,UMNDL,UMNDL,BIOL,2201,001,Genetics,A-,29,4,PI,"Strasburg,Jared L",Teaching Associate Professor,jstrasbu
1265,Sum 2026,UMNDL,UMNDL,BIOL,2201,001,Genetics,B,29,5,PI,"Strasburg,Jared L",Teaching Associate Professor,jstrasbu
1265,Sum 2026,UMNDL,UMNDL,BIOL,2201,001,Genetics,B+,29,3,PI,"Strasburg,Jared L",Teaching Associate Professor,jstrasbu
1265,Sum 2026,UMNDL,UMNDL,BIOL,2201,001,Genetics,B-,29,1,PI,"Strasburg,Jared L",Teaching Associate Professor,jstrasbu
1265,Sum 2026,UMNDL,UMNDL,BIOL,2201,001,Genetics,C,29,2,PI,"Strasburg,Jared L",Teaching Associate Professor,jstrasbu
1265,Sum 2026,UMNDL,UMNDL,BIOL,2201,001,Genetics,C+,29,2,PI,"Strasburg,Jared L",Teaching Associate Professor,jstrasbu
1265,Sum 2026,UMNDL,UMNDL,BIOL,2201,001,Genetics,D+,29,2,PI,"Strasburg,Jared L",Teaching Associate Professor,jstrasbu
1265,Sum 2026,UMNDL,UMNDL,BIOL,2201,001,Genetics,F,29,2,PI,"Strasburg,Jared L",Teaching Associate Professor,jstrasbu
1265,Sum 2026,UMNTC,UMNTC,BIOL,3004,001,Foundations of Biology II Lab,A,12,6,PI,"Kramer,Max",Teaching Associate Professor,kram0247
1265,Sum 2026,UMNTC,UMNTC,BIOL,3004,001,Foundations of Biology II Lab,A-,12,1,PI,"Kramer,Max",Teaching Associate Professor,kram0247
1265,Sum 2026,UMNTC,UMNTC,BIOL,3004,001,Foundations of Biology II Lab,B,12,1,PI,"Kramer,Max",Teaching Associate Professor,kram0247
1265,Sum 2026,UMNTC,UMNTC,BIOL,3004,001,Foundations of Biology II Lab,B+,12,3,PI,"Kramer,Max",Teaching Associate Professor,kram0247
1265,Sum 2026,UMNTC,UMNTC,BIOL,3004,001,Foundations of Biology II Lab,C,12,1,PI,"Kramer,Max",Teaching Associate Professor,kram0247
1265,Sum 2026,UMNDL,UMNDL,BIOL,3102,001,Cell Biology Human Disease,A,17,8,PI,"Stevenson,Shannon Lea",Teaching Associate Professor,slsteven
1265,Sum 2026,UMNDL,UMNDL,BIOL,3102,001,Cell Biology Human Disease,A-,17,3,PI,"Stevenson,Shannon Lea",Teaching Associate Professor,slsteven
1265,Sum 2026,UMNDL,UMNDL,BIOL,3102,001,Cell Biology Human Disease,B,17,2,PI,"Stevenson,Shannon Lea",Teaching Associate Professor,slsteven
1265,Sum 2026,UMNDL,UMNDL,BIOL,3102,001,Cell Biology Human Disease,B+,17,1,PI,"Stevenson,Shannon Lea",Teaching Associate Professor,slsteven
1265,Sum 2026,UMNDL,UMNDL,BIOL,3102,001,Cell Biology Human Disease,B-,17,2,PI,"Stevenson,Shannon Lea",Teaching Associate Professor,slsteven
1265,Sum 2026,UMNDL,UMNDL,BIOL,3102,001,Cell Biology Human Disease,C+,17,1,PI,"Stevenson,Shannon Lea",Teaching Associate Professor,slsteven
1265,Sum 2026,UMNTC,UMNRO,BIOL,3311,001,Genetics,A,11,9,PI,"Olson,Rachel Lee",Senior Lecturer,olsonrl
1265,Sum 2026,UMNTC,UMNRO,BIOL,3311,001,Genetics,A-,11,1,PI,"Olson,Rachel Lee",Senior Lecturer,olsonrl
1265,Sum 2026,UMNTC,UMNRO,BIOL,3311,001,Genetics,B+,11,1,PI,"Olson,Rachel Lee",Senior Lecturer,olsonrl
1265,Sum 2026,UMNTC,UMNRO,BIOL,3344,002,Microbiology,A,15,10,PI,,,
1265,Sum 2026,UMNTC,UMNRO,BIOL,3344,002,Microbiology,A-,15,1,PI,,,
1265,Sum 2026,UMNTC,UMNRO,BIOL,3344,002,Microbiology,B+,15,2,PI,,,
1265,Sum 2026,UMNTC,UMNRO,BIOL,3344,002,Microbiology,B-,15,1,PI,,,
1265,Sum 2026,UMNTC,UMNRO,BIOL,3344,002,Microbiology,C+,15,1,PI,,,
1265,Sum 2026,UMNTC,UMNRO,BIOL,3355,501,Ecosystem & Ecotourism,A,10,5,PI,"Olson,Rachel Lee",Senior Lecturer,olsonrl
1265,Sum 2026,UMNTC,UMNRO,BIOL,3355,501,Ecosystem & Ecotourism,B,10,2,PI,"Olson,Rachel Lee",Senior Lecturer,olsonrl
1265,Sum 2026,UMNTC,UMNRO,BIOL,3355,501,Ecosystem & Ecotourism,C-,10,1,PI,"Olson,Rachel Lee",Senior Lecturer,olsonrl
1265,Sum 2026,UMNTC,UMNRO,BIOL,3355,501,Ecosystem & Ecotourism,D,10,1,PI,"Olson,Rachel Lee",Senior Lecturer,olsonrl
1265,Sum 2026,UMNTC,UMNRO,BIOL,3355,501,Ecosystem & Ecotourism,F,10,1,PI,"Olson,Rachel Lee",Senior Lecturer,olsonrl
1265,Sum 2026,UMNTC,UMNRO,BIOL,3357,001,Biomed Discovery Beneath Waves,A,10,4,PI,"Wollschlager,Jenny",Senior Teaching Specialist,jwollsch
1265,Sum 2026,UMNTC,UMNRO,BIOL,3357,001,Biomed Discovery Beneath Waves,A-,10,3,PI,"Wollschlager,Jenny",Senior Teaching Specialist,jwollsch
1265,Sum 2026,UMNTC,UMNRO,BIOL,3357,001,Biomed Discovery Beneath Waves,B+,10,1,PI,"Wollschlager,Jenny",Senior Teaching Specialist,jwollsch
1265,Sum 2026,UMNTC,UMNRO,BIOL,3357,001,Biomed Discovery Beneath Waves,C,10,1,PI,"Wollschlager,Jenny",Senior Teaching Specialist,jwollsch
1265,Sum 2026,UMNTC,UMNRO,BIOL,3357,001,Biomed Discovery Beneath Waves,F,10,1,PI,"Wollschlager,Jenny",Senior Teaching Specialist,jwollsch
1265,Sum 2026,UMNDL,UMNDL,BIOL,3761,001,Marine Field Biology,A,17,8,PI,"Mensinger,Allen",Professor,amensing
1265,Sum 2026,UMNDL,UMNDL,BIOL,3761,001,Marine Field Biology,A-,17,5,PI,"Mensinger,Allen",Professor,amensing
1265,Sum 2026,UMNDL,UMNDL,BIOL,3761,001,Marine Field Biology,B+,17,4,PI,"Mensinger,Allen",Professor,amensing
1265,Sum 2026,UMNTC,UMNTC,BIOL,4003,090,Genetics,A,45,20,PI,"Shima,Naoko",Associate Professor,shima023
1265,Sum 2026,UMNTC,UMNTC,BIOL,4003,090,Genetics,A-,45,8,PI,"Shima,Naoko",Associate Professor,shima023
1265,Sum 2026,UMNTC,UMNTC,BIOL,4003,090,Genetics,B,45,3,PI,"Shima,Naoko",Associate Professor,shima023
1265,Sum 2026,UMNTC,UMNTC,BIOL,4003,090,Genetics,B+,45,3,PI,"Shima,Naoko",Associate Professor,shima023
1265,Sum 2026,UMNTC,UMNTC,BIOL,4003,090,Genetics,B-,45,4,PI,"Shima,Naoko",Associate Professor,shima023
1265,Sum 2026,UMNTC,UMNTC,BIOL,4003,090,Genetics,C,45,4,PI,"Shima,Naoko",Associate Professor,shima023
1265,Sum 2026,UMNTC,UMNTC,BIOL,4003,090,Genetics,C+,45,1,PI,"Shima,Naoko",Associate Professor,shima023
1265,Sum 2026,UMNTC,UMNTC,BIOL,4003,090,Genetics,F,45,1,PI,"Shima,Naoko",Associate Professor,shima023
1265,Sum 2026,UMNTC,UMNTC,BIOL,4003,090,Genetics,W,45,1,PI,"Shima,Naoko",Associate Professor,shima023
1265,Sum 2026,UMNTC,UMNTC,BIOL,4003,091,Genetics,A,48,19,PI,"Wang,Pu",Teaching Assistant Professor,wang5922
1265,Sum 2026,UMNTC,UMNTC,BIOL,4003,091,Genetics,A-,48,3,PI,"Wang,Pu",Teaching Assistant Professor,wang5922
1265,Sum 2026,UMNTC,UMNTC,BIOL,4003,091,Genetics,B,48,4,PI,"Wang,Pu",Teaching Assistant Professor,wang5922
1265,Sum 2026,UMNTC,UMNTC,BIOL,4003,091,Genetics,B+,48,4,PI,"Wang,Pu",Teaching Assistant Professor,wang5922
1265,Sum 2026,UMNTC,UMNTC,BIOL,4003,091,Genetics,B-,48,1,PI,"Wang,Pu",Teaching Assistant Professor,wang5922
1265,Sum 2026,UMNTC,UMNTC,BIOL,4003,091,Genetics,C,48,4,PI,"Wang,Pu",Teaching Assistant Professor,wang5922
1265,Sum 2026,UMNTC,UMNTC,BIOL,4003,091,Genetics,C+,48,5,PI,"Wang,Pu",Teaching Assistant Professor,wang5922
1265,Sum 2026,UMNTC,UMNTC,BIOL,4003,091,Genetics,D,48,1,PI,"Wang,Pu",Teaching Assistant Professor,wang5922
1265,Sum 2026,UMNTC,UMNTC,BIOL,4003,091,Genetics,D+,48,3,PI,"Wang,Pu",Teaching Assistant Professor,wang5922
1265,Sum 2026,UMNTC,UMNTC,BIOL,4003,091,Genetics,F,48,3,PI,"Wang,Pu",Teaching Assistant Professor,wang5922
1265,Sum 2026,UMNTC,UMNTC,BIOL,4003,091,Genetics,W,48,1,PI,"Wang,Pu",Teaching Assistant Professor,wang5922
1265,Sum 2026,UMNTC,UMNTC,BIOL,4004,090,Cell Biology,A,60,14,PI,"Flynn,Emily E",Teaching Assistant Professor,flynn622
1265,Sum 2026,UMNTC,UMNTC,BIOL,4004,090,Cell Biology,A-,60,9,PI,"Flynn,Emily E",Teaching Assistant Professor,flynn622
1265,Sum 2026,UMNTC,UMNTC,BIOL,4004,090,Cell Biology,B,60,6,PI,"Flynn,Emily E",Teaching Assistant Professor,flynn622
1265,Sum 2026,UMNTC,UMNTC,BIOL,4004,090,Cell Biology,B+,60,4,PI,"Flynn,Emily E",Teaching Assistant Professor,flynn622
1265,Sum 2026,UMNTC,UMNTC,BIOL,4004,090,Cell Biology,B-,60,5,PI,"Flynn,Emily E",Teaching Assistant Professor,flynn622
1265,Sum 2026,UMNTC,UMNTC,BIOL,4004,090,Cell Biology,C,60,4,PI,"Flynn,Emily E",Teaching Assistant Professor,flynn622
1265,Sum 2026,UMNTC,UMNTC,BIOL,4004,090,Cell Biology,C+,60,5,PI,"Flynn,Emily E",Teaching Assistant Professor,flynn622
1265,Sum 2026,UMNTC,UMNTC,BIOL,4004,090,Cell Biology,C-,60,7,PI,"Flynn,Emily E",Teaching Assistant Professor,flynn622
1265,Sum 2026,UMNTC,UMNTC,BIOL,4004,090,Cell Biology,D,60,2,PI,"Flynn,Emily E",Teaching Assistant Professor,flynn622
1265,Sum 2026,UMNTC,UMNTC,BIOL,4004,090,Cell Biology,D+,60,1,PI,"Flynn,Emily E",Teaching Assistant Professor,flynn622
1265,Sum 2026,UMNTC,UMNTC,BIOL,4004,090,Cell Biology,F,60,1,PI,"Flynn,Emily E",Teaching Assistant Professor,flynn622
1265,Sum 2026,UMNTC,UMNTC,BIOL,4004,090,Cell Biology,W,60,2,PI,"Flynn,Emily E",Teaching Assistant Professor,flynn622
1265,Sum 2026,UMNTC,UMNTC,BIOL,4321W,001,Deconstructing Biology Rsearch,A,11,6,PI,"Kramer,Max",Teaching Associate Professor,kram0247
1265,Sum 2026,UMNTC,UMNTC,BIOL,4321W,001,Deconstructing Biology Rsearch,A-,11,1,PI,"Kramer,Max",Teaching Associate Professor,kram0247
1265,Sum 2026,UMNTC,UMNTC,BIOL,4321W,001,Deconstructing Biology Rsearch,B,11,1,PI,"Kramer,Max",Teaching Associate Professor,kram0247
1265,Sum 2026,UMNTC,UMNTC,BIOL,4321W,001,Deconstructing Biology Rsearch,B-,11,1,PI,"Kramer,Max",Teaching Associate Professor,kram0247
1265,Sum 2026,UMNTC,UMNTC,BIOL,4321W,001,Deconstructing Biology Rsearch,F,11,2,PI,"Kramer,Max",Teaching Associate Professor,kram0247
1265,Sum 2026,UMNDL,UMNDL,BLAW,2001,001,Legal Environment,A,22,13,PI,"Lukasavitz,Brian Thomas",Teaching Assistant Professor,blukasav
1265,Sum 2026,UMNDL,UMNDL,BLAW,2001,001,Legal Environment,A-,22,4,PI,"Lukasavitz,Brian Thomas",Teaching Assistant Professor,blukasav
1265,Sum 2026,UMNDL,UMNDL,BLAW,2001,001,Legal Environment,B-,22,2,PI,"Lukasavitz,Brian Thomas",Teaching Assistant Professor,blukasav
1265,Sum 2026,UMNDL,UMNDL,BLAW,2001,001,Legal Environment,C,22,1,PI,"Lukasavitz,Brian Thomas",Teaching Assistant Professor,blukasav
1265,Sum 2026,UMNDL,UMNDL,BLAW,2001,001,Legal Environment,C-,22,1,PI,"Lukasavitz,Brian Thomas",Teaching Assistant Professor,blukasav
1265,Sum 2026,UMNDL,UMNDL,BLAW,2001,001,Legal Environment,F,22,1,PI,"Lukasavitz,Brian Thomas",Teaching Assistant Professor,blukasav
1265,Sum 2026,UMNDL,UMNDL,BMS,8001,001,Found of Biomedical Sciences,A,19,16,PI,"Smoniewski,Clara Marie",Assistant Professor,smoni002
1265,Sum 2026,UMNDL,UMNDL,BMS,8001,001,Found of Biomedical Sciences,A-,19,2,PI,"Smoniewski,Clara Marie",Assistant Professor,smoni002
1265,Sum 2026,UMNDL,UMNDL,BMS,8001,001,Found of Biomedical Sciences,B+,19,1,PI,"Smoniewski,Clara Marie",Assistant Professor,smoni002
1265,Sum 2026,UMNCR,UMNCR,CA,1020,E90,Spreadsheet Applications,A,30,9,PI,"Armstrong,Vanessa Louise",Teaching Specialist,arms0128
1265,Sum 2026,UMNCR,UMNCR,CA,1020,E90,Spreadsheet Applications,A-,30,3,PI,"Armstrong,Vanessa Louise",Teaching Specialist,arms0128
1265,Sum 2026,UMNCR,UMNCR,CA,1020,E90,Spreadsheet Applications,B,30,3,PI,"Armstrong,Vanessa Louise",Teaching Specialist,arms0128
1265,Sum 2026,UMNCR,UMNCR,CA,1020,E90,Spreadsheet Applications,B+,30,1,PI,"Armstrong,Vanessa Louise",Teaching Specialist,arms0128
1265,Sum 2026,UMNCR,UMNCR,CA,1020,E90,Spreadsheet Applications,B-,30,2,PI,"Armstrong,Vanessa Louise",Teaching Specialist,arms0128
1265,Sum 2026,UMNCR,UMNCR,CA,1020,E90,Spreadsheet Applications,C,30,1,PI,"Armstrong,Vanessa Louise",Teaching Specialist,arms0128
1265,Sum 2026,UMNCR,UMNCR,CA,1020,E90,Spreadsheet Applications,C+,30,1,PI,"Armstrong,Vanessa Louise",Teaching Specialist,arms0128
1265,Sum 2026,UMNCR,UMNCR,CA,1020,E90,Spreadsheet Applications,C-,30,1,PI,"Armstrong,Vanessa Louise",Teaching Specialist,arms0128
1265,Sum 2026,UMNCR,UMNCR,CA,1020,E90,Spreadsheet Applications,D,30,1,PI,"Armstrong,Vanessa Louise",Teaching Specialist,arms0128
1265,Sum 2026,UMNCR,UMNCR,CA,1020,E90,Spreadsheet Applications,D+,30,2,PI,"Armstrong,Vanessa Louise",Teaching Specialist,arms0128
1265,Sum 2026,UMNCR,UMNCR,CA,1020,E90,Spreadsheet Applications,F,30,4,PI,"Armstrong,Vanessa Louise",Teaching Specialist,arms0128
1265,Sum 2026,UMNCR,UMNCR,CA,1020,E90,Spreadsheet Applications,W,30,2,PI,"Armstrong,Vanessa Louise",Teaching Specialist,arms0128
1265,Sum 2026,UMNCR,UMNCR,CA,1020,E91,Spreadsheet Applications,A,29,2,PI,"Amin,Md Nurul",Teaching Specialist,mnamin
1265,Sum 2026,UMNCR,UMNCR,CA,1020,E91,Spreadsheet Applications,A-,29,2,PI,"Amin,Md Nurul",Teaching Specialist,mnamin
1265,Sum 2026,UMNCR,UMNCR,CA,1020,E91,Spreadsheet Applications,B,29,2,PI,"Amin,Md Nurul",Teaching Specialist,mnamin
1265,Sum 2026,UMNCR,UMNCR,CA,1020,E91,Spreadsheet Applications,B+,29,2,PI,"Amin,Md Nurul",Teaching Specialist,mnamin
1265,Sum 2026,UMNCR,UMNCR,CA,1020,E91,Spreadsheet Applications,B-,29,5,PI,"Amin,Md Nurul",Teaching Specialist,mnamin
1265,Sum 2026,UMNCR,UMNCR,CA,1020,E91,Spreadsheet Applications,C,29,4,PI,"Amin,Md Nurul",Teaching Specialist,mnamin
1265,Sum 2026,UMNCR,UMNCR,CA,1020,E91,Spreadsheet Applications,C+,29,2,PI,"Amin,Md Nurul",Teaching Specialist,mnamin
1265,Sum 2026,UMNCR,UMNCR,CA,1020,E91,Spreadsheet Applications,C-,29,1,PI,"Amin,Md Nurul",Teaching Specialist,mnamin
1265,Sum 2026,UMNCR,UMNCR,CA,1020,E91,Spreadsheet Applications,D+,29,1,PI,"Amin,Md Nurul",Teaching Specialist,mnamin
1265,Sum 2026,UMNCR,UMNCR,CA,1020,E91,Spreadsheet Applications,F,29,4,PI,"Amin,Md Nurul",Teaching Specialist,mnamin
1265,Sum 2026,UMNCR,UMNCR,CA,1020,E91,Spreadsheet Applications,W,29,4,PI,"Amin,Md Nurul",Teaching Specialist,mnamin
1265,Sum 2026,UMNCR,UMNCR,CA,1040,E90,Web Site Development,A,27,14,PI,"Amin,Md Nurul",Teaching Specialist,mnamin
1265,Sum 2026,UMNCR,UMNCR,CA,1040,E90,Web Site Development,A-,27,3,PI,"Amin,Md Nurul",Teaching Specialist,mnamin
1265,Sum 2026,UMNCR,UMNCR,CA,1040,E90,Web Site Development,B,27,1,PI,"Amin,Md Nurul",Teaching Specialist,mnamin
1265,Sum 2026,UMNCR,UMNCR,CA,1040,E90,Web Site Development,B+,27,1,PI,"Amin,Md Nurul",Teaching Specialist,mnamin
1265,Sum 2026,UMNCR,UMNCR,CA,1040,E90,Web Site Development,D,27,1,PI,"Amin,Md Nurul",Teaching Specialist,mnamin
1265,Sum 2026,UMNCR,UMNCR,CA,1040,E90,Web Site Development,F,27,6,PI,"Amin,Md Nurul",Teaching Specialist,mnamin
1265,Sum 2026,UMNCR,UMNCR,CA,1040,E90,Web Site Development,W,27,1,PI,"Amin,Md Nurul",Teaching Specialist,mnamin
1265,Sum 2026,UMNTC,UMNRO,CAP,2713,001,Career Dvlpmnt Skills Hlth Sci,N,23,1,PI,"McCorkell,Brennah Rose",SS Pro 3-Academic Program Svc,mccor859
1265,Sum 2026,UMNTC,UMNRO,CAP,2713,001,Career Dvlpmnt Skills Hlth Sci,S,23,22,PI,"McCorkell,Brennah Rose",SS Pro 3-Academic Program Svc,mccor859
1265,Sum 2026,UMNDL,UMNDL,CE,1000,001,History of Structures,A,35,28,PI,"Schokker,Andrea J",Professor,aschokke
1265,Sum 2026,UMNDL,UMNDL,CE,1000,001,History of Structures,A-,35,1,PI,"Schokker,Andrea J",Professor,aschokke
1265,Sum 2026,UMNDL,UMNDL,CE,1000,001,History of Structures,B,35,1,PI,"Schokker,Andrea J",Professor,aschokke
1265,Sum 2026,UMNDL,UMNDL,CE,1000,001,History of Structures,B+,35,1,PI,"Schokker,Andrea J",Professor,aschokke
1265,Sum 2026,UMNDL,UMNDL,CE,1000,001,History of Structures,C+,35,1,PI,"Schokker,Andrea J",Professor,aschokke
1265,Sum 2026,UMNDL,UMNDL,CE,1000,001,History of Structures,F,35,3,PI,"Schokker,Andrea J",Professor,aschokke
1265,Sum 2026,UMNDL,UMNDL,CE,2015,001,Engineering Statics,A,15,4,PI,"Kohn,Brian J",Senior Instructor UEA,bkohn
1265,Sum 2026,UMNDL,UMNDL,CE,2015,001,Engineering Statics,A-,15,6,PI,"Kohn,Brian J",Senior Instructor UEA,bkohn
1265,Sum 2026,UMNDL,UMNDL,CE,2015,001,Engineering Statics,B,15,1,PI,"Kohn,Brian J",Senior Instructor UEA,bkohn
1265,Sum 2026,UMNDL,UMNDL,CE,2015,001,Engineering Statics,B+,15,3,PI,"Kohn,Brian J",Senior Instructor UEA,bkohn
1265,Sum 2026,UMNDL,UMNDL,CE,2015,001,Engineering Statics,B-,15,1,PI,"Kohn,Brian J",Senior Instructor UEA,bkohn
1265,Sum 2026,UMNDL,UMNDL,CE,2016,001,Mechanics of Materials,A,14,11,PI,"Kohn,Brian J",Senior Instructor UEA,bkohn
1265,Sum 2026,UMNDL,UMNDL,CE,2016,001,Mechanics of Materials,A-,14,2,PI,"Kohn,Brian J",Senior Instructor UEA,bkohn
1265,Sum 2026,UMNDL,UMNDL,CE,2016,001,Mechanics of Materials,B+,14,1,PI,"Kohn,Brian J",Senior Instructor UEA,bkohn
1265,Sum 2026,UMNTC,UMNTC,CFAN,3096,001,Mkg the Most of your Prof Exp,A,40,26,PI,"Ruddy,Mari Michelle",SS Supv 3-Career Development,mmruddy
1265,Sum 2026,UMNTC,UMNTC,CFAN,3096,001,Mkg the Most of your Prof Exp,A-,40,10,PI,"Ruddy,Mari Michelle",SS Supv 3-Career Development,mmruddy
1265,Sum 2026,UMNTC,UMNTC,CFAN,3096,001,Mkg the Most of your Prof Exp,B,40,1,PI,"Ruddy,Mari Michelle",SS Supv 3-Career Development,mmruddy
1265,Sum 2026,UMNTC,UMNTC,CFAN,3096,001,Mkg the Most of your Prof Exp,B+,40,1,PI,"Ruddy,Mari Michelle",SS Supv 3-Career Development,mmruddy
1265,Sum 2026,UMNTC,UMNTC,CFAN,3096,001,Mkg the Most of your Prof Exp,B-,40,2,PI,"Ruddy,Mari Michelle",SS Supv 3-Career Development,mmruddy
1265,Sum 2026,UMNTC,UMNTC,CFAN,3516,500,Sustainbl Food Systms of Italy,A,10,9,PI,"Grossman,Julie Marie",Associate Dean,jgross
1265,Sum 2026,UMNTC,UMNTC,CFAN,3516,500,Sustainbl Food Systms of Italy,C,10,1,PI,"Grossman,Julie Marie",Associate Dean,jgross
1265,Sum 2026,UMNTC,UMNTC,CHEM,1015,001,Intro Chemistry: Lecture,A,19,3,PI,"Pelton,Emily",Associate Professor,epelton
1265,Sum 2026,UMNTC,UMNTC,CHEM,1015,001,Intro Chemistry: Lecture,B,19,4,PI,"Pelton,Emily",Associate Professor,epelton
1265,Sum 2026,UMNTC,UMNTC,CHEM,1015,001,Intro Chemistry: Lecture,C,19,4,PI,"Pelton,Emily",Associate Professor,epelton
1265,Sum 2026,UMNTC,UMNTC,CHEM,1015,001,Intro Chemistry: Lecture,C+,19,4,PI,"Pelton,Emily",Associate Professor,epelton
1265,Sum 2026,UMNTC,UMNTC,CHEM,1015,001,Intro Chemistry: Lecture,C-,19,1,PI,"Pelton,Emily",Associate Professor,epelton
1265,Sum 2026,UMNTC,UMNTC,CHEM,1015,001,Intro Chemistry: Lecture,D,19,1,PI,"Pelton,Emily",Associate Professor,epelton
1265,Sum 2026,UMNTC,UMNTC,CHEM,1015,001,Intro Chemistry: Lecture,F,19,1,PI,"Pelton,Emily",Associate Professor,epelton
1265,Sum 2026,UMNTC,UMNTC,CHEM,1015,001,Intro Chemistry: Lecture,W,19,1,PI,"Pelton,Emily",Associate Professor,epelton
1265,Sum 2026,UMNTC,UMNTC,CHEM,1017,001,Introductory Chemistry: Lab,A,13,5,PI,"Houchlei,Samantha",Assistant Professor,houch023
1265,Sum 2026,UMNTC,UMNTC,CHEM,1017,001,Introductory Chemistry: Lab,A-,13,4,PI,"Houchlei,Samantha",Assistant Professor,houch023
1265,Sum 2026,UMNTC,UMNTC,CHEM,1017,001,Introductory Chemistry: Lab,B+,13,3,PI,"Houchlei,Samantha",Assistant Professor,houch023
1265,Sum 2026,UMNTC,UMNTC,CHEM,1017,001,Introductory Chemistry: Lab,B-,13,1,PI,"Houchlei,Samantha",Assistant Professor,houch023
1265,Sum 2026,UMNTC,UMNTC,CHEM,1061,001,Chemical Principles I,A,94,4,PI,"Driessen,Michelle",Professor,mdd
1265,Sum 2026,UMNTC,UMNTC,CHEM,1061,001,Chemical Principles I,A-,94,3,PI,"Driessen,Michelle",Professor,mdd
1265,Sum 2026,UMNTC,UMNTC,CHEM,1061,001,Chemical Principles I,B,94,4,PI,"Driessen,Michelle",Professor,mdd
1265,Sum 2026,UMNTC,UMNTC,CHEM,1061,001,Chemical Principles I,B+,94,5,PI,"Driessen,Michelle",Professor,mdd
1265,Sum 2026,UMNTC,UMNTC,CHEM,1061,001,Chemical Principles I,B-,94,7,PI,"Driessen,Michelle",Professor,mdd
1265,Sum 2026,UMNTC,UMNTC,CHEM,1061,001,Chemical Principles I,C,94,11,PI,"Driessen,Michelle",Professor,mdd
1265,Sum 2026,UMNTC,UMNTC,CHEM,1061,001,Chemical Principles I,C+,94,8,PI,"Driessen,Michelle",Professor,mdd
1265,Sum 2026,UMNTC,UMNTC,CHEM,1061,001,Chemical Principles I,C-,94,5,PI,"Driessen,Michelle",Professor,mdd
1265,Sum 2026,UMNTC,UMNTC,CHEM,1061,001,Chemical Principles I,D,94,8,PI,"Driessen,Michelle",Professor,mdd
1265,Sum 2026,UMNTC,UMNTC,CHEM,1061,001,Chemical Principles I,D+,94,2,PI,"Driessen,Michelle",Professor,mdd
1265,Sum 2026,UMNTC,UMNTC,CHEM,1061,001,Chemical Principles I,F,94,22,PI,"Driessen,Michelle",Professor,mdd
1265,Sum 2026,UMNTC,UMNTC,CHEM,1061,001,Chemical Principles I,W,94,15,PI,"Driessen,Michelle",Professor,mdd
1265,Sum 2026,UMNTC,UMNTC,CHEM,1062,001,Chem Prin II,A,105,3,PI,"Driessen,Michelle",Professor,mdd
1265,Sum 2026,UMNTC,UMNTC,CHEM,1062,001,Chem Prin II,A-,105,4,PI,"Driessen,Michelle",Professor,mdd
1265,Sum 2026,UMNTC,UMNTC,CHEM,1062,001,Chem Prin II,B,105,4,PI,"Driessen,Michelle",Professor,mdd
1265,Sum 2026,UMNTC,UMNTC,CHEM,1062,001,Chem Prin II,B+,105,4,PI,"Driessen,Michelle",Professor,mdd
1265,Sum 2026,UMNTC,UMNTC,CHEM,1062,001,Chem Prin II,C,105,7,PI,"Driessen,Michelle",Professor,mdd
1265,Sum 2026,UMNTC,UMNTC,CHEM,1062,001,Chem Prin II,C+,105,8,PI,"Driessen,Michelle",Professor,mdd
1265,Sum 2026,UMNTC,UMNTC,CHEM,1062,001,Chem Prin II,C-,105,10,PI,"Driessen,Michelle",Professor,mdd
1265,Sum 2026,UMNTC,UMNTC,CHEM,1062,001,Chem Prin II,D,105,6,PI,"Driessen,Michelle",Professor,mdd
1265,Sum 2026,UMNTC,UMNTC,CHEM,1062,001,Chem Prin II,D+,105,3,PI,"Driessen,Michelle",Professor,mdd
1265,Sum 2026,UMNTC,UMNTC,CHEM,1062,001,Chem Prin II,F,105,46,PI,"Driessen,Michelle",Professor,mdd
1265,Sum 2026,UMNTC,UMNTC,CHEM,1062,001,Chem Prin II,W,105,10,PI,"Driessen,Michelle",Professor,mdd
1265,Sum 2026,UMNTC,UMNTC,CHEM,1065,001,Chemical Principles  I Lab,A,21,13,PI,"Houchlei,Samantha",Assistant Professor,houch023
1265,Sum 2026,UMNTC,UMNTC,CHEM,1065,001,Chemical Principles  I Lab,B,21,3,PI,"Houchlei,Samantha",Assistant Professor,houch023
1265,Sum 2026,UMNTC,UMNTC,CHEM,1065,001,Chemical Principles  I Lab,C,21,3,PI,"Houchlei,Samantha",Assistant Professor,houch023
1265,Sum 2026,UMNTC,UMNTC,CHEM,1065,001,Chemical Principles  I Lab,D,21,1,PI,"Houchlei,Samantha",Assistant Professor,houch023
1265,Sum 2026,UMNTC,UMNTC,CHEM,1065,001,Chemical Principles  I Lab,F,21,1,PI,"Houchlei,Samantha",Assistant Professor,houch023
1265,Sum 2026,UMNTC,UMNTC,CHEM,1065,002,Chemical Principles  I Lab,A,17,13,PI,"Houchlei,Samantha",Assistant Professor,houch023
1265,Sum 2026,UMNTC,UMNTC,CHEM,1065,002,Chemical Principles  I Lab,B,17,3,PI,"Houchlei,Samantha",Assistant Professor,houch023
1265,Sum 2026,UMNTC,UMNTC,CHEM,1065,002,Chemical Principles  I Lab,W,17,1,PI,"Houchlei,Samantha",Assistant Professor,houch023
1265,Sum 2026,UMNTC,UMNTC,CHEM,1066,001,Chem Prin II Lab,A,22,14,PI,"Houchlei,Samantha",Assistant Professor,houch023
1265,Sum 2026,UMNTC,UMNTC,CHEM,1066,001,Chem Prin II Lab,B,22,6,PI,"Houchlei,Samantha",Assistant Professor,houch023
1265,Sum 2026,UMNTC,UMNTC,CHEM,1066,001,Chem Prin II Lab,C,22,2,PI,"Houchlei,Samantha",Assistant Professor,houch023
1265,Sum 2026,UMNTC,UMNTC,CHEM,1066,002,Chem Prin II Lab,A,20,16,PI,"Houchlei,Samantha",Assistant Professor,houch023
1265,Sum 2026,UMNTC,UMNTC,CHEM,1066,002,Chem Prin II Lab,B,20,1,PI,"Houchlei,Samantha",Assistant Professor,houch023
1265,Sum 2026,UMNTC,UMNTC,CHEM,1066,002,Chem Prin II Lab,C,20,1,PI,"Houchlei,Samantha",Assistant Professor,houch023
1265,Sum 2026,UMNTC,UMNTC,CHEM,1066,002,Chem Prin II Lab,F,20,2,PI,"Houchlei,Samantha",Assistant Professor,houch023
1265,Sum 2026,UMNTC,UMNTC,CHEM,1066,003,Chem Prin II Lab,A,21,19,PI,"Houchlei,Samantha",Assistant Professor,houch023
1265,Sum 2026,UMNTC,UMNTC,CHEM,1066,003,Chem Prin II Lab,B,21,1,PI,"Houchlei,Samantha",Assistant Professor,houch023
1265,Sum 2026,UMNTC,UMNTC,CHEM,1066,003,Chem Prin II Lab,C,21,1,PI,"Houchlei,Samantha",Assistant Professor,houch023
1265,Sum 2026,UMNDL,UMNDL,CHEM,1153,001,General Chemistry I,A,34,8,PI,"Ronayne,Conor Terrance",Rsch Pro 7-Pharmacology,ronay013
1265,Sum 2026,UMNDL,UMNDL,CHEM,1153,001,General Chemistry I,A-,34,12,PI,"Ronayne,Conor Terrance",Rsch Pro 7-Pharmacology,ronay013
1265,Sum 2026,UMNDL,UMNDL,CHEM,1153,001,General Chemistry I,B,34,3,PI,"Ronayne,Conor Terrance",Rsch Pro 7-Pharmacology,ronay013
1265,Sum 2026,UMNDL,UMNDL,CHEM,1153,001,General Chemistry I,B+,34,5,PI,"Ronayne,Conor Terrance",Rsch Pro 7-Pharmacology,ronay013
1265,Sum 2026,UMNDL,UMNDL,CHEM,1153,001,General Chemistry I,B-,34,2,PI,"Ronayne,Conor Terrance",Rsch Pro 7-Pharmacology,ronay013
1265,Sum 2026,UMNDL,UMNDL,CHEM,1153,001,General Chemistry I,C,34,1,PI,"Ronayne,Conor Terrance",Rsch Pro 7-Pharmacology,ronay013
1265,Sum 2026,UMNDL,UMNDL,CHEM,1153,001,General Chemistry I,C-,34,2,PI,"Ronayne,Conor Terrance",Rsch Pro 7-Pharmacology,ronay013
1265,Sum 2026,UMNDL,UMNDL,CHEM,1153,001,General Chemistry I,D+,34,1,PI,"Ronayne,Conor Terrance",Rsch Pro 7-Pharmacology,ronay013
1265,Sum 2026,UMNDL,UMNDL,CHEM,1154,001,General Chem Lab I,A,17,10,PI,"Ronayne,Conor Terrance",Rsch Pro 7-Pharmacology,ronay013
1265,Sum 2026,UMNDL,UMNDL,CHEM,1154,001,General Chem Lab I,A-,17,1,PI,"Ronayne,Conor Terrance",Rsch Pro 7-Pharmacology,ronay013
1265,Sum 2026,UMNDL,UMNDL,CHEM,1154,001,General Chem Lab I,B,17,1,PI,"Ronayne,Conor Terrance",Rsch Pro 7-Pharmacology,ronay013
1265,Sum 2026,UMNDL,UMNDL,CHEM,1154,001,General Chem Lab I,C,17,1,PI,"Ronayne,Conor Terrance",Rsch Pro 7-Pharmacology,ronay013
1265,Sum 2026,UMNDL,UMNDL,CHEM,1154,001,General Chem Lab I,C+,17,1,PI,"Ronayne,Conor Terrance",Rsch Pro 7-Pharmacology,ronay013
1265,Sum 2026,UMNDL,UMNDL,CHEM,1154,001,General Chem Lab I,F,17,3,PI,"Ronayne,Conor Terrance",Rsch Pro 7-Pharmacology,ronay013
1265,Sum 2026,UMNDL,UMNDL,CHEM,1154,002,General Chem Lab I,A,15,5,PI,"Ronayne,Conor Terrance",Rsch Pro 7-Pharmacology,ronay013
1265,Sum 2026,UMNDL,UMNDL,CHEM,1154,002,General Chem Lab I,A-,15,1,PI,"Ronayne,Conor Terrance",Rsch Pro 7-Pharmacology,ronay013
1265,Sum 2026,UMNDL,UMNDL,CHEM,1154,002,General Chem Lab I,B,15,2,PI,"Ronayne,Conor Terrance",Rsch Pro 7-Pharmacology,ronay013
1265,Sum 2026,UMNDL,UMNDL,CHEM,1154,002,General Chem Lab I,B-,15,1,PI,"Ronayne,Conor Terrance",Rsch Pro 7-Pharmacology,ronay013
1265,Sum 2026,UMNDL,UMNDL,CHEM,1154,002,General Chem Lab I,C,15,3,PI,"Ronayne,Conor Terrance",Rsch Pro 7-Pharmacology,ronay013
1265,Sum 2026,UMNDL,UMNDL,CHEM,1154,002,General Chem Lab I,C-,15,1,PI,"Ronayne,Conor Terrance",Rsch Pro 7-Pharmacology,ronay013
1265,Sum 2026,UMNDL,UMNDL,CHEM,1154,002,General Chem Lab I,F,15,1,PI,"Ronayne,Conor Terrance",Rsch Pro 7-Pharmacology,ronay013
1265,Sum 2026,UMNDL,UMNDL,CHEM,1154,002,General Chem Lab I,W,15,1,PI,"Ronayne,Conor Terrance",Rsch Pro 7-Pharmacology,ronay013
1265,Sum 2026,UMNDL,UMNDL,CHEM,1155,001,General Chemistry II,A,40,27,PI,"Kiprof,Paul",Professor,pkiprof
1265,Sum 2026,UMNDL,UMNDL,CHEM,1155,001,General Chemistry II,A-,40,2,PI,"Kiprof,Paul",Professor,pkiprof
1265,Sum 2026,UMNDL,UMNDL,CHEM,1155,001,General Chemistry II,B,40,3,PI,"Kiprof,Paul",Professor,pkiprof
1265,Sum 2026,UMNDL,UMNDL,CHEM,1155,001,General Chemistry II,B+,40,1,PI,"Kiprof,Paul",Professor,pkiprof
1265,Sum 2026,UMNDL,UMNDL,CHEM,1155,001,General Chemistry II,B-,40,2,PI,"Kiprof,Paul",Professor,pkiprof
1265,Sum 2026,UMNDL,UMNDL,CHEM,1155,001,General Chemistry II,C,40,2,PI,"Kiprof,Paul",Professor,pkiprof
1265,Sum 2026,UMNDL,UMNDL,CHEM,1155,001,General Chemistry II,C+,40,1,PI,"Kiprof,Paul",Professor,pkiprof
1265,Sum 2026,UMNDL,UMNDL,CHEM,1155,001,General Chemistry II,C-,40,2,PI,"Kiprof,Paul",Professor,pkiprof
1265,Sum 2026,UMNDL,UMNDL,CHEM,1156,001,General Chem Lab II,A,14,11,PI,"Kiprof,Paul",Professor,pkiprof
1265,Sum 2026,UMNDL,UMNDL,CHEM,1156,001,General Chem Lab II,C-,14,1,PI,"Kiprof,Paul",Professor,pkiprof
1265,Sum 2026,UMNDL,UMNDL,CHEM,1156,001,General Chem Lab II,F,14,2,PI,"Kiprof,Paul",Professor,pkiprof
1265,Sum 2026,UMNDL,UMNDL,CHEM,1156,002,General Chem Lab II,A,15,9,PI,"Kiprof,Paul",Professor,pkiprof
1265,Sum 2026,UMNDL,UMNDL,CHEM,1156,002,General Chem Lab II,A-,15,1,PI,"Kiprof,Paul",Professor,pkiprof
1265,Sum 2026,UMNDL,UMNDL,CHEM,1156,002,General Chem Lab II,B,15,1,PI,"Kiprof,Paul",Professor,pkiprof
1265,Sum 2026,UMNDL,UMNDL,CHEM,1156,002,General Chem Lab II,B+,15,2,PI,"Kiprof,Paul",Professor,pkiprof
1265,Sum 2026,UMNDL,UMNDL,CHEM,1156,002,General Chem Lab II,F,15,2,PI,"Kiprof,Paul",Professor,pkiprof
1265,Sum 2026,UMNTC,UMNRO,CHEM,2131,001,Organic Chemistry II,A,12,7,PI,"Anderson,Shannon Yun",Lecturer,andesy
1265,Sum 2026,UMNTC,UMNRO,CHEM,2131,001,Organic Chemistry II,A-,12,2,PI,"Anderson,Shannon Yun",Lecturer,andesy
1265,Sum 2026,UMNTC,UMNRO,CHEM,2131,001,Organic Chemistry II,B,12,1,PI,"Anderson,Shannon Yun",Lecturer,andesy
1265,Sum 2026,UMNTC,UMNRO,CHEM,2131,001,Organic Chemistry II,B+,12,1,PI,"Anderson,Shannon Yun",Lecturer,andesy
1265,Sum 2026,UMNTC,UMNRO,CHEM,2131,001,Organic Chemistry II,F,12,1,PI,"Anderson,Shannon Yun",Lecturer,andesy
1265,Sum 2026,UMNDL,UMNDL,CHEM,2222,001,Quantitative Analysis,A,21,4,PI,"Metto,Eve",Teaching Assistant Professor,emetto
1265,Sum 2026,UMNDL,UMNDL,CHEM,2222,001,Quantitative Analysis,B,21,5,PI,"Metto,Eve",Teaching Assistant Professor,emetto
1265,Sum 2026,UMNDL,UMNDL,CHEM,2222,001,Quantitative Analysis,B+,21,2,PI,"Metto,Eve",Teaching Assistant Professor,emetto
1265,Sum 2026,UMNDL,UMNDL,CHEM,2222,001,Quantitative Analysis,C,21,3,PI,"Metto,Eve",Teaching Assistant Professor,emetto
1265,Sum 2026,UMNDL,UMNDL,CHEM,2222,001,Quantitative Analysis,C+,21,2,PI,"Metto,Eve",Teaching Assistant Professor,emetto
1265,Sum 2026,UMNDL,UMNDL,CHEM,2222,001,Quantitative Analysis,C-,21,1,PI,"Metto,Eve",Teaching Assistant Professor,emetto
1265,Sum 2026,UMNDL,UMNDL,CHEM,2222,001,Quantitative Analysis,D+,21,1,PI,"Metto,Eve",Teaching Assistant Professor,emetto
1265,Sum 2026,UMNDL,UMNDL,CHEM,2222,001,Quantitative Analysis,F,21,1,PI,"Metto,Eve",Teaching Assistant Professor,emetto
1265,Sum 2026,UMNDL,UMNDL,CHEM,2222,001,Quantitative Analysis,W,21,2,PI,"Metto,Eve",Teaching Assistant Professor,emetto
1265,Sum 2026,UMNDL,UMNDL,CHEM,2223,001,Quantitative Analysis Lab,A,12,3,PI,"Metto,Eve",Teaching Assistant Professor,emetto
1265,Sum 2026,UMNDL,UMNDL,CHEM,2223,001,Quantitative Analysis Lab,A-,12,2,PI,"Metto,Eve",Teaching Assistant Professor,emetto
1265,Sum 2026,UMNDL,UMNDL,CHEM,2223,001,Quantitative Analysis Lab,B,12,1,PI,"Metto,Eve",Teaching Assistant Professor,emetto
1265,Sum 2026,UMNDL,UMNDL,CHEM,2223,001,Quantitative Analysis Lab,B+,12,3,PI,"Metto,Eve",Teaching Assistant Professor,emetto
1265,Sum 2026,UMNDL,UMNDL,CHEM,2223,001,Quantitative Analysis Lab,C,12,1,PI,"Metto,Eve",Teaching Assistant Professor,emetto
1265,Sum 2026,UMNDL,UMNDL,CHEM,2223,001,Quantitative Analysis Lab,F,12,2,PI,"Metto,Eve",Teaching Assistant Professor,emetto
1265,Sum 2026,UMNTC,UMNTC,CHEM,2301,001,Organic Chemistry I,A,84,15,PI,"Salmon,Debra J",Associate Professor,djsalmon
1265,Sum 2026,UMNTC,UMNTC,CHEM,2301,001,Organic Chemistry I,A-,84,4,PI,"Salmon,Debra J",Associate Professor,djsalmon
1265,Sum 2026,UMNTC,UMNTC,CHEM,2301,001,Organic Chemistry I,B,84,4,PI,"Salmon,Debra J",Associate Professor,djsalmon
1265,Sum 2026,UMNTC,UMNTC,CHEM,2301,001,Organic Chemistry I,B+,84,4,PI,"Salmon,Debra J",Associate Professor,djsalmon
1265,Sum 2026,UMNTC,UMNTC,CHEM,2301,001,Organic Chemistry I,B-,84,7,PI,"Salmon,Debra J",Associate Professor,djsalmon
1265,Sum 2026,UMNTC,UMNTC,CHEM,2301,001,Organic Chemistry I,C,84,1,PI,"Salmon,Debra J",Associate Professor,djsalmon
1265,Sum 2026,UMNTC,UMNTC,CHEM,2301,001,Organic Chemistry I,C+,84,6,PI,"Salmon,Debra J",Associate Professor,djsalmon
1265,Sum 2026,UMNTC,UMNTC,CHEM,2301,001,Organic Chemistry I,C-,84,14,PI,"Salmon,Debra J",Associate Professor,djsalmon
1265,Sum 2026,UMNTC,UMNTC,CHEM,2301,001,Organic Chemistry I,D,84,13,PI,"Salmon,Debra J",Associate Professor,djsalmon
1265,Sum 2026,UMNTC,UMNTC,CHEM,2301,001,Organic Chemistry I,F,84,8,PI,"Salmon,Debra J",Associate Professor,djsalmon
1265,Sum 2026,UMNTC,UMNTC,CHEM,2301,001,Organic Chemistry I,W,84,8,PI,"Salmon,Debra J",Associate Professor,djsalmon
1265,Sum 2026,UMNTC,UMNTC,CHEM,2302,001,Org Chem II,A,37,6,PI,"Novikov,Alexei V",Lecturer,anovikov
1265,Sum 2026,UMNTC,UMNTC,CHEM,2302,001,Org Chem II,A-,37,1,PI,"Novikov,Alexei V",Lecturer,anovikov
1265,Sum 2026,UMNTC,UMNTC,CHEM,2302,001,Org Chem II,B,37,3,PI,"Novikov,Alexei V",Lecturer,anovikov
1265,Sum 2026,UMNTC,UMNTC,CHEM,2302,001,Org Chem II,B+,37,2,PI,"Novikov,Alexei V",Lecturer,anovikov
1265,Sum 2026,UMNTC,UMNTC,CHEM,2302,001,Org Chem II,B-,37,2,PI,"Novikov,Alexei V",Lecturer,anovikov
1265,Sum 2026,UMNTC,UMNTC,CHEM,2302,001,Org Chem II,C,37,2,PI,"Novikov,Alexei V",Lecturer,anovikov
1265,Sum 2026,UMNTC,UMNTC,CHEM,2302,001,Org Chem II,C+,37,4,PI,"Novikov,Alexei V",Lecturer,anovikov
1265,Sum 2026,UMNTC,UMNTC,CHEM,2302,001,Org Chem II,C-,37,11,PI,"Novikov,Alexei V",Lecturer,anovikov
1265,Sum 2026,UMNTC,UMNTC,CHEM,2302,001,Org Chem II,D,37,1,PI,"Novikov,Alexei V",Lecturer,anovikov
1265,Sum 2026,UMNTC,UMNTC,CHEM,2302,001,Org Chem II,F,37,5,PI,"Novikov,Alexei V",Lecturer,anovikov
1265,Sum 2026,UMNTC,UMNTC,CHEM,2311,002,Organic Lab,A,14,3,PI,"Howitz,Will",Assistant Professor,whowitz
1265,Sum 2026,UMNTC,UMNTC,CHEM,2311,002,Organic Lab,B+,14,3,PI,"Howitz,Will",Assistant Professor,whowitz
1265,Sum 2026,UMNTC,UMNTC,CHEM,2311,002,Organic Lab,C,14,4,PI,"Howitz,Will",Assistant Professor,whowitz
1265,Sum 2026,UMNTC,UMNTC,CHEM,2311,002,Organic Lab,C+,14,2,PI,"Howitz,Will",Assistant Professor,whowitz
1265,Sum 2026,UMNTC,UMNTC,CHEM,2311,002,Organic Lab,F,14,2,PI,"Howitz,Will",Assistant Professor,whowitz
1265,Sum 2026,UMNTC,UMNTC,CHEM,2311,003,Organic Lab,A,10,8,PI,"Howitz,Will",Assistant Professor,whowitz
1265,Sum 2026,UMNTC,UMNTC,CHEM,2311,003,Organic Lab,C-,10,1,PI,"Howitz,Will",Assistant Professor,whowitz
1265,Sum 2026,UMNTC,UMNTC,CHEM,2311,003,Organic Lab,F,10,1,PI,"Howitz,Will",Assistant Professor,whowitz
1265,Sum 2026,UMNTC,UMNTC,CHEM,2311,004,Organic Lab,A,16,12,PI,"Howitz,Will",Assistant Professor,whowitz
1265,Sum 2026,UMNTC,UMNTC,CHEM,2311,004,Organic Lab,B,16,1,PI,"Howitz,Will",Assistant Professor,whowitz
1265,Sum 2026,UMNTC,UMNTC,CHEM,2311,004,Organic Lab,C,16,1,PI,"Howitz,Will",Assistant Professor,whowitz
1265,Sum 2026,UMNTC,UMNTC,CHEM,2311,004,Organic Lab,C+,16,1,PI,"Howitz,Will",Assistant Professor,whowitz
1265,Sum 2026,UMNTC,UMNTC,CHEM,2311,004,Organic Lab,F,16,1,PI,"Howitz,Will",Assistant Professor,whowitz
1265,Sum 2026,UMNTC,UMNRO,CHEM,2335,001,General Chemistry II,A,13,1,PI,"Prat-Resina,Xavier",Associate Professor,pratr001
1265,Sum 2026,UMNTC,UMNRO,CHEM,2335,001,General Chemistry II,B,13,2,PI,"Prat-Resina,Xavier",Associate Professor,pratr001
1265,Sum 2026,UMNTC,UMNRO,CHEM,2335,001,General Chemistry II,B+,13,1,PI,"Prat-Resina,Xavier",Associate Professor,pratr001
1265,Sum 2026,UMNTC,UMNRO,CHEM,2335,001,General Chemistry II,B-,13,1,PI,"Prat-Resina,Xavier",Associate Professor,pratr001
1265,Sum 2026,UMNTC,UMNRO,CHEM,2335,001,General Chemistry II,C,13,2,PI,"Prat-Resina,Xavier",Associate Professor,pratr001
1265,Sum 2026,UMNTC,UMNRO,CHEM,2335,001,General Chemistry II,C-,13,2,PI,"Prat-Resina,Xavier",Associate Professor,pratr001
1265,Sum 2026,UMNTC,UMNRO,CHEM,2335,001,General Chemistry II,F,13,4,PI,"Prat-Resina,Xavier",Associate Professor,pratr001
1265,Sum 2026,UMNDL,UMNDL,CHEM,2541,001,Organic Chemistry I,A,72,26,PI,"Mereddy,Sangeeta",Teaching Assistant Professor,smereddy
1265,Sum 2026,UMNDL,UMNDL,CHEM,2541,001,Organic Chemistry I,A-,72,7,PI,"Mereddy,Sangeeta",Teaching Assistant Professor,smereddy
1265,Sum 2026,UMNDL,UMNDL,CHEM,2541,001,Organic Chemistry I,B,72,9,PI,"Mereddy,Sangeeta",Teaching Assistant Professor,smereddy
1265,Sum 2026,UMNDL,UMNDL,CHEM,2541,001,Organic Chemistry I,B+,72,13,PI,"Mereddy,Sangeeta",Teaching Assistant Professor,smereddy
1265,Sum 2026,UMNDL,UMNDL,CHEM,2541,001,Organic Chemistry I,B-,72,2,PI,"Mereddy,Sangeeta",Teaching Assistant Professor,smereddy
1265,Sum 2026,UMNDL,UMNDL,CHEM,2541,001,Organic Chemistry I,C,72,3,PI,"Mereddy,Sangeeta",Teaching Assistant Professor,smereddy
1265,Sum 2026,UMNDL,UMNDL,CHEM,2541,001,Organic Chemistry I,C+,72,3,PI,"Mereddy,Sangeeta",Teaching Assistant Professor,smereddy
1265,Sum 2026,UMNDL,UMNDL,CHEM,2541,001,Organic Chemistry I,C-,72,6,PI,"Mereddy,Sangeeta",Teaching Assistant Professor,smereddy
1265,Sum 2026,UMNDL,UMNDL,CHEM,2541,001,Organic Chemistry I,D,72,1,PI,"Mereddy,Sangeeta",Teaching Assistant Professor,smereddy
1265,Sum 2026,UMNDL,UMNDL,CHEM,2541,001,Organic Chemistry I,D+,72,1,PI,"Mereddy,Sangeeta",Teaching Assistant Professor,smereddy
1265,Sum 2026,UMNDL,UMNDL,CHEM,2541,001,Organic Chemistry I,W,72,1,PI,"Mereddy,Sangeeta",Teaching Assistant Professor,smereddy
1265,Sum 2026,UMNDL,UMNDL,CHEM,2542,001,Organic Chemistry II,A,60,24,PI,"Grundt,Peter",Associate Professor,pgrundt
1265,Sum 2026,UMNDL,UMNDL,CHEM,2542,001,Organic Chemistry II,A-,60,7,PI,"Grundt,Peter",Associate Professor,pgrundt
1265,Sum 2026,UMNDL,UMNDL,CHEM,2542,001,Organic Chemistry II,B,60,7,PI,"Grundt,Peter",Associate Professor,pgrundt
1265,Sum 2026,UMNDL,UMNDL,CHEM,2542,001,Organic Chemistry II,B+,60,10,PI,"Grundt,Peter",Associate Professor,pgrundt
1265,Sum 2026,UMNDL,UMNDL,CHEM,2542,001,Organic Chemistry II,B-,60,4,PI,"Grundt,Peter",Associate Professor,pgrundt
1265,Sum 2026,UMNDL,UMNDL,CHEM,2542,001,Organic Chemistry II,C+,60,4,PI,"Grundt,Peter",Associate Professor,pgrundt
1265,Sum 2026,UMNDL,UMNDL,CHEM,2542,001,Organic Chemistry II,C-,60,2,PI,"Grundt,Peter",Associate Professor,pgrundt
1265,Sum 2026,UMNDL,UMNDL,CHEM,2542,001,Organic Chemistry II,D,60,1,PI,"Grundt,Peter",Associate Professor,pgrundt
1265,Sum 2026,UMNDL,UMNDL,CHEM,2542,001,Organic Chemistry II,F,60,1,PI,"Grundt,Peter",Associate Professor,pgrundt
1265,Sum 2026,UMNDL,UMNDL,CHEM,2543,001,Organic Chemistry I Lab,A,12,8,PI,"Mereddy,Sangeeta",Teaching Assistant Professor,smereddy
1265,Sum 2026,UMNDL,UMNDL,CHEM,2543,001,Organic Chemistry I Lab,A-,12,2,PI,"Mereddy,Sangeeta",Teaching Assistant Professor,smereddy
1265,Sum 2026,UMNDL,UMNDL,CHEM,2543,001,Organic Chemistry I Lab,B-,12,1,PI,"Mereddy,Sangeeta",Teaching Assistant Professor,smereddy
1265,Sum 2026,UMNDL,UMNDL,CHEM,2543,001,Organic Chemistry I Lab,W,12,1,PI,"Mereddy,Sangeeta",Teaching Assistant Professor,smereddy
1265,Sum 2026,UMNDL,UMNDL,CHEM,2543,002,Organic Chemistry I Lab,A,14,9,PI,"Mereddy,Sangeeta",Teaching Assistant Professor,smereddy
1265,Sum 2026,UMNDL,UMNDL,CHEM,2543,002,Organic Chemistry I Lab,B+,14,1,PI,"Mereddy,Sangeeta",Teaching Assistant Professor,smereddy
1265,Sum 2026,UMNDL,UMNDL,CHEM,2543,002,Organic Chemistry I Lab,B-,14,1,PI,"Mereddy,Sangeeta",Teaching Assistant Professor,smereddy
1265,Sum 2026,UMNDL,UMNDL,CHEM,2543,002,Organic Chemistry I Lab,F,14,2,PI,"Mereddy,Sangeeta",Teaching Assistant Professor,smereddy
1265,Sum 2026,UMNDL,UMNDL,CHEM,2543,002,Organic Chemistry I Lab,W,14,1,PI,"Mereddy,Sangeeta",Teaching Assistant Professor,smereddy
1265,Sum 2026,UMNDL,UMNDL,CHEM,2544,001,Organic Chemistry II Lab,A,24,7,PI,"Grundt,Peter",Associate Professor,pgrundt
1265,Sum 2026,UMNDL,UMNDL,CHEM,2544,001,Organic Chemistry II Lab,A-,24,4,PI,"Grundt,Peter",Associate Professor,pgrundt
1265,Sum 2026,UMNDL,UMNDL,CHEM,2544,001,Organic Chemistry II Lab,B,24,6,PI,"Grundt,Peter",Associate Professor,pgrundt
1265,Sum 2026,UMNDL,UMNDL,CHEM,2544,001,Organic Chemistry II Lab,B+,24,1,PI,"Grundt,Peter",Associate Professor,pgrundt
1265,Sum 2026,UMNDL,UMNDL,CHEM,2544,001,Organic Chemistry II Lab,B-,24,1,PI,"Grundt,Peter",Associate Professor,pgrundt
1265,Sum 2026,UMNDL,UMNDL,CHEM,2544,001,Organic Chemistry II Lab,C+,24,1,PI,"Grundt,Peter",Associate Professor,pgrundt
1265,Sum 2026,UMNDL,UMNDL,CHEM,2544,001,Organic Chemistry II Lab,C-,24,1,PI,"Grundt,Peter",Associate Professor,pgrundt
1265,Sum 2026,UMNDL,UMNDL,CHEM,2544,001,Organic Chemistry II Lab,D,24,1,PI,"Grundt,Peter",Associate Professor,pgrundt
1265,Sum 2026,UMNDL,UMNDL,CHEM,2544,001,Organic Chemistry II Lab,F,24,2,PI,"Grundt,Peter",Associate Professor,pgrundt
1265,Sum 2026,UMNDL,UMNDL,CHEM,2544,002,Organic Chemistry II Lab,A,13,5,PI,"Grundt,Peter",Associate Professor,pgrundt
1265,Sum 2026,UMNDL,UMNDL,CHEM,2544,002,Organic Chemistry II Lab,B,13,1,PI,"Grundt,Peter",Associate Professor,pgrundt
1265,Sum 2026,UMNDL,UMNDL,CHEM,2544,002,Organic Chemistry II Lab,B-,13,1,PI,"Grundt,Peter",Associate Professor,pgrundt
1265,Sum 2026,UMNDL,UMNDL,CHEM,2544,002,Organic Chemistry II Lab,C,13,1,PI,"Grundt,Peter",Associate Professor,pgrundt
1265,Sum 2026,UMNDL,UMNDL,CHEM,2544,002,Organic Chemistry II Lab,C+,13,1,PI,"Grundt,Peter",Associate Professor,pgrundt
1265,Sum 2026,UMNDL,UMNDL,CHEM,2544,002,Organic Chemistry II Lab,C-,13,3,PI,"Grundt,Peter",Associate Professor,pgrundt
1265,Sum 2026,UMNDL,UMNDL,CHEM,2544,002,Organic Chemistry II Lab,D,13,1,PI,"Grundt,Peter",Associate Professor,pgrundt
1265,Sum 2026,UMNTC,UMNTC,CHEM,3101,001,Intro Analytical Chemistry,A,21,10,PI,"Bantz,Kyle Christine",Professor,bantz008
1265,Sum 2026,UMNTC,UMNTC,CHEM,3101,001,Intro Analytical Chemistry,A-,21,1,PI,"Bantz,Kyle Christine",Professor,bantz008
1265,Sum 2026,UMNTC,UMNTC,CHEM,3101,001,Intro Analytical Chemistry,B,21,2,PI,"Bantz,Kyle Christine",Professor,bantz008
1265,Sum 2026,UMNTC,UMNTC,CHEM,3101,001,Intro Analytical Chemistry,B-,21,2,PI,"Bantz,Kyle Christine",Professor,bantz008
1265,Sum 2026,UMNTC,UMNTC,CHEM,3101,001,Intro Analytical Chemistry,C+,21,3,PI,"Bantz,Kyle Christine",Professor,bantz008
1265,Sum 2026,UMNTC,UMNTC,CHEM,3101,001,Intro Analytical Chemistry,C-,21,1,PI,"Bantz,Kyle Christine",Professor,bantz008
1265,Sum 2026,UMNTC,UMNTC,CHEM,3101,001,Intro Analytical Chemistry,F,21,2,PI,"Bantz,Kyle Christine",Professor,bantz008
1265,Sum 2026,UMNTC,UMNTC,CHEM,3111,002,Intro Anal Chem Lab,A,13,9,PI,"Bantz,Kyle Christine",Professor,bantz008
1265,Sum 2026,UMNTC,UMNTC,CHEM,3111,002,Intro Anal Chem Lab,A-,13,3,PI,"Bantz,Kyle Christine",Professor,bantz008
1265,Sum 2026,UMNTC,UMNTC,CHEM,3111,002,Intro Anal Chem Lab,B-,13,1,PI,"Bantz,Kyle Christine",Professor,bantz008
1265,Sum 2026,UMNDL,UMNDL,CHEM,3322,001,Biochemistry,A,14,3,PI,"Berry,Steven Mark",Associate Professor,smberry
1265,Sum 2026,UMNDL,UMNDL,CHEM,3322,001,Biochemistry,A-,14,2,PI,"Berry,Steven Mark",Associate Professor,smberry
1265,Sum 2026,UMNDL,UMNDL,CHEM,3322,001,Biochemistry,B,14,2,PI,"Berry,Steven Mark",Associate Professor,smberry
1265,Sum 2026,UMNDL,UMNDL,CHEM,3322,001,Biochemistry,B+,14,2,PI,"Berry,Steven Mark",Associate Professor,smberry
1265,Sum 2026,UMNDL,UMNDL,CHEM,3322,001,Biochemistry,B-,14,3,PI,"Berry,Steven Mark",Associate Professor,smberry
1265,Sum 2026,UMNDL,UMNDL,CHEM,3322,001,Biochemistry,C-,14,1,PI,"Berry,Steven Mark",Associate Professor,smberry
1265,Sum 2026,UMNDL,UMNDL,CHEM,3322,001,Biochemistry,F,14,1,PI,"Berry,Steven Mark",Associate Professor,smberry
1265,Sum 2026,UMNTC,UMNTC,CHEM,4094W,002,Directed Research,A,18,17,PI,"Stathopoulos,Stephanie M",SS Pro 3-Academic Program Svc,stephs
1265,Sum 2026,UMNTC,UMNTC,CHEM,4094W,002,Directed Research,W,18,1,PI,"Stathopoulos,Stephanie M",SS Pro 3-Academic Program Svc,stephs
1265,Sum 2026,UMNTC,UMNTC,CHLS,3223,001,Chicano Representation in Film,A,15,9,PI,"Spears-Rico,Gabriela",Assistant Professor,spearsrg
1265,Sum 2026,UMNTC,UMNTC,CHLS,3223,001,Chicano Representation in Film,A-,15,1,PI,"Spears-Rico,Gabriela",Assistant Professor,spearsrg
1265,Sum 2026,UMNTC,UMNTC,CHLS,3223,001,Chicano Representation in Film,B-,15,1,PI,"Spears-Rico,Gabriela",Assistant Professor,spearsrg
1265,Sum 2026,UMNTC,UMNTC,CHLS,3223,001,Chicano Representation in Film,D+,15,1,PI,"Spears-Rico,Gabriela",Assistant Professor,spearsrg
1265,Sum 2026,UMNTC,UMNTC,CHLS,3223,001,Chicano Representation in Film,F,15,3,PI,"Spears-Rico,Gabriela",Assistant Professor,spearsrg
1265,Sum 2026,UMNTC,UMNTC,CHN,1012,001,Beginning Modern Chinese II,A,11,5,PI,"Liu,Hai",Senior Lecturer,liux3655
1265,Sum 2026,UMNTC,UMNTC,CHN,1012,001,Beginning Modern Chinese II,A-,11,1,PI,"Liu,Hai",Senior Lecturer,liux3655
1265,Sum 2026,UMNTC,UMNTC,CHN,1012,001,Beginning Modern Chinese II,B,11,1,PI,"Liu,Hai",Senior Lecturer,liux3655
1265,Sum 2026,UMNTC,UMNTC,CHN,1012,001,Beginning Modern Chinese II,B+,11,1,PI,"Liu,Hai",Senior Lecturer,liux3655
1265,Sum 2026,UMNTC,UMNTC,CHN,1012,001,Beginning Modern Chinese II,F,11,3,PI,"Liu,Hai",Senior Lecturer,liux3655
1265,Sum 2026,UMNTC,UMNTC,CHN,3021,001,Intermed Modern Chinese I,A,14,12,PI,"Liu,Hai",Senior Lecturer,liux3655
1265,Sum 2026,UMNTC,UMNTC,CHN,3021,001,Intermed Modern Chinese I,A-,14,1,PI,"Liu,Hai",Senior Lecturer,liux3655
1265,Sum 2026,UMNTC,UMNTC,CHN,3021,001,Intermed Modern Chinese I,C-,14,1,PI,"Liu,Hai",Senior Lecturer,liux3655
1265,Sum 2026,UMNTC,UMNTC,CHN,3022,001,Intermediate Modern Chinese II,A,14,11,PI,"Stone,Jin YaLiang",Senior Lecturer,jinx0017
1265,Sum 2026,UMNTC,UMNTC,CHN,3022,001,Intermediate Modern Chinese II,A-,14,1,PI,"Stone,Jin YaLiang",Senior Lecturer,jinx0017
1265,Sum 2026,UMNTC,UMNTC,CHN,3022,001,Intermediate Modern Chinese II,B,14,1,PI,"Stone,Jin YaLiang",Senior Lecturer,jinx0017
1265,Sum 2026,UMNTC,UMNTC,CHN,3022,001,Intermediate Modern Chinese II,B+,14,1,PI,"Stone,Jin YaLiang",Senior Lecturer,jinx0017
1265,Sum 2026,UMNTC,UMNTC,CI,1424,101,Global Stories of Education,A,27,15,PI,"Rombalski,Abigail Arleen",Lecturer,romba005
1265,Sum 2026,UMNTC,UMNTC,CI,1424,101,Global Stories of Education,A-,27,1,PI,"Rombalski,Abigail Arleen",Lecturer,romba005
1265,Sum 2026,UMNTC,UMNTC,CI,1424,101,Global Stories of Education,B,27,2,PI,"Rombalski,Abigail Arleen",Lecturer,romba005
1265,Sum 2026,UMNTC,UMNTC,CI,1424,101,Global Stories of Education,C,27,1,PI,"Rombalski,Abigail Arleen",Lecturer,romba005
1265,Sum 2026,UMNTC,UMNTC,CI,1424,101,Global Stories of Education,C+,27,1,PI,"Rombalski,Abigail Arleen",Lecturer,romba005
1265,Sum 2026,UMNTC,UMNTC,CI,1424,101,Global Stories of Education,D,27,1,PI,"Rombalski,Abigail Arleen",Lecturer,romba005
1265,Sum 2026,UMNTC,UMNTC,CI,1424,101,Global Stories of Education,S,27,4,PI,"Rombalski,Abigail Arleen",Lecturer,romba005
1265,Sum 2026,UMNTC,UMNTC,CI,1424,101,Global Stories of Education,W,27,2,PI,"Rombalski,Abigail Arleen",Lecturer,romba005
1265,Sum 2026,UMNTC,UMNTC,CI,1512,001,Nature in the City,A,26,18,PI,"Meagher,Thomas Francis",Lecturer,meagh014
1265,Sum 2026,UMNTC,UMNTC,CI,1512,001,Nature in the City,A-,26,1,PI,"Meagher,Thomas Francis",Lecturer,meagh014
1265,Sum 2026,UMNTC,UMNTC,CI,1512,001,Nature in the City,B,26,1,PI,"Meagher,Thomas Francis",Lecturer,meagh014
1265,Sum 2026,UMNTC,UMNTC,CI,1512,001,Nature in the City,C,26,1,PI,"Meagher,Thomas Francis",Lecturer,meagh014
1265,Sum 2026,UMNTC,UMNTC,CI,1512,001,Nature in the City,C+,26,1,PI,"Meagher,Thomas Francis",Lecturer,meagh014
1265,Sum 2026,UMNTC,UMNTC,CI,1512,001,Nature in the City,S,26,4,PI,"Meagher,Thomas Francis",Lecturer,meagh014
1265,Sum 2026,UMNTC,UMNTC,CI,4311W,001,Technology & Ethics in Society,A,27,20,PI,"Heinsfeld,Bruna Damiana",Assistant Professor,bruna
1265,Sum 2026,UMNTC,UMNTC,CI,4311W,001,Technology & Ethics in Society,A-,27,1,PI,"Heinsfeld,Bruna Damiana",Assistant Professor,bruna
1265,Sum 2026,UMNTC,UMNTC,CI,4311W,001,Technology & Ethics in Society,B+,27,2,PI,"Heinsfeld,Bruna Damiana",Assistant Professor,bruna
1265,Sum 2026,UMNTC,UMNTC,CI,4311W,001,Technology & Ethics in Society,B-,27,1,PI,"Heinsfeld,Bruna Damiana",Assistant Professor,bruna
1265,Sum 2026,UMNTC,UMNTC,CI,4311W,001,Technology & Ethics in Society,F,27,3,PI,"Heinsfeld,Bruna Damiana",Assistant Professor,bruna
1265,Sum 2026,UMNTC,UMNTC,CI,5049,001,Arts Media Tech: Theory & Prac,A,19,18,PI,"Lee,May",,
1265,Sum 2026,UMNTC,UMNTC,CI,5049,001,Arts Media Tech: Theory & Prac,A-,19,1,PI,"Lee,May",,
1265,Sum 2026,UMNTC,UMNTC,CI,5078,001,Application of Aesthetic Theor,A,19,15,PI,"Besser Verastegui,Maria Isabel",Teaching Specialist,besse131
1265,Sum 2026,UMNTC,UMNTC,CI,5078,001,Application of Aesthetic Theor,A-,19,1,PI,"Besser Verastegui,Maria Isabel",Teaching Specialist,besse131
1265,Sum 2026,UMNTC,UMNTC,CI,5078,001,Application of Aesthetic Theor,B,19,2,PI,"Besser Verastegui,Maria Isabel",Teaching Specialist,besse131
1265,Sum 2026,UMNTC,UMNTC,CI,5078,001,Application of Aesthetic Theor,B+,19,1,PI,"Besser Verastegui,Maria Isabel",Teaching Specialist,besse131
1265,Sum 2026,UMNTC,UMNTC,CI,5102,001,"Culture, Schools, Community I",A,29,28,PI,,,
1265,Sum 2026,UMNTC,UMNTC,CI,5102,001,"Culture, Schools, Community I",W,29,1,PI,,,
1265,Sum 2026,UMNTC,UMNTC,CI,5102,003,"Culture, Schools, Community I",A,20,14,PI,,,
1265,Sum 2026,UMNTC,UMNTC,CI,5102,003,"Culture, Schools, Community I",A-,20,4,PI,,,
1265,Sum 2026,UMNTC,UMNTC,CI,5102,003,"Culture, Schools, Community I",B+,20,2,PI,,,
1265,Sum 2026,UMNTC,UMNTC,CI,5186,200,School-related projects,A,22,21,PI,"Mogelson,Laura Kvols",Ed Mgr 2-Ed Ops/Admin,mogelson
1265,Sum 2026,UMNTC,UMNTC,CI,5186,200,School-related projects,W,22,1,PI,"Mogelson,Laura Kvols",Ed Mgr 2-Ed Ops/Admin,mogelson
1265,Sum 2026,UMNTC,UMNTC,CI,5213,200,El Ed Content and Pedagogy III,A,24,21,PI,"Mogelson,Laura Kvols",Ed Mgr 2-Ed Ops/Admin,mogelson
1265,Sum 2026,UMNTC,UMNTC,CI,5213,200,El Ed Content and Pedagogy III,A-,24,1,PI,"Mogelson,Laura Kvols",Ed Mgr 2-Ed Ops/Admin,mogelson
1265,Sum 2026,UMNTC,UMNTC,CI,5213,200,El Ed Content and Pedagogy III,B+,24,1,PI,"Mogelson,Laura Kvols",Ed Mgr 2-Ed Ops/Admin,mogelson
1265,Sum 2026,UMNTC,UMNTC,CI,5213,200,El Ed Content and Pedagogy III,W,24,1,PI,"Mogelson,Laura Kvols",Ed Mgr 2-Ed Ops/Admin,mogelson
1265,Sum 2026,UMNTC,UMNTC,CI,5307,102,Technology for Teaching & Lrng,A,25,24,PI,"Clements,Catherine E",Lecturer,cleme050
1265,Sum 2026,UMNTC,UMNTC,CI,5307,102,Technology for Teaching & Lrng,C,25,1,PI,"Clements,Catherine E",Lecturer,cleme050
1265,Sum 2026,UMNTC,UMNTC,CI,5452,001,Read Content Area ILP Cand,A,24,21,PI,"Boehm-Turner,Abby",Lecturer,abt
1265,Sum 2026,UMNTC,UMNTC,CI,5452,001,Read Content Area ILP Cand,A-,24,2,PI,"Boehm-Turner,Abby",Lecturer,abt
1265,Sum 2026,UMNTC,UMNTC,CI,5452,001,Read Content Area ILP Cand,F,24,1,PI,"Boehm-Turner,Abby",Lecturer,abt
1265,Sum 2026,UMNTC,UMNTC,CI,5615,200,Academic English for ML,A,16,10,PI,"Stone,Karla",Senior Lecturer,ston0032
1265,Sum 2026,UMNTC,UMNTC,CI,5615,200,Academic English for ML,B+,16,3,PI,"Stone,Karla",Senior Lecturer,ston0032
1265,Sum 2026,UMNTC,UMNTC,CI,5615,200,Academic English for ML,B-,16,2,PI,"Stone,Karla",Senior Lecturer,ston0032
1265,Sum 2026,UMNTC,UMNTC,CI,5615,200,Academic English for ML,C-,16,1,PI,"Stone,Karla",Senior Lecturer,ston0032
1265,Sum 2026,UMNTC,UMNTC,CI,5615,201,Academic English for ML,A,18,15,PI,"Stone,Karla",Senior Lecturer,ston0032
1265,Sum 2026,UMNTC,UMNTC,CI,5615,201,Academic English for ML,A-,18,1,PI,"Stone,Karla",Senior Lecturer,ston0032
1265,Sum 2026,UMNTC,UMNTC,CI,5615,201,Academic English for ML,B+,18,2,PI,"Stone,Karla",Senior Lecturer,ston0032
1265,Sum 2026,UMNTC,UMNTC,CI,5741,001,Intro: Soc Studies Education,A,21,15,PI,"Beaton,Jehanne Helena",Ed Pro 5,beat0012
1265,Sum 2026,UMNTC,UMNTC,CI,5741,001,Intro: Soc Studies Education,A-,21,3,PI,"Beaton,Jehanne Helena",Ed Pro 5,beat0012
1265,Sum 2026,UMNTC,UMNTC,CI,5741,001,Intro: Soc Studies Education,B,21,2,PI,"Beaton,Jehanne Helena",Ed Pro 5,beat0012
1265,Sum 2026,UMNTC,UMNTC,CI,5741,001,Intro: Soc Studies Education,B+,21,1,PI,"Beaton,Jehanne Helena",Ed Pro 5,beat0012
1265,Sum 2026,UMNTC,UMNTC,CI,5743,001,Social Sciences/Social Studies,A,21,19,PI,,,
1265,Sum 2026,UMNTC,UMNTC,CI,5743,001,Social Sciences/Social Studies,A-,21,2,PI,,,
1265,Sum 2026,UMNTC,UMNTC,CI,5982,200,Enacting Equity-Based Pedagogy,A,23,22,PI,"Mogelson,Laura Kvols",Ed Mgr 2-Ed Ops/Admin,mogelson
1265,Sum 2026,UMNTC,UMNTC,CI,5982,200,Enacting Equity-Based Pedagogy,W,23,1,PI,"Mogelson,Laura Kvols",Ed Mgr 2-Ed Ops/Admin,mogelson
1265,Sum 2026,UMNTC,UMNTC,CI,5987,200,Child / Adolescent Development,A,23,19,PI,"Mogelson,Laura Kvols",Ed Mgr 2-Ed Ops/Admin,mogelson
1265,Sum 2026,UMNTC,UMNTC,CI,5987,200,Child / Adolescent Development,A-,23,1,PI,"Mogelson,Laura Kvols",Ed Mgr 2-Ed Ops/Admin,mogelson
1265,Sum 2026,UMNTC,UMNTC,CI,5987,200,Child / Adolescent Development,B,23,1,PI,"Mogelson,Laura Kvols",Ed Mgr 2-Ed Ops/Admin,mogelson
1265,Sum 2026,UMNTC,UMNTC,CI,5987,200,Child / Adolescent Development,B+,23,1,PI,"Mogelson,Laura Kvols",Ed Mgr 2-Ed Ops/Admin,mogelson
1265,Sum 2026,UMNTC,UMNTC,CI,5987,200,Child / Adolescent Development,W,23,1,PI,"Mogelson,Laura Kvols",Ed Mgr 2-Ed Ops/Admin,mogelson
1265,Sum 2026,UMNDL,UMNDL,CIA,4797,001,Consumer Analytics Internship,A,23,19,PI,"Kitson,Marte Christofa Thabes",SS Pro 5,mkitson
1265,Sum 2026,UMNDL,UMNDL,CIA,4797,001,Consumer Analytics Internship,A-,23,2,PI,"Kitson,Marte Christofa Thabes",SS Pro 5,mkitson
1265,Sum 2026,UMNDL,UMNDL,CIA,4797,001,Consumer Analytics Internship,B,23,1,PI,"Kitson,Marte Christofa Thabes",SS Pro 5,mkitson
1265,Sum 2026,UMNDL,UMNDL,CIA,4797,001,Consumer Analytics Internship,D,23,1,PI,"Kitson,Marte Christofa Thabes",SS Pro 5,mkitson
1265,Sum 2026,UMNTC,UMNTC,CLA,3896,001,Internship Reflection,A,64,39,PI,"Nichols,Michaeline",SS Pro 4,nich0550
1265,Sum 2026,UMNTC,UMNTC,CLA,3896,001,Internship Reflection,A-,64,5,PI,"Nichols,Michaeline",SS Pro 4,nich0550
1265,Sum 2026,UMNTC,UMNTC,CLA,3896,001,Internship Reflection,B,64,4,PI,"Nichols,Michaeline",SS Pro 4,nich0550
1265,Sum 2026,UMNTC,UMNTC,CLA,3896,001,Internship Reflection,B+,64,3,PI,"Nichols,Michaeline",SS Pro 4,nich0550
1265,Sum 2026,UMNTC,UMNTC,CLA,3896,001,Internship Reflection,B-,64,3,PI,"Nichols,Michaeline",SS Pro 4,nich0550
1265,Sum 2026,UMNTC,UMNTC,CLA,3896,001,Internship Reflection,C+,64,1,PI,"Nichols,Michaeline",SS Pro 4,nich0550
1265,Sum 2026,UMNTC,UMNTC,CLA,3896,001,Internship Reflection,D+,64,1,PI,"Nichols,Michaeline",SS Pro 4,nich0550
1265,Sum 2026,UMNTC,UMNTC,CLA,3896,001,Internship Reflection,F,64,2,PI,"Nichols,Michaeline",SS Pro 4,nich0550
1265,Sum 2026,UMNTC,UMNTC,CLA,3896,001,Internship Reflection,S,64,5,PI,"Nichols,Michaeline",SS Pro 4,nich0550
1265,Sum 2026,UMNTC,UMNTC,CLA,3896,001,Internship Reflection,W,64,1,PI,"Nichols,Michaeline",SS Pro 4,nich0550
1265,Sum 2026,UMNTC,UMNTC,CMGT,4196,401,Construction Mgmt Internship,N,39,2,PI,"Hilger,AIA,A Peter",Senior Lecturer,aphilger
1265,Sum 2026,UMNTC,UMNTC,CMGT,4196,401,Construction Mgmt Internship,S,39,37,PI,"Hilger,AIA,A Peter",Senior Lecturer,aphilger
1265,Sum 2026,UMNMO,UMNMO,CMR,1042,098,Public Speaking & Analysis,A,15,5,PI,"Robinson,Justice Mae",Lecturer/Assistant Professor,robi0802
1265,Sum 2026,UMNMO,UMNMO,CMR,1042,098,Public Speaking & Analysis,A-,15,4,PI,"Robinson,Justice Mae",Lecturer/Assistant Professor,robi0802
1265,Sum 2026,UMNMO,UMNMO,CMR,1042,098,Public Speaking & Analysis,B,15,1,PI,"Robinson,Justice Mae",Lecturer/Assistant Professor,robi0802
1265,Sum 2026,UMNMO,UMNMO,CMR,1042,098,Public Speaking & Analysis,B+,15,2,PI,"Robinson,Justice Mae",Lecturer/Assistant Professor,robi0802
1265,Sum 2026,UMNMO,UMNMO,CMR,1042,098,Public Speaking & Analysis,C+,15,1,PI,"Robinson,Justice Mae",Lecturer/Assistant Professor,robi0802
1265,Sum 2026,UMNMO,UMNMO,CMR,1042,098,Public Speaking & Analysis,W,15,2,PI,"Robinson,Justice Mae",Lecturer/Assistant Professor,robi0802
1265,Sum 2026,UMNTC,UMNTC,COMM,1101,001,Public Speaking,A,23,7,PI,"Joyer,Amy",Lecturer,joyer
1265,Sum 2026,UMNTC,UMNTC,COMM,1101,001,Public Speaking,A-,23,5,PI,"Joyer,Amy",Lecturer,joyer
1265,Sum 2026,UMNTC,UMNTC,COMM,1101,001,Public Speaking,B,23,1,PI,"Joyer,Amy",Lecturer,joyer
1265,Sum 2026,UMNTC,UMNTC,COMM,1101,001,Public Speaking,B+,23,3,PI,"Joyer,Amy",Lecturer,joyer
1265,Sum 2026,UMNTC,UMNTC,COMM,1101,001,Public Speaking,B-,23,2,PI,"Joyer,Amy",Lecturer,joyer
1265,Sum 2026,UMNTC,UMNTC,COMM,1101,001,Public Speaking,D,23,2,PI,"Joyer,Amy",Lecturer,joyer
1265,Sum 2026,UMNTC,UMNTC,COMM,1101,001,Public Speaking,D+,23,1,PI,"Joyer,Amy",Lecturer,joyer
1265,Sum 2026,UMNTC,UMNTC,COMM,1101,001,Public Speaking,F,23,2,PI,"Joyer,Amy",Lecturer,joyer
1265,Sum 2026,UMNTC,UMNTC,COMM,1101,002,Public Speaking,A,23,1,PI,"Anderson,Wendy K. Z.",Lecturer,wkza
1265,Sum 2026,UMNTC,UMNTC,COMM,1101,002,Public Speaking,A-,23,3,PI,"Anderson,Wendy K. Z.",Lecturer,wkza
1265,Sum 2026,UMNTC,UMNTC,COMM,1101,002,Public Speaking,B,23,2,PI,"Anderson,Wendy K. Z.",Lecturer,wkza
1265,Sum 2026,UMNTC,UMNTC,COMM,1101,002,Public Speaking,B+,23,3,PI,"Anderson,Wendy K. Z.",Lecturer,wkza
1265,Sum 2026,UMNTC,UMNTC,COMM,1101,002,Public Speaking,B-,23,1,PI,"Anderson,Wendy K. Z.",Lecturer,wkza
1265,Sum 2026,UMNTC,UMNTC,COMM,1101,002,Public Speaking,C,23,2,PI,"Anderson,Wendy K. Z.",Lecturer,wkza
1265,Sum 2026,UMNTC,UMNTC,COMM,1101,002,Public Speaking,C+,23,2,PI,"Anderson,Wendy K. Z.",Lecturer,wkza
1265,Sum 2026,UMNTC,UMNTC,COMM,1101,002,Public Speaking,D,23,2,PI,"Anderson,Wendy K. Z.",Lecturer,wkza
1265,Sum 2026,UMNTC,UMNTC,COMM,1101,002,Public Speaking,D+,23,2,PI,"Anderson,Wendy K. Z.",Lecturer,wkza
1265,Sum 2026,UMNTC,UMNTC,COMM,1101,002,Public Speaking,F,23,1,PI,"Anderson,Wendy K. Z.",Lecturer,wkza
1265,Sum 2026,UMNTC,UMNTC,COMM,1101,002,Public Speaking,W,23,4,PI,"Anderson,Wendy K. Z.",Lecturer,wkza
1265,Sum 2026,UMNCR,UMNCR,COMM,1101,E90,Public Speaking,A,24,18,PI,"Perkins,Galen Grant",Teaching Specialist,perkinsg
1265,Sum 2026,UMNCR,UMNCR,COMM,1101,E90,Public Speaking,B,24,2,PI,"Perkins,Galen Grant",Teaching Specialist,perkinsg
1265,Sum 2026,UMNCR,UMNCR,COMM,1101,E90,Public Speaking,C,24,1,PI,"Perkins,Galen Grant",Teaching Specialist,perkinsg
1265,Sum 2026,UMNCR,UMNCR,COMM,1101,E90,Public Speaking,D,24,2,PI,"Perkins,Galen Grant",Teaching Specialist,perkinsg
1265,Sum 2026,UMNCR,UMNCR,COMM,1101,E90,Public Speaking,W,24,1,PI,"Perkins,Galen Grant",Teaching Specialist,perkinsg
1265,Sum 2026,UMNCR,UMNCR,COMM,1101,E91,Public Speaking,A,25,3,PI,"Newton,Kenneth Craft",Teaching Specialist,newto184
1265,Sum 2026,UMNCR,UMNCR,COMM,1101,E91,Public Speaking,A-,25,5,PI,"Newton,Kenneth Craft",Teaching Specialist,newto184
1265,Sum 2026,UMNCR,UMNCR,COMM,1101,E91,Public Speaking,B,25,4,PI,"Newton,Kenneth Craft",Teaching Specialist,newto184
1265,Sum 2026,UMNCR,UMNCR,COMM,1101,E91,Public Speaking,B+,25,4,PI,"Newton,Kenneth Craft",Teaching Specialist,newto184
1265,Sum 2026,UMNCR,UMNCR,COMM,1101,E91,Public Speaking,B-,25,1,PI,"Newton,Kenneth Craft",Teaching Specialist,newto184
1265,Sum 2026,UMNCR,UMNCR,COMM,1101,E91,Public Speaking,C,25,1,PI,"Newton,Kenneth Craft",Teaching Specialist,newto184
1265,Sum 2026,UMNCR,UMNCR,COMM,1101,E91,Public Speaking,C-,25,3,PI,"Newton,Kenneth Craft",Teaching Specialist,newto184
1265,Sum 2026,UMNCR,UMNCR,COMM,1101,E91,Public Speaking,F,25,2,PI,"Newton,Kenneth Craft",Teaching Specialist,newto184
1265,Sum 2026,UMNCR,UMNCR,COMM,1101,E91,Public Speaking,W,25,2,PI,"Newton,Kenneth Craft",Teaching Specialist,newto184
1265,Sum 2026,UMNTC,UMNTC,COMM,1313W,001,Analysis of Argument,A,25,1,PI,"VanCleave,Jeffrey Thomas",Senior Lecturer,jvanclea
1265,Sum 2026,UMNTC,UMNTC,COMM,1313W,001,Analysis of Argument,A-,25,3,PI,"VanCleave,Jeffrey Thomas",Senior Lecturer,jvanclea
1265,Sum 2026,UMNTC,UMNTC,COMM,1313W,001,Analysis of Argument,B,25,3,PI,"VanCleave,Jeffrey Thomas",Senior Lecturer,jvanclea
1265,Sum 2026,UMNTC,UMNTC,COMM,1313W,001,Analysis of Argument,B+,25,4,PI,"VanCleave,Jeffrey Thomas",Senior Lecturer,jvanclea
1265,Sum 2026,UMNTC,UMNTC,COMM,1313W,001,Analysis of Argument,B-,25,8,PI,"VanCleave,Jeffrey Thomas",Senior Lecturer,jvanclea
1265,Sum 2026,UMNTC,UMNTC,COMM,1313W,001,Analysis of Argument,C-,25,1,PI,"VanCleave,Jeffrey Thomas",Senior Lecturer,jvanclea
1265,Sum 2026,UMNTC,UMNTC,COMM,1313W,001,Analysis of Argument,F,25,3,PI,"VanCleave,Jeffrey Thomas",Senior Lecturer,jvanclea
1265,Sum 2026,UMNTC,UMNTC,COMM,1313W,001,Analysis of Argument,W,25,2,PI,"VanCleave,Jeffrey Thomas",Senior Lecturer,jvanclea
1265,Sum 2026,UMNCR,UMNCR,COMM,2002,E90,Interpersonal Communication,A,26,15,PI,"Huglen PhD,Mark E.",Professor,mhuglen
1265,Sum 2026,UMNCR,UMNCR,COMM,2002,E90,Interpersonal Communication,B,26,6,PI,"Huglen PhD,Mark E.",Professor,mhuglen
1265,Sum 2026,UMNCR,UMNCR,COMM,2002,E90,Interpersonal Communication,C,26,1,PI,"Huglen PhD,Mark E.",Professor,mhuglen
1265,Sum 2026,UMNCR,UMNCR,COMM,2002,E90,Interpersonal Communication,F,26,3,PI,"Huglen PhD,Mark E.",Professor,mhuglen
1265,Sum 2026,UMNCR,UMNCR,COMM,2002,E90,Interpersonal Communication,W,26,1,PI,"Huglen PhD,Mark E.",Professor,mhuglen
1265,Sum 2026,UMNTC,UMNRO,COMM,2511,001,Communication Methods,A,25,14,PI,"Geier Olive,Grace Elizabeth",Lecturer,geie0021
1265,Sum 2026,UMNTC,UMNRO,COMM,2511,001,Communication Methods,A-,25,3,PI,"Geier Olive,Grace Elizabeth",Lecturer,geie0021
1265,Sum 2026,UMNTC,UMNRO,COMM,2511,001,Communication Methods,B,25,4,PI,"Geier Olive,Grace Elizabeth",Lecturer,geie0021
1265,Sum 2026,UMNTC,UMNRO,COMM,2511,001,Communication Methods,C,25,1,PI,"Geier Olive,Grace Elizabeth",Lecturer,geie0021
1265,Sum 2026,UMNTC,UMNRO,COMM,2511,001,Communication Methods,D,25,2,PI,"Geier Olive,Grace Elizabeth",Lecturer,geie0021
1265,Sum 2026,UMNTC,UMNRO,COMM,2511,001,Communication Methods,W,25,1,PI,"Geier Olive,Grace Elizabeth",Lecturer,geie0021
1265,Sum 2026,UMNCR,UMNCR,COMM,3000,E90,Communication Theory,A,14,7,PI,"Lucas,Amanda Frances Pasierb",Teaching Specialist,lucas342
1265,Sum 2026,UMNCR,UMNCR,COMM,3000,E90,Communication Theory,A-,14,1,PI,"Lucas,Amanda Frances Pasierb",Teaching Specialist,lucas342
1265,Sum 2026,UMNCR,UMNCR,COMM,3000,E90,Communication Theory,B,14,1,PI,"Lucas,Amanda Frances Pasierb",Teaching Specialist,lucas342
1265,Sum 2026,UMNCR,UMNCR,COMM,3000,E90,Communication Theory,B+,14,1,PI,"Lucas,Amanda Frances Pasierb",Teaching Specialist,lucas342
1265,Sum 2026,UMNCR,UMNCR,COMM,3000,E90,Communication Theory,C+,14,2,PI,"Lucas,Amanda Frances Pasierb",Teaching Specialist,lucas342
1265,Sum 2026,UMNCR,UMNCR,COMM,3000,E90,Communication Theory,F,14,2,PI,"Lucas,Amanda Frances Pasierb",Teaching Specialist,lucas342
1265,Sum 2026,UMNCR,UMNCR,COMM,3001,E90,Human Relationships/Leadership,A,21,15,PI,"Huglen PhD,Mark E.",Professor,mhuglen
1265,Sum 2026,UMNCR,UMNCR,COMM,3001,E90,Human Relationships/Leadership,B,21,4,PI,"Huglen PhD,Mark E.",Professor,mhuglen
1265,Sum 2026,UMNCR,UMNCR,COMM,3001,E90,Human Relationships/Leadership,W,21,2,PI,"Huglen PhD,Mark E.",Professor,mhuglen
1265,Sum 2026,UMNCR,UMNCR,COMM,3008,E90,Business Writing,A,21,13,PI,"Gruenberg,Sam",Lecturer,sgruenbe
1265,Sum 2026,UMNCR,UMNCR,COMM,3008,E90,Business Writing,A-,21,3,PI,"Gruenberg,Sam",Lecturer,sgruenbe
1265,Sum 2026,UMNCR,UMNCR,COMM,3008,E90,Business Writing,B,21,1,PI,"Gruenberg,Sam",Lecturer,sgruenbe
1265,Sum 2026,UMNCR,UMNCR,COMM,3008,E90,Business Writing,B+,21,1,PI,"Gruenberg,Sam",Lecturer,sgruenbe
1265,Sum 2026,UMNCR,UMNCR,COMM,3008,E90,Business Writing,C,21,1,PI,"Gruenberg,Sam",Lecturer,sgruenbe
1265,Sum 2026,UMNCR,UMNCR,COMM,3008,E90,Business Writing,F,21,2,PI,"Gruenberg,Sam",Lecturer,sgruenbe
1265,Sum 2026,UMNCR,UMNCR,COMM,3008,E91,Business Writing,A,21,14,PI,"Gruenberg,Sam",Lecturer,sgruenbe
1265,Sum 2026,UMNCR,UMNCR,COMM,3008,E91,Business Writing,A-,21,3,PI,"Gruenberg,Sam",Lecturer,sgruenbe
1265,Sum 2026,UMNCR,UMNCR,COMM,3008,E91,Business Writing,C+,21,1,PI,"Gruenberg,Sam",Lecturer,sgruenbe
1265,Sum 2026,UMNCR,UMNCR,COMM,3008,E91,Business Writing,F,21,1,PI,"Gruenberg,Sam",Lecturer,sgruenbe
1265,Sum 2026,UMNCR,UMNCR,COMM,3008,E91,Business Writing,W,21,2,PI,"Gruenberg,Sam",Lecturer,sgruenbe
1265,Sum 2026,UMNTC,UMNTC,COMM,3202,001,Audio Production and Podcast,A,20,6,PI,"Schot Klotzbach,Dawn Marie",Lecturer,scho0062
1265,Sum 2026,UMNTC,UMNTC,COMM,3202,001,Audio Production and Podcast,A-,20,1,PI,"Schot Klotzbach,Dawn Marie",Lecturer,scho0062
1265,Sum 2026,UMNTC,UMNTC,COMM,3202,001,Audio Production and Podcast,B,20,2,PI,"Schot Klotzbach,Dawn Marie",Lecturer,scho0062
1265,Sum 2026,UMNTC,UMNTC,COMM,3202,001,Audio Production and Podcast,B+,20,2,PI,"Schot Klotzbach,Dawn Marie",Lecturer,scho0062
1265,Sum 2026,UMNTC,UMNTC,COMM,3202,001,Audio Production and Podcast,B-,20,1,PI,"Schot Klotzbach,Dawn Marie",Lecturer,scho0062
1265,Sum 2026,UMNTC,UMNTC,COMM,3202,001,Audio Production and Podcast,C,20,2,PI,"Schot Klotzbach,Dawn Marie",Lecturer,scho0062
1265,Sum 2026,UMNTC,UMNTC,COMM,3202,001,Audio Production and Podcast,C-,20,1,PI,"Schot Klotzbach,Dawn Marie",Lecturer,scho0062
1265,Sum 2026,UMNTC,UMNTC,COMM,3202,001,Audio Production and Podcast,D,20,1,PI,"Schot Klotzbach,Dawn Marie",Lecturer,scho0062
1265,Sum 2026,UMNTC,UMNTC,COMM,3202,001,Audio Production and Podcast,F,20,3,PI,"Schot Klotzbach,Dawn Marie",Lecturer,scho0062
1265,Sum 2026,UMNTC,UMNTC,COMM,3202,001,Audio Production and Podcast,W,20,1,PI,"Schot Klotzbach,Dawn Marie",Lecturer,scho0062
1265,Sum 2026,UMNTC,UMNTC,COMM,3263W,001,Media Literacy,A,26,15,PI,"Cram Helwich,David",Senior Lecturer,dch
1265,Sum 2026,UMNTC,UMNTC,COMM,3263W,001,Media Literacy,A-,26,4,PI,"Cram Helwich,David",Senior Lecturer,dch
1265,Sum 2026,UMNTC,UMNTC,COMM,3263W,001,Media Literacy,B,26,1,PI,"Cram Helwich,David",Senior Lecturer,dch
1265,Sum 2026,UMNTC,UMNTC,COMM,3263W,001,Media Literacy,B+,26,1,PI,"Cram Helwich,David",Senior Lecturer,dch
1265,Sum 2026,UMNTC,UMNTC,COMM,3263W,001,Media Literacy,C,26,1,PI,"Cram Helwich,David",Senior Lecturer,dch
1265,Sum 2026,UMNTC,UMNTC,COMM,3263W,001,Media Literacy,D,26,1,PI,"Cram Helwich,David",Senior Lecturer,dch
1265,Sum 2026,UMNTC,UMNTC,COMM,3263W,001,Media Literacy,S,26,1,PI,"Cram Helwich,David",Senior Lecturer,dch
1265,Sum 2026,UMNTC,UMNTC,COMM,3263W,001,Media Literacy,W,26,2,PI,"Cram Helwich,David",Senior Lecturer,dch
1265,Sum 2026,UMNTC,UMNTC,COMM,3401,101,Intro to Communication Theory,A,25,2,PI,"Jones,Susanne Margarethe",Professor,jones344
1265,Sum 2026,UMNTC,UMNTC,COMM,3401,101,Intro to Communication Theory,A-,25,3,PI,"Jones,Susanne Margarethe",Professor,jones344
1265,Sum 2026,UMNTC,UMNTC,COMM,3401,101,Intro to Communication Theory,B,25,5,PI,"Jones,Susanne Margarethe",Professor,jones344
1265,Sum 2026,UMNTC,UMNTC,COMM,3401,101,Intro to Communication Theory,B-,25,3,PI,"Jones,Susanne Margarethe",Professor,jones344
1265,Sum 2026,UMNTC,UMNTC,COMM,3401,101,Intro to Communication Theory,C,25,2,PI,"Jones,Susanne Margarethe",Professor,jones344
1265,Sum 2026,UMNTC,UMNTC,COMM,3401,101,Intro to Communication Theory,C+,25,2,PI,"Jones,Susanne Margarethe",Professor,jones344
1265,Sum 2026,UMNTC,UMNTC,COMM,3401,101,Intro to Communication Theory,C-,25,1,PI,"Jones,Susanne Margarethe",Professor,jones344
1265,Sum 2026,UMNTC,UMNTC,COMM,3401,101,Intro to Communication Theory,D,25,1,PI,"Jones,Susanne Margarethe",Professor,jones344
1265,Sum 2026,UMNTC,UMNTC,COMM,3401,101,Intro to Communication Theory,F,25,5,PI,"Jones,Susanne Margarethe",Professor,jones344
1265,Sum 2026,UMNTC,UMNTC,COMM,3401,101,Intro to Communication Theory,W,25,1,PI,"Jones,Susanne Margarethe",Professor,jones344
1265,Sum 2026,UMNDL,UMNDL,COMM,3530,080,Dark Side of Media,A,19,6,PI,"Downs,Edward Paul",Professor,epdowns
1265,Sum 2026,UMNDL,UMNDL,COMM,3530,080,Dark Side of Media,A-,19,4,PI,"Downs,Edward Paul",Professor,epdowns
1265,Sum 2026,UMNDL,UMNDL,COMM,3530,080,Dark Side of Media,B,19,1,PI,"Downs,Edward Paul",Professor,epdowns
1265,Sum 2026,UMNDL,UMNDL,COMM,3530,080,Dark Side of Media,B+,19,1,PI,"Downs,Edward Paul",Professor,epdowns
1265,Sum 2026,UMNDL,UMNDL,COMM,3530,080,Dark Side of Media,B-,19,3,PI,"Downs,Edward Paul",Professor,epdowns
1265,Sum 2026,UMNDL,UMNDL,COMM,3530,080,Dark Side of Media,C-,19,2,PI,"Downs,Edward Paul",Professor,epdowns
1265,Sum 2026,UMNDL,UMNDL,COMM,3530,080,Dark Side of Media,F,19,2,PI,"Downs,Edward Paul",Professor,epdowns
1265,Sum 2026,UMNDL,UMNDL,COMM,3535,001,Intercultural Comm,A,12,6,PI,"Goei,Ryan Christopher",Associate Professor,rgoei
1265,Sum 2026,UMNDL,UMNDL,COMM,3535,001,Intercultural Comm,A-,12,1,PI,"Goei,Ryan Christopher",Associate Professor,rgoei
1265,Sum 2026,UMNDL,UMNDL,COMM,3535,001,Intercultural Comm,B,12,1,PI,"Goei,Ryan Christopher",Associate Professor,rgoei
1265,Sum 2026,UMNDL,UMNDL,COMM,3535,001,Intercultural Comm,B+,12,1,PI,"Goei,Ryan Christopher",Associate Professor,rgoei
1265,Sum 2026,UMNDL,UMNDL,COMM,3535,001,Intercultural Comm,B-,12,1,PI,"Goei,Ryan Christopher",Associate Professor,rgoei
1265,Sum 2026,UMNDL,UMNDL,COMM,3535,001,Intercultural Comm,C,12,1,PI,"Goei,Ryan Christopher",Associate Professor,rgoei
1265,Sum 2026,UMNDL,UMNDL,COMM,3535,001,Intercultural Comm,F,12,1,PI,"Goei,Ryan Christopher",Associate Professor,rgoei
1265,Sum 2026,UMNCR,UMNCR,COMM,3537,E90,Visual Communication,A,20,6,PI,"Gibbins,Crystal Spring",Teaching Specialist,gibb0057
1265,Sum 2026,UMNCR,UMNCR,COMM,3537,E90,Visual Communication,A-,20,3,PI,"Gibbins,Crystal Spring",Teaching Specialist,gibb0057
1265,Sum 2026,UMNCR,UMNCR,COMM,3537,E90,Visual Communication,B,20,2,PI,"Gibbins,Crystal Spring",Teaching Specialist,gibb0057
1265,Sum 2026,UMNCR,UMNCR,COMM,3537,E90,Visual Communication,B+,20,4,PI,"Gibbins,Crystal Spring",Teaching Specialist,gibb0057
1265,Sum 2026,UMNCR,UMNCR,COMM,3537,E90,Visual Communication,D+,20,1,PI,"Gibbins,Crystal Spring",Teaching Specialist,gibb0057
1265,Sum 2026,UMNCR,UMNCR,COMM,3537,E90,Visual Communication,F,20,3,PI,"Gibbins,Crystal Spring",Teaching Specialist,gibb0057
1265,Sum 2026,UMNCR,UMNCR,COMM,3537,E90,Visual Communication,W,20,1,PI,"Gibbins,Crystal Spring",Teaching Specialist,gibb0057
1265,Sum 2026,UMNDL,UMNDL,COMM,3625,080,Rhetoric of Globalization,A,22,6,PI,"Gore,David Charles",Professor,dgore
1265,Sum 2026,UMNDL,UMNDL,COMM,3625,080,Rhetoric of Globalization,A-,22,10,PI,"Gore,David Charles",Professor,dgore
1265,Sum 2026,UMNDL,UMNDL,COMM,3625,080,Rhetoric of Globalization,B,22,1,PI,"Gore,David Charles",Professor,dgore
1265,Sum 2026,UMNDL,UMNDL,COMM,3625,080,Rhetoric of Globalization,B+,22,1,PI,"Gore,David Charles",Professor,dgore
1265,Sum 2026,UMNDL,UMNDL,COMM,3625,080,Rhetoric of Globalization,D,22,1,PI,"Gore,David Charles",Professor,dgore
1265,Sum 2026,UMNDL,UMNDL,COMM,3625,080,Rhetoric of Globalization,F,22,2,PI,"Gore,David Charles",Professor,dgore
1265,Sum 2026,UMNDL,UMNDL,COMM,3625,080,Rhetoric of Globalization,W,22,1,PI,"Gore,David Charles",Professor,dgore
1265,Sum 2026,UMNTC,UMNTC,COMM,3676W,001,Communicating Terrorism,A,26,14,PI,"Cram Helwich,David",Senior Lecturer,dch
1265,Sum 2026,UMNTC,UMNTC,COMM,3676W,001,Communicating Terrorism,A-,26,2,PI,"Cram Helwich,David",Senior Lecturer,dch
1265,Sum 2026,UMNTC,UMNTC,COMM,3676W,001,Communicating Terrorism,B,26,1,PI,"Cram Helwich,David",Senior Lecturer,dch
1265,Sum 2026,UMNTC,UMNTC,COMM,3676W,001,Communicating Terrorism,B+,26,1,PI,"Cram Helwich,David",Senior Lecturer,dch
1265,Sum 2026,UMNTC,UMNTC,COMM,3676W,001,Communicating Terrorism,C+,26,1,PI,"Cram Helwich,David",Senior Lecturer,dch
1265,Sum 2026,UMNTC,UMNTC,COMM,3676W,001,Communicating Terrorism,F,26,4,PI,"Cram Helwich,David",Senior Lecturer,dch
1265,Sum 2026,UMNTC,UMNTC,COMM,3676W,001,Communicating Terrorism,W,26,3,PI,"Cram Helwich,David",Senior Lecturer,dch
1265,Sum 2026,UMNCR,UMNCR,COMM,4000,E90,News and Social Media Comm,A,14,7,PI,"Browsh,Jared Bahir",Teaching Specialist,jbrowsh
1265,Sum 2026,UMNCR,UMNCR,COMM,4000,E90,News and Social Media Comm,A-,14,2,PI,"Browsh,Jared Bahir",Teaching Specialist,jbrowsh
1265,Sum 2026,UMNCR,UMNCR,COMM,4000,E90,News and Social Media Comm,B,14,2,PI,"Browsh,Jared Bahir",Teaching Specialist,jbrowsh
1265,Sum 2026,UMNCR,UMNCR,COMM,4000,E90,News and Social Media Comm,B+,14,2,PI,"Browsh,Jared Bahir",Teaching Specialist,jbrowsh
1265,Sum 2026,UMNCR,UMNCR,COMM,4000,E90,News and Social Media Comm,B-,14,1,PI,"Browsh,Jared Bahir",Teaching Specialist,jbrowsh
1265,Sum 2026,UMNTC,UMNTC,COMM,4471,001,Comm in Marriage & Family,A,22,3,PI,"Yoon,Deborah Bora",Assistant Professor,yoon0213
1265,Sum 2026,UMNTC,UMNTC,COMM,4471,001,Comm in Marriage & Family,B,22,6,PI,"Yoon,Deborah Bora",Assistant Professor,yoon0213
1265,Sum 2026,UMNTC,UMNTC,COMM,4471,001,Comm in Marriage & Family,B+,22,5,PI,"Yoon,Deborah Bora",Assistant Professor,yoon0213
1265,Sum 2026,UMNTC,UMNTC,COMM,4471,001,Comm in Marriage & Family,B-,22,1,PI,"Yoon,Deborah Bora",Assistant Professor,yoon0213
1265,Sum 2026,UMNTC,UMNTC,COMM,4471,001,Comm in Marriage & Family,C,22,1,PI,"Yoon,Deborah Bora",Assistant Professor,yoon0213
1265,Sum 2026,UMNTC,UMNTC,COMM,4471,001,Comm in Marriage & Family,C+,22,1,PI,"Yoon,Deborah Bora",Assistant Professor,yoon0213
1265,Sum 2026,UMNTC,UMNTC,COMM,4471,001,Comm in Marriage & Family,C-,22,1,PI,"Yoon,Deborah Bora",Assistant Professor,yoon0213
1265,Sum 2026,UMNTC,UMNTC,COMM,4471,001,Comm in Marriage & Family,F,22,3,PI,"Yoon,Deborah Bora",Assistant Professor,yoon0213
1265,Sum 2026,UMNTC,UMNTC,COMM,4471,001,Comm in Marriage & Family,W,22,1,PI,"Yoon,Deborah Bora",Assistant Professor,yoon0213
1265,Sum 2026,UMNDL,UMNDL,COMM,4999,001,Seminar,A,10,1,PI,"Boyson PhD,Aaron Robert",Associate Professor,aboyson
1265,Sum 2026,UMNDL,UMNDL,COMM,4999,001,Seminar,A-,10,5,PI,"Boyson PhD,Aaron Robert",Associate Professor,aboyson
1265,Sum 2026,UMNDL,UMNDL,COMM,4999,001,Seminar,B,10,1,PI,"Boyson PhD,Aaron Robert",Associate Professor,aboyson
1265,Sum 2026,UMNDL,UMNDL,COMM,4999,001,Seminar,B+,10,1,PI,"Boyson PhD,Aaron Robert",Associate Professor,aboyson
1265,Sum 2026,UMNDL,UMNDL,COMM,4999,001,Seminar,B-,10,1,PI,"Boyson PhD,Aaron Robert",Associate Professor,aboyson
1265,Sum 2026,UMNDL,UMNDL,COMM,4999,001,Seminar,C,10,1,PI,"Boyson PhD,Aaron Robert",Associate Professor,aboyson
1265,Sum 2026,UMNCR,UMNCR,COMP,1011,E90,Composition I,A,24,10,PI,"Kratwell,Paul",Assistant Professor,kratw031
1265,Sum 2026,UMNCR,UMNCR,COMP,1011,E90,Composition I,A-,24,1,PI,"Kratwell,Paul",Assistant Professor,kratw031
1265,Sum 2026,UMNCR,UMNCR,COMP,1011,E90,Composition I,B,24,5,PI,"Kratwell,Paul",Assistant Professor,kratw031
1265,Sum 2026,UMNCR,UMNCR,COMP,1011,E90,Composition I,B-,24,1,PI,"Kratwell,Paul",Assistant Professor,kratw031
1265,Sum 2026,UMNCR,UMNCR,COMP,1011,E90,Composition I,C,24,2,PI,"Kratwell,Paul",Assistant Professor,kratw031
1265,Sum 2026,UMNCR,UMNCR,COMP,1011,E90,Composition I,C+,24,1,PI,"Kratwell,Paul",Assistant Professor,kratw031
1265,Sum 2026,UMNCR,UMNCR,COMP,1011,E90,Composition I,D,24,1,PI,"Kratwell,Paul",Assistant Professor,kratw031
1265,Sum 2026,UMNCR,UMNCR,COMP,1011,E90,Composition I,F,24,3,PI,"Kratwell,Paul",Assistant Professor,kratw031
1265,Sum 2026,UMNCR,UMNCR,COMP,1013,E90,Composition II,A,21,16,PI,"Johannesen,Danielle Norma",Associate Professor,johan259
1265,Sum 2026,UMNCR,UMNCR,COMP,1013,E90,Composition II,A-,21,1,PI,"Johannesen,Danielle Norma",Associate Professor,johan259
1265,Sum 2026,UMNCR,UMNCR,COMP,1013,E90,Composition II,B,21,2,PI,"Johannesen,Danielle Norma",Associate Professor,johan259
1265,Sum 2026,UMNCR,UMNCR,COMP,1013,E90,Composition II,B-,21,1,PI,"Johannesen,Danielle Norma",Associate Professor,johan259
1265,Sum 2026,UMNCR,UMNCR,COMP,1013,E90,Composition II,W,21,1,PI,"Johannesen,Danielle Norma",Associate Professor,johan259
1265,Sum 2026,UMNCR,UMNCR,COMP,1013,E91,Composition II,A,21,16,PI,"Johannesen,Danielle Norma",Associate Professor,johan259
1265,Sum 2026,UMNCR,UMNCR,COMP,1013,E91,Composition II,A-,21,1,PI,"Johannesen,Danielle Norma",Associate Professor,johan259
1265,Sum 2026,UMNCR,UMNCR,COMP,1013,E91,Composition II,B,21,2,PI,"Johannesen,Danielle Norma",Associate Professor,johan259
1265,Sum 2026,UMNCR,UMNCR,COMP,1013,E91,Composition II,B-,21,1,PI,"Johannesen,Danielle Norma",Associate Professor,johan259
1265,Sum 2026,UMNCR,UMNCR,COMP,1013,E91,Composition II,F,21,1,PI,"Johannesen,Danielle Norma",Associate Professor,johan259
1265,Sum 2026,UMNCR,UMNCR,COMP,1013,E92,Composition II,A,16,9,PI,"McCaffrey,Charles",Teaching Specialist,cmccaffr
1265,Sum 2026,UMNCR,UMNCR,COMP,1013,E92,Composition II,A-,16,2,PI,"McCaffrey,Charles",Teaching Specialist,cmccaffr
1265,Sum 2026,UMNCR,UMNCR,COMP,1013,E92,Composition II,B,16,1,PI,"McCaffrey,Charles",Teaching Specialist,cmccaffr
1265,Sum 2026,UMNCR,UMNCR,COMP,1013,E92,Composition II,D,16,2,PI,"McCaffrey,Charles",Teaching Specialist,cmccaffr
1265,Sum 2026,UMNCR,UMNCR,COMP,1013,E92,Composition II,F,16,2,PI,"McCaffrey,Charles",Teaching Specialist,cmccaffr
1265,Sum 2026,UMNTC,UMNTC,CPSY,1334,001,Glbl Issues - Children & Youth,A,37,17,PI,"Ferguson,Gail",Professor,gmfergus
1265,Sum 2026,UMNTC,UMNTC,CPSY,1334,001,Glbl Issues - Children & Youth,A-,37,4,PI,"Ferguson,Gail",Professor,gmfergus
1265,Sum 2026,UMNTC,UMNTC,CPSY,1334,001,Glbl Issues - Children & Youth,B,37,5,PI,"Ferguson,Gail",Professor,gmfergus
1265,Sum 2026,UMNTC,UMNTC,CPSY,1334,001,Glbl Issues - Children & Youth,B+,37,1,PI,"Ferguson,Gail",Professor,gmfergus
1265,Sum 2026,UMNTC,UMNTC,CPSY,1334,001,Glbl Issues - Children & Youth,B-,37,2,PI,"Ferguson,Gail",Professor,gmfergus
1265,Sum 2026,UMNTC,UMNTC,CPSY,1334,001,Glbl Issues - Children & Youth,C-,37,1,PI,"Ferguson,Gail",Professor,gmfergus
1265,Sum 2026,UMNTC,UMNTC,CPSY,1334,001,Glbl Issues - Children & Youth,D+,37,2,PI,"Ferguson,Gail",Professor,gmfergus
1265,Sum 2026,UMNTC,UMNTC,CPSY,1334,001,Glbl Issues - Children & Youth,F,37,3,PI,"Ferguson,Gail",Professor,gmfergus
1265,Sum 2026,UMNTC,UMNTC,CPSY,1334,001,Glbl Issues - Children & Youth,NR,37,1,PI,"Ferguson,Gail",Professor,gmfergus
1265,Sum 2026,UMNTC,UMNTC,CPSY,1334,001,Glbl Issues - Children & Youth,W,37,1,PI,"Ferguson,Gail",Professor,gmfergus
1265,Sum 2026,UMNTC,UMNTC,CPSY,2301,001,Intro to Developmental Psych,A,24,5,PI,"Glaspie,Norwood Allen",,
1265,Sum 2026,UMNTC,UMNTC,CPSY,2301,001,Intro to Developmental Psych,A-,24,8,PI,"Glaspie,Norwood Allen",,
1265,Sum 2026,UMNTC,UMNTC,CPSY,2301,001,Intro to Developmental Psych,B,24,1,PI,"Glaspie,Norwood Allen",,
1265,Sum 2026,UMNTC,UMNTC,CPSY,2301,001,Intro to Developmental Psych,B+,24,3,PI,"Glaspie,Norwood Allen",,
1265,Sum 2026,UMNTC,UMNTC,CPSY,2301,001,Intro to Developmental Psych,C,24,1,PI,"Glaspie,Norwood Allen",,
1265,Sum 2026,UMNTC,UMNTC,CPSY,2301,001,Intro to Developmental Psych,F,24,4,PI,"Glaspie,Norwood Allen",,
1265,Sum 2026,UMNTC,UMNTC,CPSY,2301,001,Intro to Developmental Psych,N,24,1,PI,"Glaspie,Norwood Allen",,
1265,Sum 2026,UMNTC,UMNTC,CPSY,2301,001,Intro to Developmental Psych,W,24,1,PI,"Glaspie,Norwood Allen",,
1265,Sum 2026,UMNTC,UMNTC,CPSY,3301,001,Intro to Developmental Psych,A,37,11,PI,"Glaspie,Norwood Allen",,
1265,Sum 2026,UMNTC,UMNTC,CPSY,3301,001,Intro to Developmental Psych,A-,37,11,PI,"Glaspie,Norwood Allen",,
1265,Sum 2026,UMNTC,UMNTC,CPSY,3301,001,Intro to Developmental Psych,B,37,3,PI,"Glaspie,Norwood Allen",,
1265,Sum 2026,UMNTC,UMNTC,CPSY,3301,001,Intro to Developmental Psych,B+,37,6,PI,"Glaspie,Norwood Allen",,
1265,Sum 2026,UMNTC,UMNTC,CPSY,3301,001,Intro to Developmental Psych,B-,37,1,PI,"Glaspie,Norwood Allen",,
1265,Sum 2026,UMNTC,UMNTC,CPSY,3301,001,Intro to Developmental Psych,C,37,1,PI,"Glaspie,Norwood Allen",,
1265,Sum 2026,UMNTC,UMNTC,CPSY,3301,001,Intro to Developmental Psych,D+,37,1,PI,"Glaspie,Norwood Allen",,
1265,Sum 2026,UMNTC,UMNTC,CPSY,3301,001,Intro to Developmental Psych,F,37,2,PI,"Glaspie,Norwood Allen",,
1265,Sum 2026,UMNTC,UMNTC,CPSY,3301,001,Intro to Developmental Psych,S,37,1,PI,"Glaspie,Norwood Allen",,
1265,Sum 2026,UMNTC,UMNTC,CPSY,5261,001,Early Learning Infant Toddler,A,40,36,PI,"Criswell,Elizabeth Flannery",Teaching Specialist,crisw009
1265,Sum 2026,UMNTC,UMNTC,CPSY,5261,001,Early Learning Infant Toddler,A-,40,1,PI,"Criswell,Elizabeth Flannery",Teaching Specialist,crisw009
1265,Sum 2026,UMNTC,UMNTC,CPSY,5261,001,Early Learning Infant Toddler,C+,40,1,PI,"Criswell,Elizabeth Flannery",Teaching Specialist,crisw009
1265,Sum 2026,UMNTC,UMNTC,CPSY,5261,001,Early Learning Infant Toddler,F,40,1,PI,"Criswell,Elizabeth Flannery",Teaching Specialist,crisw009
1265,Sum 2026,UMNTC,UMNTC,CPSY,5261,001,Early Learning Infant Toddler,W,40,1,PI,"Criswell,Elizabeth Flannery",Teaching Specialist,crisw009
1265,Sum 2026,UMNTC,UMNTC,CPSY,5301,001,Advanced Developmental Psych,A,42,26,PI,"Elieff,Chryle Ann",Senior Lecturer,elief001
1265,Sum 2026,UMNTC,UMNTC,CPSY,5301,001,Advanced Developmental Psych,A-,42,7,PI,"Elieff,Chryle Ann",Senior Lecturer,elief001
1265,Sum 2026,UMNTC,UMNTC,CPSY,5301,001,Advanced Developmental Psych,B,42,3,PI,"Elieff,Chryle Ann",Senior Lecturer,elief001
1265,Sum 2026,UMNTC,UMNTC,CPSY,5301,001,Advanced Developmental Psych,B+,42,5,PI,"Elieff,Chryle Ann",Senior Lecturer,elief001
1265,Sum 2026,UMNTC,UMNTC,CPSY,5301,001,Advanced Developmental Psych,B-,42,1,PI,"Elieff,Chryle Ann",Senior Lecturer,elief001
1265,Sum 2026,UMNTC,UMNTC,CPSY,5513,001,Early Childhood Assessment,A,21,20,PI,"Zacharias,Katherine Colleen Noll",Teaching Specialist,noll0033
1265,Sum 2026,UMNTC,UMNTC,CPSY,5513,001,Early Childhood Assessment,A-,21,1,PI,"Zacharias,Katherine Colleen Noll",Teaching Specialist,noll0033
1265,Sum 2026,UMNTC,UMNTC,CPSY,5601,001,Child Life Theory & Practice,A,10,7,PI,"Orman,JoHannah Marie",Lecturer,bergs219
1265,Sum 2026,UMNTC,UMNTC,CPSY,5601,001,Child Life Theory & Practice,B,10,2,PI,"Orman,JoHannah Marie",Lecturer,bergs219
1265,Sum 2026,UMNTC,UMNTC,CPSY,5601,001,Child Life Theory & Practice,B+,10,1,PI,"Orman,JoHannah Marie",Lecturer,bergs219
1265,Sum 2026,UMNDL,UMNDL,CRIM,1301,080,Intro to Criminology,A,10,8,PI,"Maahs,Jeffrey Robert",Associate Professor,jmaahs
1265,Sum 2026,UMNDL,UMNDL,CRIM,1301,080,Intro to Criminology,B,10,1,PI,"Maahs,Jeffrey Robert",Associate Professor,jmaahs
1265,Sum 2026,UMNDL,UMNDL,CRIM,1301,080,Intro to Criminology,F,10,1,PI,"Maahs,Jeffrey Robert",Associate Professor,jmaahs
1265,Sum 2026,UMNDL,UMNDL,CRIM,2311,080,Criminological Theory,A,14,9,PI,"Williams,Joshua Harrison",Assistant Professor,will7730
1265,Sum 2026,UMNDL,UMNDL,CRIM,2311,080,Criminological Theory,A-,14,1,PI,"Williams,Joshua Harrison",Assistant Professor,will7730
1265,Sum 2026,UMNDL,UMNDL,CRIM,2311,080,Criminological Theory,B,14,1,PI,"Williams,Joshua Harrison",Assistant Professor,will7730
1265,Sum 2026,UMNDL,UMNDL,CRIM,2311,080,Criminological Theory,C,14,1,PI,"Williams,Joshua Harrison",Assistant Professor,will7730
1265,Sum 2026,UMNDL,UMNDL,CRIM,2311,080,Criminological Theory,C-,14,1,PI,"Williams,Joshua Harrison",Assistant Professor,will7730
1265,Sum 2026,UMNDL,UMNDL,CRIM,2311,080,Criminological Theory,D,14,1,PI,"Williams,Joshua Harrison",Assistant Professor,will7730
1265,Sum 2026,UMNDL,UMNDL,CRIM,3350,080,Psychopathology and Crime,A,11,1,PI,"Buffington,Jacqueline",Associate Professor,jbuffing
1265,Sum 2026,UMNDL,UMNDL,CRIM,3350,080,Psychopathology and Crime,A-,11,2,PI,"Buffington,Jacqueline",Associate Professor,jbuffing
1265,Sum 2026,UMNDL,UMNDL,CRIM,3350,080,Psychopathology and Crime,B+,11,3,PI,"Buffington,Jacqueline",Associate Professor,jbuffing
1265,Sum 2026,UMNDL,UMNDL,CRIM,3350,080,Psychopathology and Crime,B-,11,2,PI,"Buffington,Jacqueline",Associate Professor,jbuffing
1265,Sum 2026,UMNDL,UMNDL,CRIM,3350,080,Psychopathology and Crime,D,11,1,PI,"Buffington,Jacqueline",Associate Professor,jbuffing
1265,Sum 2026,UMNDL,UMNDL,CRIM,3350,080,Psychopathology and Crime,F,11,2,PI,"Buffington,Jacqueline",Associate Professor,jbuffing
1265,Sum 2026,UMNCR,UMNCR,CRJS,3525,E90,Juvenile Justice/Delinquency,A,13,5,PI,"Seyfried,David",Senior Lecturer,seyfried
1265,Sum 2026,UMNCR,UMNCR,CRJS,3525,E90,Juvenile Justice/Delinquency,B,13,5,PI,"Seyfried,David",Senior Lecturer,seyfried
1265,Sum 2026,UMNCR,UMNCR,CRJS,3525,E90,Juvenile Justice/Delinquency,C,13,1,PI,"Seyfried,David",Senior Lecturer,seyfried
1265,Sum 2026,UMNCR,UMNCR,CRJS,3525,E90,Juvenile Justice/Delinquency,F,13,2,PI,"Seyfried,David",Senior Lecturer,seyfried
1265,Sum 2026,UMNDL,UMNDL,CS,1043,002,Digital Justice in Healthcare,A,13,7,PI,"Khan,Arshia Anjum",Professor,akhan
1265,Sum 2026,UMNDL,UMNDL,CS,1043,002,Digital Justice in Healthcare,A-,13,2,PI,"Khan,Arshia Anjum",Professor,akhan
1265,Sum 2026,UMNDL,UMNDL,CS,1043,002,Digital Justice in Healthcare,B+,13,1,PI,"Khan,Arshia Anjum",Professor,akhan
1265,Sum 2026,UMNDL,UMNDL,CS,1043,002,Digital Justice in Healthcare,B-,13,2,PI,"Khan,Arshia Anjum",Professor,akhan
1265,Sum 2026,UMNDL,UMNDL,CS,1043,002,Digital Justice in Healthcare,F,13,1,PI,"Khan,Arshia Anjum",Professor,akhan
1265,Sum 2026,UMNDL,UMNDL,CS,3531,001,Automata and Formal Languages,A,16,7,PI,"Knight,Sophia R",Associate Professor,sknight
1265,Sum 2026,UMNDL,UMNDL,CS,3531,001,Automata and Formal Languages,A-,16,1,PI,"Knight,Sophia R",Associate Professor,sknight
1265,Sum 2026,UMNDL,UMNDL,CS,3531,001,Automata and Formal Languages,B,16,2,PI,"Knight,Sophia R",Associate Professor,sknight
1265,Sum 2026,UMNDL,UMNDL,CS,3531,001,Automata and Formal Languages,B+,16,2,PI,"Knight,Sophia R",Associate Professor,sknight
1265,Sum 2026,UMNDL,UMNDL,CS,3531,001,Automata and Formal Languages,C,16,1,PI,"Knight,Sophia R",Associate Professor,sknight
1265,Sum 2026,UMNDL,UMNDL,CS,3531,001,Automata and Formal Languages,C+,16,3,PI,"Knight,Sophia R",Associate Professor,sknight
1265,Sum 2026,UMNDL,UMNDL,CS,4312,002,Operating Systems,A,18,10,PI,"Wang,Haiyang",Associate Professor,haiyang
1265,Sum 2026,UMNDL,UMNDL,CS,4312,002,Operating Systems,A-,18,1,PI,"Wang,Haiyang",Associate Professor,haiyang
1265,Sum 2026,UMNDL,UMNDL,CS,4312,002,Operating Systems,B,18,3,PI,"Wang,Haiyang",Associate Professor,haiyang
1265,Sum 2026,UMNDL,UMNDL,CS,4312,002,Operating Systems,B+,18,2,PI,"Wang,Haiyang",Associate Professor,haiyang
1265,Sum 2026,UMNDL,UMNDL,CS,4312,002,Operating Systems,C,18,2,PI,"Wang,Haiyang",Associate Professor,haiyang
1265,Sum 2026,UMNDL,UMNDL,CS,4322,002,Database Management Systems,A,28,11,PI,"Leal,Eleazar",Associate Professor,eleal
1265,Sum 2026,UMNDL,UMNDL,CS,4322,002,Database Management Systems,A-,28,3,PI,"Leal,Eleazar",Associate Professor,eleal
1265,Sum 2026,UMNDL,UMNDL,CS,4322,002,Database Management Systems,B,28,1,PI,"Leal,Eleazar",Associate Professor,eleal
1265,Sum 2026,UMNDL,UMNDL,CS,4322,002,Database Management Systems,B+,28,3,PI,"Leal,Eleazar",Associate Professor,eleal
1265,Sum 2026,UMNDL,UMNDL,CS,4322,002,Database Management Systems,B-,28,2,PI,"Leal,Eleazar",Associate Professor,eleal
1265,Sum 2026,UMNDL,UMNDL,CS,4322,002,Database Management Systems,C,28,3,PI,"Leal,Eleazar",Associate Professor,eleal
1265,Sum 2026,UMNDL,UMNDL,CS,4322,002,Database Management Systems,C+,28,3,PI,"Leal,Eleazar",Associate Professor,eleal
1265,Sum 2026,UMNDL,UMNDL,CS,4322,002,Database Management Systems,C-,28,2,PI,"Leal,Eleazar",Associate Professor,eleal
1265,Sum 2026,UMNTC,UMNTC,CSCI,1133,002,Intro to Programming Concepts,A,16,2,PI,"Al-Khatib,Mai",Lecturer,alkh0020
1265,Sum 2026,UMNTC,UMNTC,CSCI,1133,002,Intro to Programming Concepts,A-,16,1,PI,"Al-Khatib,Mai",Lecturer,alkh0020
1265,Sum 2026,UMNTC,UMNTC,CSCI,1133,002,Intro to Programming Concepts,B,16,2,PI,"Al-Khatib,Mai",Lecturer,alkh0020
1265,Sum 2026,UMNTC,UMNTC,CSCI,1133,002,Intro to Programming Concepts,B+,16,1,PI,"Al-Khatib,Mai",Lecturer,alkh0020
1265,Sum 2026,UMNTC,UMNTC,CSCI,1133,002,Intro to Programming Concepts,B-,16,2,PI,"Al-Khatib,Mai",Lecturer,alkh0020
1265,Sum 2026,UMNTC,UMNTC,CSCI,1133,002,Intro to Programming Concepts,C,16,2,PI,"Al-Khatib,Mai",Lecturer,alkh0020
1265,Sum 2026,UMNTC,UMNTC,CSCI,1133,002,Intro to Programming Concepts,C+,16,1,PI,"Al-Khatib,Mai",Lecturer,alkh0020
1265,Sum 2026,UMNTC,UMNTC,CSCI,1133,002,Intro to Programming Concepts,D+,16,1,PI,"Al-Khatib,Mai",Lecturer,alkh0020
1265,Sum 2026,UMNTC,UMNTC,CSCI,1133,002,Intro to Programming Concepts,F,16,1,PI,"Al-Khatib,Mai",Lecturer,alkh0020
1265,Sum 2026,UMNTC,UMNTC,CSCI,1133,002,Intro to Programming Concepts,W,16,3,PI,"Al-Khatib,Mai",Lecturer,alkh0020
1265,Sum 2026,UMNTC,UMNTC,CSCI,4061,002,Intro to Operating Systems,A,63,54,PI,"Chandra,Abhishek",Professor,chandra
1265,Sum 2026,UMNTC,UMNTC,CSCI,4061,002,Intro to Operating Systems,A-,63,1,PI,"Chandra,Abhishek",Professor,chandra
1265,Sum 2026,UMNTC,UMNTC,CSCI,4061,002,Intro to Operating Systems,B+,63,3,PI,"Chandra,Abhishek",Professor,chandra
1265,Sum 2026,UMNTC,UMNTC,CSCI,4061,002,Intro to Operating Systems,B-,63,2,PI,"Chandra,Abhishek",Professor,chandra
1265,Sum 2026,UMNTC,UMNTC,CSCI,4061,002,Intro to Operating Systems,C,63,1,PI,"Chandra,Abhishek",Professor,chandra
1265,Sum 2026,UMNTC,UMNTC,CSCI,4061,002,Intro to Operating Systems,C+,63,2,PI,"Chandra,Abhishek",Professor,chandra
1265,Sum 2026,UMNTC,UMNTC,CSCI,4801,002,Software Development Process,A,21,1,PI,"Wendt,Kevin Daniel",Teaching Specialist,wendt
1265,Sum 2026,UMNTC,UMNTC,CSCI,4801,002,Software Development Process,A-,21,2,PI,"Wendt,Kevin Daniel",Teaching Specialist,wendt
1265,Sum 2026,UMNTC,UMNTC,CSCI,4801,002,Software Development Process,B,21,9,PI,"Wendt,Kevin Daniel",Teaching Specialist,wendt
1265,Sum 2026,UMNTC,UMNTC,CSCI,4801,002,Software Development Process,B+,21,1,PI,"Wendt,Kevin Daniel",Teaching Specialist,wendt
1265,Sum 2026,UMNTC,UMNTC,CSCI,4801,002,Software Development Process,B-,21,2,PI,"Wendt,Kevin Daniel",Teaching Specialist,wendt
1265,Sum 2026,UMNTC,UMNTC,CSCI,4801,002,Software Development Process,C+,21,3,PI,"Wendt,Kevin Daniel",Teaching Specialist,wendt
1265,Sum 2026,UMNTC,UMNTC,CSCI,4801,002,Software Development Process,D,21,1,PI,"Wendt,Kevin Daniel",Teaching Specialist,wendt
1265,Sum 2026,UMNTC,UMNTC,CSCI,4801,002,Software Development Process,D+,21,1,PI,"Wendt,Kevin Daniel",Teaching Specialist,wendt
1265,Sum 2026,UMNTC,UMNTC,CSCI,4801,002,Software Development Process,W,21,1,PI,"Wendt,Kevin Daniel",Teaching Specialist,wendt
1265,Sum 2026,UMNTC,UMNTC,CSCL,1001W,001,Intro to Cultural Studies,A,19,8,PI,"Bateman-Coe,Majorca Helen",,
1265,Sum 2026,UMNTC,UMNTC,CSCL,1001W,001,Intro to Cultural Studies,A-,19,4,PI,"Bateman-Coe,Majorca Helen",,
1265,Sum 2026,UMNTC,UMNTC,CSCL,1001W,001,Intro to Cultural Studies,B,19,1,PI,"Bateman-Coe,Majorca Helen",,
1265,Sum 2026,UMNTC,UMNTC,CSCL,1001W,001,Intro to Cultural Studies,B-,19,1,PI,"Bateman-Coe,Majorca Helen",,
1265,Sum 2026,UMNTC,UMNTC,CSCL,1001W,001,Intro to Cultural Studies,C,19,1,PI,"Bateman-Coe,Majorca Helen",,
1265,Sum 2026,UMNTC,UMNTC,CSCL,1001W,001,Intro to Cultural Studies,C-,19,1,PI,"Bateman-Coe,Majorca Helen",,
1265,Sum 2026,UMNTC,UMNTC,CSCL,1001W,001,Intro to Cultural Studies,F,19,1,PI,"Bateman-Coe,Majorca Helen",,
1265,Sum 2026,UMNTC,UMNTC,CSCL,1001W,001,Intro to Cultural Studies,S,19,1,PI,"Bateman-Coe,Majorca Helen",,
1265,Sum 2026,UMNTC,UMNTC,CSCL,1001W,001,Intro to Cultural Studies,W,19,1,PI,"Bateman-Coe,Majorca Helen",,
1265,Sum 2026,UMNTC,UMNTC,CSCL,3221,001,On Television,A,16,5,PI,"Tchepikova-Treon,Olga",Lecturer,tchep003
1265,Sum 2026,UMNTC,UMNTC,CSCL,3221,001,On Television,B,16,3,PI,"Tchepikova-Treon,Olga",Lecturer,tchep003
1265,Sum 2026,UMNTC,UMNTC,CSCL,3221,001,On Television,B+,16,3,PI,"Tchepikova-Treon,Olga",Lecturer,tchep003
1265,Sum 2026,UMNTC,UMNTC,CSCL,3221,001,On Television,B-,16,1,PI,"Tchepikova-Treon,Olga",Lecturer,tchep003
1265,Sum 2026,UMNTC,UMNTC,CSCL,3221,001,On Television,C+,16,3,PI,"Tchepikova-Treon,Olga",Lecturer,tchep003
1265,Sum 2026,UMNTC,UMNTC,CSCL,3221,001,On Television,F,16,1,PI,"Tchepikova-Treon,Olga",Lecturer,tchep003
1265,Sum 2026,UMNDL,UMNDL,CSD,5230,001,Adv Appl in Comm Modalities,A,39,34,PI,"Hyppa Martin,Jolene K",Associate Professor,jhm
1265,Sum 2026,UMNDL,UMNDL,CSD,5230,001,Adv Appl in Comm Modalities,A-,39,2,PI,"Hyppa Martin,Jolene K",Associate Professor,jhm
1265,Sum 2026,UMNDL,UMNDL,CSD,5230,001,Adv Appl in Comm Modalities,B,39,1,PI,"Hyppa Martin,Jolene K",Associate Professor,jhm
1265,Sum 2026,UMNDL,UMNDL,CSD,5230,001,Adv Appl in Comm Modalities,B+,39,1,PI,"Hyppa Martin,Jolene K",Associate Professor,jhm
1265,Sum 2026,UMNDL,UMNDL,CSD,5230,001,Adv Appl in Comm Modalities,B-,39,1,PI,"Hyppa Martin,Jolene K",Associate Professor,jhm
1265,Sum 2026,UMNDL,UMNDL,CSD,5237,001,Cognitive Comm Disorders,A,40,20,PI,"Samargia-Grivette,Sharyl Anne",Associate Professor,samargia
1265,Sum 2026,UMNDL,UMNDL,CSD,5237,001,Cognitive Comm Disorders,A-,40,7,PI,"Samargia-Grivette,Sharyl Anne",Associate Professor,samargia
1265,Sum 2026,UMNDL,UMNDL,CSD,5237,001,Cognitive Comm Disorders,B,40,3,PI,"Samargia-Grivette,Sharyl Anne",Associate Professor,samargia
1265,Sum 2026,UMNDL,UMNDL,CSD,5237,001,Cognitive Comm Disorders,B+,40,6,PI,"Samargia-Grivette,Sharyl Anne",Associate Professor,samargia
1265,Sum 2026,UMNDL,UMNDL,CSD,5237,001,Cognitive Comm Disorders,B-,40,1,PI,"Samargia-Grivette,Sharyl Anne",Associate Professor,samargia
1265,Sum 2026,UMNDL,UMNDL,CSD,5237,001,Cognitive Comm Disorders,C,40,1,PI,"Samargia-Grivette,Sharyl Anne",Associate Professor,samargia
1265,Sum 2026,UMNDL,UMNDL,CSD,5237,001,Cognitive Comm Disorders,C+,40,1,PI,"Samargia-Grivette,Sharyl Anne",Associate Professor,samargia
1265,Sum 2026,UMNDL,UMNDL,CSD,5237,001,Cognitive Comm Disorders,W,40,1,PI,"Samargia-Grivette,Sharyl Anne",Associate Professor,samargia
1265,Sum 2026,UMNDL,UMNDL,CSD,5270,001,Structural Orofacial,A,39,32,PI,"Collins,Dana Rose",Associate Professor,drcollin
1265,Sum 2026,UMNDL,UMNDL,CSD,5270,001,Structural Orofacial,A-,39,2,PI,"Collins,Dana Rose",Associate Professor,drcollin
1265,Sum 2026,UMNDL,UMNDL,CSD,5270,001,Structural Orofacial,B,39,1,PI,"Collins,Dana Rose",Associate Professor,drcollin
1265,Sum 2026,UMNDL,UMNDL,CSD,5270,001,Structural Orofacial,B+,39,3,PI,"Collins,Dana Rose",Associate Professor,drcollin
1265,Sum 2026,UMNDL,UMNDL,CSD,5270,001,Structural Orofacial,B-,39,1,PI,"Collins,Dana Rose",Associate Professor,drcollin
1265,Sum 2026,UMNDL,UMNDL,CSD,5500,001,Voice Disorders,A,39,37,PI,"Collins,Dana Rose",Associate Professor,drcollin
1265,Sum 2026,UMNDL,UMNDL,CSD,5500,001,Voice Disorders,A-,39,1,PI,"Collins,Dana Rose",Associate Professor,drcollin
1265,Sum 2026,UMNDL,UMNDL,CSD,5500,001,Voice Disorders,B+,39,1,PI,"Collins,Dana Rose",Associate Professor,drcollin
1265,Sum 2026,UMNDL,UMNDL,CSD,8099,005,Projects CD,A,14,12,PI,"Samargia-Grivette,Sharyl Anne",Associate Professor,samargia
1265,Sum 2026,UMNDL,UMNDL,CSD,8099,005,Projects CD,B,14,2,PI,"Samargia-Grivette,Sharyl Anne",Associate Professor,samargia
1265,Sum 2026,UMNTC,UMNTC,CSE,4896,002,Co-op Industrial Assign I,A,44,34,PI,"Bazargan,Kia",Associate Professor,kia
1265,Sum 2026,UMNTC,UMNTC,CSE,4896,002,Co-op Industrial Assign I,A-,44,4,PI,"Bazargan,Kia",Associate Professor,kia
1265,Sum 2026,UMNTC,UMNTC,CSE,4896,002,Co-op Industrial Assign I,B,44,1,PI,"Bazargan,Kia",Associate Professor,kia
1265,Sum 2026,UMNTC,UMNTC,CSE,4896,002,Co-op Industrial Assign I,B+,44,3,PI,"Bazargan,Kia",Associate Professor,kia
1265,Sum 2026,UMNTC,UMNTC,CSE,4896,002,Co-op Industrial Assign I,F,44,2,PI,"Bazargan,Kia",Associate Professor,kia
1265,Sum 2026,UMNTC,UMNTC,CSE,4996,002,Co-op Industrial Assign II,A,30,18,PI,"Bazargan,Kia",Associate Professor,kia
1265,Sum 2026,UMNTC,UMNTC,CSE,4996,002,Co-op Industrial Assign II,A-,30,6,PI,"Bazargan,Kia",Associate Professor,kia
1265,Sum 2026,UMNTC,UMNTC,CSE,4996,002,Co-op Industrial Assign II,B,30,2,PI,"Bazargan,Kia",Associate Professor,kia
1265,Sum 2026,UMNTC,UMNTC,CSE,4996,002,Co-op Industrial Assign II,B+,30,1,PI,"Bazargan,Kia",Associate Professor,kia
1265,Sum 2026,UMNTC,UMNTC,CSE,4996,002,Co-op Industrial Assign II,B-,30,1,PI,"Bazargan,Kia",Associate Professor,kia
1265,Sum 2026,UMNTC,UMNTC,CSE,4996,002,Co-op Industrial Assign II,D,30,1,PI,"Bazargan,Kia",Associate Professor,kia
1265,Sum 2026,UMNTC,UMNTC,CSE,4996,002,Co-op Industrial Assign II,F,30,1,PI,"Bazargan,Kia",Associate Professor,kia
1265,Sum 2026,UMNTC,UMNTC,CSPH,1203,001,Social Media/Mental Health,A,38,33,PI,"Breshears,Kit",M&C Pro 5-Comm Gen,kit
1265,Sum 2026,UMNTC,UMNTC,CSPH,1203,001,Social Media/Mental Health,A-,38,1,PI,"Breshears,Kit",M&C Pro 5-Comm Gen,kit
1265,Sum 2026,UMNTC,UMNTC,CSPH,1203,001,Social Media/Mental Health,B,38,2,PI,"Breshears,Kit",M&C Pro 5-Comm Gen,kit
1265,Sum 2026,UMNTC,UMNTC,CSPH,1203,001,Social Media/Mental Health,C+,38,1,PI,"Breshears,Kit",M&C Pro 5-Comm Gen,kit
1265,Sum 2026,UMNTC,UMNTC,CSPH,1203,001,Social Media/Mental Health,S,38,1,PI,"Breshears,Kit",M&C Pro 5-Comm Gen,kit
1265,Sum 2026,UMNTC,UMNTC,CSPH,1204,001,Creating a Meaningful Life,A,20,15,PI,"Breshears,Kit",M&C Pro 5-Comm Gen,kit
1265,Sum 2026,UMNTC,UMNTC,CSPH,1204,001,Creating a Meaningful Life,A-,20,2,PI,"Breshears,Kit",M&C Pro 5-Comm Gen,kit
1265,Sum 2026,UMNTC,UMNTC,CSPH,1204,001,Creating a Meaningful Life,C,20,1,PI,"Breshears,Kit",M&C Pro 5-Comm Gen,kit
1265,Sum 2026,UMNTC,UMNTC,CSPH,1204,001,Creating a Meaningful Life,F,20,1,PI,"Breshears,Kit",M&C Pro 5-Comm Gen,kit
1265,Sum 2026,UMNTC,UMNTC,CSPH,1204,001,Creating a Meaningful Life,S,20,1,PI,"Breshears,Kit",M&C Pro 5-Comm Gen,kit
1265,Sum 2026,UMNTC,UMNTC,CSPH,5101,002,Overview Integrative Practices,A,27,25,PI,"Austin,Robin R",Associate Professor,quis0026
1265,Sum 2026,UMNTC,UMNTC,CSPH,5101,002,Overview Integrative Practices,D+,27,1,PI,"Austin,Robin R",Associate Professor,quis0026
1265,Sum 2026,UMNTC,UMNTC,CSPH,5101,002,Overview Integrative Practices,F,27,1,PI,"Austin,Robin R",Associate Professor,quis0026
1265,Sum 2026,UMNTC,UMNTC,CSPH,5313,001,Acupressure,A,12,11,PI,"Christensen,Kim",Instructor,chri3799
1265,Sum 2026,UMNTC,UMNTC,CSPH,5313,001,Acupressure,B+,12,1,PI,"Christensen,Kim",Instructor,chri3799
1265,Sum 2026,UMNTC,UMNTC,CSPH,5317,001,"Yoga: Ethics, Spirit, Healing",A,16,9,PI,"Schuver,Katie Jo",Lecturer,schuv007
1265,Sum 2026,UMNTC,UMNTC,CSPH,5317,001,"Yoga: Ethics, Spirit, Healing",A-,16,2,PI,"Schuver,Katie Jo",Lecturer,schuv007
1265,Sum 2026,UMNTC,UMNTC,CSPH,5317,001,"Yoga: Ethics, Spirit, Healing",C-,16,1,PI,"Schuver,Katie Jo",Lecturer,schuv007
1265,Sum 2026,UMNTC,UMNTC,CSPH,5317,001,"Yoga: Ethics, Spirit, Healing",D+,16,1,PI,"Schuver,Katie Jo",Lecturer,schuv007
1265,Sum 2026,UMNTC,UMNTC,CSPH,5317,001,"Yoga: Ethics, Spirit, Healing",F,16,1,PI,"Schuver,Katie Jo",Lecturer,schuv007
1265,Sum 2026,UMNTC,UMNTC,CSPH,5317,001,"Yoga: Ethics, Spirit, Healing",W,16,2,PI,"Schuver,Katie Jo",Lecturer,schuv007
1265,Sum 2026,UMNTC,UMNTC,CSPH,5318,500,Tibetan Medicine in India,A,10,9,PI,"Namdul,Tenzin",Assistant Professor,tenzin
1265,Sum 2026,UMNTC,UMNTC,CSPH,5318,500,Tibetan Medicine in India,A-,10,1,PI,"Namdul,Tenzin",Assistant Professor,tenzin
1265,Sum 2026,UMNTC,UMNTC,CSPH,5343,001,Ayurveda Medicine,A,13,9,PI,"Manvikar,Asavari",Instructor,amanvika
1265,Sum 2026,UMNTC,UMNTC,CSPH,5343,001,Ayurveda Medicine,A-,13,1,PI,"Manvikar,Asavari",Instructor,amanvika
1265,Sum 2026,UMNTC,UMNTC,CSPH,5343,001,Ayurveda Medicine,B+,13,1,PI,"Manvikar,Asavari",Instructor,amanvika
1265,Sum 2026,UMNTC,UMNTC,CSPH,5343,001,Ayurveda Medicine,S,13,1,PI,"Manvikar,Asavari",Instructor,amanvika
1265,Sum 2026,UMNTC,UMNTC,CSPH,5343,001,Ayurveda Medicine,W,13,1,PI,"Manvikar,Asavari",Instructor,amanvika
1265,Sum 2026,UMNTC,UMNTC,CSPH,5503,001,Aromatherapy Fundamentals,A,14,11,PI,"Tomaino,Janet Marie",Instructor,toma0131
1265,Sum 2026,UMNTC,UMNTC,CSPH,5503,001,Aromatherapy Fundamentals,A-,14,1,PI,"Tomaino,Janet Marie",Instructor,toma0131
1265,Sum 2026,UMNTC,UMNTC,CSPH,5503,001,Aromatherapy Fundamentals,B+,14,1,PI,"Tomaino,Janet Marie",Instructor,toma0131
1265,Sum 2026,UMNTC,UMNTC,CSPH,5503,001,Aromatherapy Fundamentals,S,14,1,PI,"Tomaino,Janet Marie",Instructor,toma0131
1265,Sum 2026,UMNTC,UMNTC,CSPH,5522,001,Therapeutic Horticulture,A,14,11,PI,"Larson,Jean Marie",Lecturer,larso095
1265,Sum 2026,UMNTC,UMNTC,CSPH,5522,001,Therapeutic Horticulture,B,14,1,PI,"Larson,Jean Marie",Lecturer,larso095
1265,Sum 2026,UMNTC,UMNTC,CSPH,5522,001,Therapeutic Horticulture,F,14,1,PI,"Larson,Jean Marie",Lecturer,larso095
1265,Sum 2026,UMNTC,UMNTC,CSPH,5522,001,Therapeutic Horticulture,S,14,1,PI,"Larson,Jean Marie",Lecturer,larso095
1265,Sum 2026,UMNTC,UMNTC,CSPH,5713,001,Health Coaching for Hlth Prof,A,14,11,PI,"O'Neill,Cherie",Associate Professor,cherie
1265,Sum 2026,UMNTC,UMNTC,CSPH,5713,001,Health Coaching for Hlth Prof,B,14,1,PI,"O'Neill,Cherie",Associate Professor,cherie
1265,Sum 2026,UMNTC,UMNTC,CSPH,5713,001,Health Coaching for Hlth Prof,B+,14,1,PI,"O'Neill,Cherie",Associate Professor,cherie
1265,Sum 2026,UMNTC,UMNTC,CSPH,5713,001,Health Coaching for Hlth Prof,B-,14,1,PI,"O'Neill,Cherie",Associate Professor,cherie
1265,Sum 2026,UMNTC,UMNTC,DDS,6127,001,Periodontology Clinic D4 Sum,NR,122,36,PI,"Akhlaghi,Elham",Clinical Professor,eakhdagh
1265,Sum 2026,UMNTC,UMNTC,DDS,6127,001,Periodontology Clinic D4 Sum,S,122,86,PI,"Akhlaghi,Elham",Clinical Professor,eakhdagh
1265,Sum 2026,UMNTC,UMNTC,DDS,6161,001,OMFS Clinic Rotation,N,21,1,PI,"Uppgaard,Rachel Marie",Associate Professor,uppg0003
1265,Sum 2026,UMNTC,UMNTC,DDS,6161,001,OMFS Clinic Rotation,S,21,20,PI,"Uppgaard,Rachel Marie",Associate Professor,uppg0003
1265,Sum 2026,UMNTC,UMNTC,DDS,6231,001,Phys Evaluation I,A,104,78,PI,"Rhodus,Nelson L",Professor,rhodu001
1265,Sum 2026,UMNTC,UMNTC,DDS,6231,001,Phys Evaluation I,B,104,21,PI,"Rhodus,Nelson L",Professor,rhodu001
1265,Sum 2026,UMNTC,UMNTC,DDS,6231,001,Phys Evaluation I,C,104,5,PI,"Rhodus,Nelson L",Professor,rhodu001
1265,Sum 2026,UMNTC,UMNTC,DDS,6412,001,Biomaterials Science II,A,102,51,PI,"Lee,Jae Sung",Assistant Professor,andjslee
1265,Sum 2026,UMNTC,UMNTC,DDS,6412,001,Biomaterials Science II,B,102,44,PI,"Lee,Jae Sung",Assistant Professor,andjslee
1265,Sum 2026,UMNTC,UMNTC,DDS,6412,001,Biomaterials Science II,C,102,7,PI,"Lee,Jae Sung",Assistant Professor,andjslee
1265,Sum 2026,UMNTC,UMNTC,DDS,6451,002,Intro to Endo,A,117,73,PI,"Rodriguez-Figueroa DDS,MS,Carolina",Clinical Associate Professor,rodri274
1265,Sum 2026,UMNTC,UMNTC,DDS,6451,002,Intro to Endo,B,117,44,PI,"Rodriguez-Figueroa DDS,MS,Carolina",Clinical Associate Professor,rodri274
1265,Sum 2026,UMNTC,UMNTC,DDS,6471,001,PC Pros Tech Lec II,A,103,101,PI,"Yadav,Sangeeta",Clinical Associate Professor,syadav
1265,Sum 2026,UMNTC,UMNTC,DDS,6471,001,PC Pros Tech Lec II,B,103,2,PI,"Yadav,Sangeeta",Clinical Associate Professor,syadav
1265,Sum 2026,UMNTC,UMNTC,DDS,6472,001,PC Pros Lab II,A,101,86,PI,"Yadav,Sangeeta",Clinical Associate Professor,syadav
1265,Sum 2026,UMNTC,UMNTC,DDS,6472,001,PC Pros Lab II,B,101,13,PI,"Yadav,Sangeeta",Clinical Associate Professor,syadav
1265,Sum 2026,UMNTC,UMNTC,DDS,6472,001,PC Pros Lab II,C,101,2,PI,"Yadav,Sangeeta",Clinical Associate Professor,syadav
1265,Sum 2026,UMNTC,UMNTC,DDS,6487,001,PASS Prosthodontic Technique 2,A,17,7,PI,"Adarve,Ranier Marfil",Associate Professor,adar0002
1265,Sum 2026,UMNTC,UMNTC,DDS,6487,001,PASS Prosthodontic Technique 2,B,17,9,PI,"Adarve,Ranier Marfil",Associate Professor,adar0002
1265,Sum 2026,UMNTC,UMNTC,DDS,6487,001,PASS Prosthodontic Technique 2,C,17,1,PI,"Adarve,Ranier Marfil",Associate Professor,adar0002
1265,Sum 2026,UMNTC,UMNTC,DDS,6491,001,PC Pros Tech Lec VI,A,118,36,PI,"Seong,WookJin",Associate Professor,seong001
1265,Sum 2026,UMNTC,UMNTC,DDS,6491,001,PC Pros Tech Lec VI,B,118,51,PI,"Seong,WookJin",Associate Professor,seong001
1265,Sum 2026,UMNTC,UMNTC,DDS,6491,001,PC Pros Tech Lec VI,C,118,28,PI,"Seong,WookJin",Associate Professor,seong001
1265,Sum 2026,UMNTC,UMNTC,DDS,6491,001,PC Pros Tech Lec VI,C-,118,2,PI,"Seong,WookJin",Associate Professor,seong001
1265,Sum 2026,UMNTC,UMNTC,DDS,6491,001,PC Pros Tech Lec VI,F,118,1,PI,"Seong,WookJin",Associate Professor,seong001
1265,Sum 2026,UMNTC,UMNTC,DDS,6492,001,PC Pros Tech Lab VI,A,121,40,PI,"Seong,WookJin",Associate Professor,seong001
1265,Sum 2026,UMNTC,UMNTC,DDS,6492,001,PC Pros Tech Lab VI,B,121,69,PI,"Seong,WookJin",Associate Professor,seong001
1265,Sum 2026,UMNTC,UMNTC,DDS,6492,001,PC Pros Tech Lab VI,C,121,11,PI,"Seong,WookJin",Associate Professor,seong001
1265,Sum 2026,UMNTC,UMNTC,DDS,6492,001,PC Pros Tech Lab VI,F,121,1,PI,"Seong,WookJin",Associate Professor,seong001
1265,Sum 2026,UMNTC,UMNTC,DDS,7112,001,Periodontology II-B: Technique,A,103,92,PI,"Wedell,Lanette Evelyn",Clinical Assistant Professor,rehb0015
1265,Sum 2026,UMNTC,UMNTC,DDS,7112,001,Periodontology II-B: Technique,B,103,11,PI,"Wedell,Lanette Evelyn",Clinical Assistant Professor,rehb0015
1265,Sum 2026,UMNTC,UMNTC,DH,3121,002,Local Anesthesia & Pain Mgmt,A,20,9,PI,"Miller,Jenny",Clinical Assistant Professor,mill3930
1265,Sum 2026,UMNTC,UMNTC,DH,3121,002,Local Anesthesia & Pain Mgmt,A-,20,8,PI,"Miller,Jenny",Clinical Assistant Professor,mill3930
1265,Sum 2026,UMNTC,UMNTC,DH,3121,002,Local Anesthesia & Pain Mgmt,B+,20,3,PI,"Miller,Jenny",Clinical Assistant Professor,mill3930
1265,Sum 2026,UMNTC,UMNTC,DH,3123,002,Clinical Application III,A,20,12,PI,"VanDeWiele,Mercedes",Clinical Associate Professor,borde111
1265,Sum 2026,UMNTC,UMNTC,DH,3123,002,Clinical Application III,A-,20,5,PI,"VanDeWiele,Mercedes",Clinical Associate Professor,borde111
1265,Sum 2026,UMNTC,UMNTC,DH,3123,002,Clinical Application III,B+,20,3,PI,"VanDeWiele,Mercedes",Clinical Associate Professor,borde111
1265,Sum 2026,UMNTC,UMNTC,DH,3125,001,General and Oral Pathology,A,20,4,PI,"Paulson,Danna Rae",Assistant Professor,dannardh
1265,Sum 2026,UMNTC,UMNTC,DH,3125,001,General and Oral Pathology,A-,20,4,PI,"Paulson,Danna Rae",Assistant Professor,dannardh
1265,Sum 2026,UMNTC,UMNTC,DH,3125,001,General and Oral Pathology,B,20,5,PI,"Paulson,Danna Rae",Assistant Professor,dannardh
1265,Sum 2026,UMNTC,UMNTC,DH,3125,001,General and Oral Pathology,B+,20,3,PI,"Paulson,Danna Rae",Assistant Professor,dannardh
1265,Sum 2026,UMNTC,UMNTC,DH,3125,001,General and Oral Pathology,B-,20,3,PI,"Paulson,Danna Rae",Assistant Professor,dannardh
1265,Sum 2026,UMNTC,UMNTC,DH,3125,001,General and Oral Pathology,C,20,1,PI,"Paulson,Danna Rae",Assistant Professor,dannardh
1265,Sum 2026,UMNTC,UMNTC,DH,3134,001,Pediatric Dentistry,A,20,8,PI,"Kotula,Danae",Clinical Associate Professor,seyffer
1265,Sum 2026,UMNTC,UMNTC,DH,3134,001,Pediatric Dentistry,A-,20,5,PI,"Kotula,Danae",Clinical Associate Professor,seyffer
1265,Sum 2026,UMNTC,UMNTC,DH,3134,001,Pediatric Dentistry,B,20,2,PI,"Kotula,Danae",Clinical Associate Professor,seyffer
1265,Sum 2026,UMNTC,UMNTC,DH,3134,001,Pediatric Dentistry,B+,20,3,PI,"Kotula,Danae",Clinical Associate Professor,seyffer
1265,Sum 2026,UMNTC,UMNTC,DH,3134,001,Pediatric Dentistry,B-,20,2,PI,"Kotula,Danae",Clinical Associate Professor,seyffer
1265,Sum 2026,UMNTC,UMNTC,DH,3211,002,Biomaterials/Restorative Tech,A,20,8,PI,"Christianson,Drew James",Clinical Associate Professor,chri1855
1265,Sum 2026,UMNTC,UMNTC,DH,3211,002,Biomaterials/Restorative Tech,A-,20,7,PI,"Christianson,Drew James",Clinical Associate Professor,chri1855
1265,Sum 2026,UMNTC,UMNTC,DH,3211,002,Biomaterials/Restorative Tech,B+,20,4,PI,"Christianson,Drew James",Clinical Associate Professor,chri1855
1265,Sum 2026,UMNTC,UMNTC,DH,3211,002,Biomaterials/Restorative Tech,B-,20,1,PI,"Christianson,Drew James",Clinical Associate Professor,chri1855
1265,Sum 2026,UMNTC,UMNTC,DH,4226,002,Clinical Application VI,A,20,17,PI,"Reibel,Yvette Grazyna",Assistant Professor,yreibel
1265,Sum 2026,UMNTC,UMNTC,DH,4226,002,Clinical Application VI,B+,20,3,PI,"Reibel,Yvette Grazyna",Assistant Professor,yreibel
1265,Sum 2026,UMNTC,UMNTC,DH,4234,001,Leadership: Prof Development,A,20,15,PI,"Stull,Cyndee",Associate Professor,stul0045
1265,Sum 2026,UMNTC,UMNTC,DH,4234,001,Leadership: Prof Development,A-,20,4,PI,"Stull,Cyndee",Associate Professor,stul0045
1265,Sum 2026,UMNTC,UMNTC,DH,4234,001,Leadership: Prof Development,B+,20,1,PI,"Stull,Cyndee",Associate Professor,stul0045
1265,Sum 2026,UMNDL,UMNDL,ECON,1022,001,Principles of  Econ: Macro,A,21,4,PI,"Donayre,Luiggi",Associate Professor,adonayre
1265,Sum 2026,UMNDL,UMNDL,ECON,1022,001,Principles of  Econ: Macro,A-,21,2,PI,"Donayre,Luiggi",Associate Professor,adonayre
1265,Sum 2026,UMNDL,UMNDL,ECON,1022,001,Principles of  Econ: Macro,B,21,2,PI,"Donayre,Luiggi",Associate Professor,adonayre
1265,Sum 2026,UMNDL,UMNDL,ECON,1022,001,Principles of  Econ: Macro,B+,21,8,PI,"Donayre,Luiggi",Associate Professor,adonayre
1265,Sum 2026,UMNDL,UMNDL,ECON,1022,001,Principles of  Econ: Macro,B-,21,1,PI,"Donayre,Luiggi",Associate Professor,adonayre
1265,Sum 2026,UMNDL,UMNDL,ECON,1022,001,Principles of  Econ: Macro,C+,21,1,PI,"Donayre,Luiggi",Associate Professor,adonayre
1265,Sum 2026,UMNDL,UMNDL,ECON,1022,001,Principles of  Econ: Macro,F,21,3,PI,"Donayre,Luiggi",Associate Professor,adonayre
1265,Sum 2026,UMNDL,UMNDL,ECON,1023,001,Principles of Econ: Micro,A,20,4,PI,"Ren,Yufei",Associate Professor,yren
1265,Sum 2026,UMNDL,UMNDL,ECON,1023,001,Principles of Econ: Micro,A-,20,1,PI,"Ren,Yufei",Associate Professor,yren
1265,Sum 2026,UMNDL,UMNDL,ECON,1023,001,Principles of Econ: Micro,B,20,6,PI,"Ren,Yufei",Associate Professor,yren
1265,Sum 2026,UMNDL,UMNDL,ECON,1023,001,Principles of Econ: Micro,B+,20,4,PI,"Ren,Yufei",Associate Professor,yren
1265,Sum 2026,UMNDL,UMNDL,ECON,1023,001,Principles of Econ: Micro,C,20,2,PI,"Ren,Yufei",Associate Professor,yren
1265,Sum 2026,UMNDL,UMNDL,ECON,1023,001,Principles of Econ: Micro,C+,20,1,PI,"Ren,Yufei",Associate Professor,yren
1265,Sum 2026,UMNDL,UMNDL,ECON,1023,001,Principles of Econ: Micro,C-,20,1,PI,"Ren,Yufei",Associate Professor,yren
1265,Sum 2026,UMNDL,UMNDL,ECON,1023,001,Principles of Econ: Micro,F,20,1,PI,"Ren,Yufei",Associate Professor,yren
1265,Sum 2026,UMNTC,UMNTC,ECON,1101,004,Principles of Microeconomics,A,22,4,PI,"Rivera,Emiliano Gabriel",,
1265,Sum 2026,UMNTC,UMNTC,ECON,1101,004,Principles of Microeconomics,A-,22,4,PI,"Rivera,Emiliano Gabriel",,
1265,Sum 2026,UMNTC,UMNTC,ECON,1101,004,Principles of Microeconomics,B,22,4,PI,"Rivera,Emiliano Gabriel",,
1265,Sum 2026,UMNTC,UMNTC,ECON,1101,004,Principles of Microeconomics,B+,22,1,PI,"Rivera,Emiliano Gabriel",,
1265,Sum 2026,UMNTC,UMNTC,ECON,1101,004,Principles of Microeconomics,C,22,3,PI,"Rivera,Emiliano Gabriel",,
1265,Sum 2026,UMNTC,UMNTC,ECON,1101,004,Principles of Microeconomics,C+,22,3,PI,"Rivera,Emiliano Gabriel",,
1265,Sum 2026,UMNTC,UMNTC,ECON,1101,004,Principles of Microeconomics,F,22,2,PI,"Rivera,Emiliano Gabriel",,
1265,Sum 2026,UMNTC,UMNTC,ECON,1101,004,Principles of Microeconomics,W,22,1,PI,"Rivera,Emiliano Gabriel",,
1265,Sum 2026,UMNTC,UMNTC,ECON,1101,301,Principles of Microeconomics,A,32,4,PI,"Carr,Aidan John",,
1265,Sum 2026,UMNTC,UMNTC,ECON,1101,301,Principles of Microeconomics,A-,32,3,PI,"Carr,Aidan John",,
1265,Sum 2026,UMNTC,UMNTC,ECON,1101,301,Principles of Microeconomics,B,32,3,PI,"Carr,Aidan John",,
1265,Sum 2026,UMNTC,UMNTC,ECON,1101,301,Principles of Microeconomics,B+,32,3,PI,"Carr,Aidan John",,
1265,Sum 2026,UMNTC,UMNTC,ECON,1101,301,Principles of Microeconomics,B-,32,5,PI,"Carr,Aidan John",,
1265,Sum 2026,UMNTC,UMNTC,ECON,1101,301,Principles of Microeconomics,C,32,1,PI,"Carr,Aidan John",,
1265,Sum 2026,UMNTC,UMNTC,ECON,1101,301,Principles of Microeconomics,C+,32,3,PI,"Carr,Aidan John",,
1265,Sum 2026,UMNTC,UMNTC,ECON,1101,301,Principles of Microeconomics,D,32,3,PI,"Carr,Aidan John",,
1265,Sum 2026,UMNTC,UMNTC,ECON,1101,301,Principles of Microeconomics,F,32,3,PI,"Carr,Aidan John",,
1265,Sum 2026,UMNTC,UMNTC,ECON,1101,301,Principles of Microeconomics,S,32,1,PI,"Carr,Aidan John",,
1265,Sum 2026,UMNTC,UMNTC,ECON,1101,301,Principles of Microeconomics,W,32,3,PI,"Carr,Aidan John",,
1265,Sum 2026,UMNTC,UMNTC,ECON,1102,002,Principles Macro,A,10,5,,,,
1265,Sum 2026,UMNTC,UMNTC,ECON,1102,002,Principles Macro,B,10,3,,,,
1265,Sum 2026,UMNTC,UMNTC,ECON,1102,002,Principles Macro,B-,10,1,,,,
1265,Sum 2026,UMNTC,UMNTC,ECON,1102,002,Principles Macro,D,10,1,,,,
1265,Sum 2026,UMNTC,UMNTC,ECON,1102,301,Principles Macro,A,25,2,PI,"Ramos Blanco,Pamela",,
1265,Sum 2026,UMNTC,UMNTC,ECON,1102,301,Principles Macro,A-,25,5,PI,"Ramos Blanco,Pamela",,
1265,Sum 2026,UMNTC,UMNTC,ECON,1102,301,Principles Macro,B,25,2,PI,"Ramos Blanco,Pamela",,
1265,Sum 2026,UMNTC,UMNTC,ECON,1102,301,Principles Macro,B+,25,4,PI,"Ramos Blanco,Pamela",,
1265,Sum 2026,UMNTC,UMNTC,ECON,1102,301,Principles Macro,B-,25,1,PI,"Ramos Blanco,Pamela",,
1265,Sum 2026,UMNTC,UMNTC,ECON,1102,301,Principles Macro,C,25,1,PI,"Ramos Blanco,Pamela",,
1265,Sum 2026,UMNTC,UMNTC,ECON,1102,301,Principles Macro,C+,25,1,PI,"Ramos Blanco,Pamela",,
1265,Sum 2026,UMNTC,UMNTC,ECON,1102,301,Principles Macro,C-,25,1,PI,"Ramos Blanco,Pamela",,
1265,Sum 2026,UMNTC,UMNTC,ECON,1102,301,Principles Macro,D+,25,1,PI,"Ramos Blanco,Pamela",,
1265,Sum 2026,UMNTC,UMNTC,ECON,1102,301,Principles Macro,F,25,5,PI,"Ramos Blanco,Pamela",,
1265,Sum 2026,UMNTC,UMNTC,ECON,1102,301,Principles Macro,W,25,2,PI,"Ramos Blanco,Pamela",,
1265,Sum 2026,UMNDL,UMNDL,ECON,2030,001,Applied Statistics,A,26,18,PI,"Wilmot,Neil A",Associate Professor,nwilmot
1265,Sum 2026,UMNDL,UMNDL,ECON,2030,001,Applied Statistics,A-,26,1,PI,"Wilmot,Neil A",Associate Professor,nwilmot
1265,Sum 2026,UMNDL,UMNDL,ECON,2030,001,Applied Statistics,B,26,1,PI,"Wilmot,Neil A",Associate Professor,nwilmot
1265,Sum 2026,UMNDL,UMNDL,ECON,2030,001,Applied Statistics,B+,26,2,PI,"Wilmot,Neil A",Associate Professor,nwilmot
1265,Sum 2026,UMNDL,UMNDL,ECON,2030,001,Applied Statistics,B-,26,1,PI,"Wilmot,Neil A",Associate Professor,nwilmot
1265,Sum 2026,UMNDL,UMNDL,ECON,2030,001,Applied Statistics,C+,26,1,PI,"Wilmot,Neil A",Associate Professor,nwilmot
1265,Sum 2026,UMNDL,UMNDL,ECON,2030,001,Applied Statistics,D,26,1,PI,"Wilmot,Neil A",Associate Professor,nwilmot
1265,Sum 2026,UMNDL,UMNDL,ECON,2030,001,Applied Statistics,F,26,1,PI,"Wilmot,Neil A",Associate Professor,nwilmot
1265,Sum 2026,UMNCR,UMNCR,ECON,2101,E90,Microeconomics,A,29,4,PI,"Wieland,Oxana L",Associate Professor,wiel0057
1265,Sum 2026,UMNCR,UMNCR,ECON,2101,E90,Microeconomics,A-,29,3,PI,"Wieland,Oxana L",Associate Professor,wiel0057
1265,Sum 2026,UMNCR,UMNCR,ECON,2101,E90,Microeconomics,B,29,7,PI,"Wieland,Oxana L",Associate Professor,wiel0057
1265,Sum 2026,UMNCR,UMNCR,ECON,2101,E90,Microeconomics,B+,29,1,PI,"Wieland,Oxana L",Associate Professor,wiel0057
1265,Sum 2026,UMNCR,UMNCR,ECON,2101,E90,Microeconomics,C,29,2,PI,"Wieland,Oxana L",Associate Professor,wiel0057
1265,Sum 2026,UMNCR,UMNCR,ECON,2101,E90,Microeconomics,C+,29,2,PI,"Wieland,Oxana L",Associate Professor,wiel0057
1265,Sum 2026,UMNCR,UMNCR,ECON,2101,E90,Microeconomics,D,29,2,PI,"Wieland,Oxana L",Associate Professor,wiel0057
1265,Sum 2026,UMNCR,UMNCR,ECON,2101,E90,Microeconomics,D+,29,1,PI,"Wieland,Oxana L",Associate Professor,wiel0057
1265,Sum 2026,UMNCR,UMNCR,ECON,2101,E90,Microeconomics,F,29,6,PI,"Wieland,Oxana L",Associate Professor,wiel0057
1265,Sum 2026,UMNCR,UMNCR,ECON,2101,E90,Microeconomics,W,29,1,PI,"Wieland,Oxana L",Associate Professor,wiel0057
1265,Sum 2026,UMNCR,UMNCR,ECON,2101,E91,Microeconomics,A,29,4,PI,"Wieland,Oxana L",Associate Professor,wiel0057
1265,Sum 2026,UMNCR,UMNCR,ECON,2101,E91,Microeconomics,A-,29,6,PI,"Wieland,Oxana L",Associate Professor,wiel0057
1265,Sum 2026,UMNCR,UMNCR,ECON,2101,E91,Microeconomics,B,29,5,PI,"Wieland,Oxana L",Associate Professor,wiel0057
1265,Sum 2026,UMNCR,UMNCR,ECON,2101,E91,Microeconomics,B+,29,1,PI,"Wieland,Oxana L",Associate Professor,wiel0057
1265,Sum 2026,UMNCR,UMNCR,ECON,2101,E91,Microeconomics,B-,29,2,PI,"Wieland,Oxana L",Associate Professor,wiel0057
1265,Sum 2026,UMNCR,UMNCR,ECON,2101,E91,Microeconomics,C,29,1,PI,"Wieland,Oxana L",Associate Professor,wiel0057
1265,Sum 2026,UMNCR,UMNCR,ECON,2101,E91,Microeconomics,C+,29,1,PI,"Wieland,Oxana L",Associate Professor,wiel0057
1265,Sum 2026,UMNCR,UMNCR,ECON,2101,E91,Microeconomics,C-,29,2,PI,"Wieland,Oxana L",Associate Professor,wiel0057
1265,Sum 2026,UMNCR,UMNCR,ECON,2101,E91,Microeconomics,D,29,1,PI,"Wieland,Oxana L",Associate Professor,wiel0057
1265,Sum 2026,UMNCR,UMNCR,ECON,2101,E91,Microeconomics,F,29,2,PI,"Wieland,Oxana L",Associate Professor,wiel0057
1265,Sum 2026,UMNCR,UMNCR,ECON,2101,E91,Microeconomics,W,29,4,PI,"Wieland,Oxana L",Associate Professor,wiel0057
1265,Sum 2026,UMNCR,UMNCR,ECON,2102,E90,Macroeconomics,A,26,6,PI,"Evans,Greg Richard",Teaching Specialist,evan1125
1265,Sum 2026,UMNCR,UMNCR,ECON,2102,E90,Macroeconomics,A-,26,5,PI,"Evans,Greg Richard",Teaching Specialist,evan1125
1265,Sum 2026,UMNCR,UMNCR,ECON,2102,E90,Macroeconomics,B,26,2,PI,"Evans,Greg Richard",Teaching Specialist,evan1125
1265,Sum 2026,UMNCR,UMNCR,ECON,2102,E90,Macroeconomics,B+,26,2,PI,"Evans,Greg Richard",Teaching Specialist,evan1125
1265,Sum 2026,UMNCR,UMNCR,ECON,2102,E90,Macroeconomics,B-,26,2,PI,"Evans,Greg Richard",Teaching Specialist,evan1125
1265,Sum 2026,UMNCR,UMNCR,ECON,2102,E90,Macroeconomics,C,26,2,PI,"Evans,Greg Richard",Teaching Specialist,evan1125
1265,Sum 2026,UMNCR,UMNCR,ECON,2102,E90,Macroeconomics,D,26,1,PI,"Evans,Greg Richard",Teaching Specialist,evan1125
1265,Sum 2026,UMNCR,UMNCR,ECON,2102,E90,Macroeconomics,D+,26,1,PI,"Evans,Greg Richard",Teaching Specialist,evan1125
1265,Sum 2026,UMNCR,UMNCR,ECON,2102,E90,Macroeconomics,W,26,5,PI,"Evans,Greg Richard",Teaching Specialist,evan1125
1265,Sum 2026,UMNTC,UMNTC,ECON,3011,002,Intermediate Microeconomics I,A,32,14,,,,
1265,Sum 2026,UMNTC,UMNTC,ECON,3011,002,Intermediate Microeconomics I,A-,32,2,,,,
1265,Sum 2026,UMNTC,UMNTC,ECON,3011,002,Intermediate Microeconomics I,B,32,5,,,,
1265,Sum 2026,UMNTC,UMNTC,ECON,3011,002,Intermediate Microeconomics I,C,32,3,,,,
1265,Sum 2026,UMNTC,UMNTC,ECON,3011,002,Intermediate Microeconomics I,C+,32,1,,,,
1265,Sum 2026,UMNTC,UMNTC,ECON,3011,002,Intermediate Microeconomics I,C-,32,4,,,,
1265,Sum 2026,UMNTC,UMNTC,ECON,3011,002,Intermediate Microeconomics I,F,32,3,,,,
1265,Sum 2026,UMNTC,UMNTC,ECON,3012,002,Intermediate Microeconomics II,A,34,18,,,,
1265,Sum 2026,UMNTC,UMNTC,ECON,3012,002,Intermediate Microeconomics II,A-,34,4,,,,
1265,Sum 2026,UMNTC,UMNTC,ECON,3012,002,Intermediate Microeconomics II,B,34,3,,,,
1265,Sum 2026,UMNTC,UMNTC,ECON,3012,002,Intermediate Microeconomics II,B+,34,1,,,,
1265,Sum 2026,UMNTC,UMNTC,ECON,3012,002,Intermediate Microeconomics II,B-,34,1,,,,
1265,Sum 2026,UMNTC,UMNTC,ECON,3012,002,Intermediate Microeconomics II,C,34,2,,,,
1265,Sum 2026,UMNTC,UMNTC,ECON,3012,002,Intermediate Microeconomics II,C+,34,1,,,,
1265,Sum 2026,UMNTC,UMNTC,ECON,3012,002,Intermediate Microeconomics II,C-,34,2,,,,
1265,Sum 2026,UMNTC,UMNTC,ECON,3012,002,Intermediate Microeconomics II,F,34,2,,,,
1265,Sum 2026,UMNTC,UMNTC,ECON,3023,002,Intermediate Macroeconomics I,A,42,14,,,,
1265,Sum 2026,UMNTC,UMNTC,ECON,3023,002,Intermediate Macroeconomics I,A-,42,2,,,,
1265,Sum 2026,UMNTC,UMNTC,ECON,3023,002,Intermediate Macroeconomics I,B,42,4,,,,
1265,Sum 2026,UMNTC,UMNTC,ECON,3023,002,Intermediate Macroeconomics I,B+,42,2,,,,
1265,Sum 2026,UMNTC,UMNTC,ECON,3023,002,Intermediate Macroeconomics I,B-,42,2,,,,
1265,Sum 2026,UMNTC,UMNTC,ECON,3023,002,Intermediate Macroeconomics I,C,42,6,,,,
1265,Sum 2026,UMNTC,UMNTC,ECON,3023,002,Intermediate Macroeconomics I,C+,42,2,,,,
1265,Sum 2026,UMNTC,UMNTC,ECON,3023,002,Intermediate Macroeconomics I,C-,42,4,,,,
1265,Sum 2026,UMNTC,UMNTC,ECON,3023,002,Intermediate Macroeconomics I,D,42,3,,,,
1265,Sum 2026,UMNTC,UMNTC,ECON,3023,002,Intermediate Macroeconomics I,F,42,1,,,,
1265,Sum 2026,UMNTC,UMNTC,ECON,3023,002,Intermediate Macroeconomics I,W,42,2,,,,
1265,Sum 2026,UMNTC,UMNTC,ECON,3024,002,Intermediate Macroeconomics II,A,40,10,,,,
1265,Sum 2026,UMNTC,UMNTC,ECON,3024,002,Intermediate Macroeconomics II,A-,40,1,,,,
1265,Sum 2026,UMNTC,UMNTC,ECON,3024,002,Intermediate Macroeconomics II,B,40,7,,,,
1265,Sum 2026,UMNTC,UMNTC,ECON,3024,002,Intermediate Macroeconomics II,B+,40,2,,,,
1265,Sum 2026,UMNTC,UMNTC,ECON,3024,002,Intermediate Macroeconomics II,B-,40,3,,,,
1265,Sum 2026,UMNTC,UMNTC,ECON,3024,002,Intermediate Macroeconomics II,C,40,2,,,,
1265,Sum 2026,UMNTC,UMNTC,ECON,3024,002,Intermediate Macroeconomics II,C+,40,6,,,,
1265,Sum 2026,UMNTC,UMNTC,ECON,3024,002,Intermediate Macroeconomics II,C-,40,5,,,,
1265,Sum 2026,UMNTC,UMNTC,ECON,3024,002,Intermediate Macroeconomics II,D,40,1,,,,
1265,Sum 2026,UMNTC,UMNTC,ECON,3024,002,Intermediate Macroeconomics II,F,40,1,,,,
1265,Sum 2026,UMNTC,UMNTC,ECON,3024,002,Intermediate Macroeconomics II,W,40,2,,,,
1265,Sum 2026,UMNDL,UMNDL,ECON,3311,001,Money and Banking,A,52,44,PI,"Taivan,Ariuna",Associate Professor,ataivan
1265,Sum 2026,UMNDL,UMNDL,ECON,3311,001,Money and Banking,A-,52,2,PI,"Taivan,Ariuna",Associate Professor,ataivan
1265,Sum 2026,UMNDL,UMNDL,ECON,3311,001,Money and Banking,B,52,1,PI,"Taivan,Ariuna",Associate Professor,ataivan
1265,Sum 2026,UMNDL,UMNDL,ECON,3311,001,Money and Banking,B+,52,1,PI,"Taivan,Ariuna",Associate Professor,ataivan
1265,Sum 2026,UMNDL,UMNDL,ECON,3311,001,Money and Banking,C,52,1,PI,"Taivan,Ariuna",Associate Professor,ataivan
1265,Sum 2026,UMNDL,UMNDL,ECON,3311,001,Money and Banking,C-,52,1,PI,"Taivan,Ariuna",Associate Professor,ataivan
1265,Sum 2026,UMNDL,UMNDL,ECON,3311,001,Money and Banking,F,52,2,PI,"Taivan,Ariuna",Associate Professor,ataivan
1265,Sum 2026,UMNDL,UMNDL,ECON,3402,001,Global Economic Issues,A,43,5,PI,"Tadesse,Bedassa",Professor,btadesse
1265,Sum 2026,UMNDL,UMNDL,ECON,3402,001,Global Economic Issues,A-,43,8,PI,"Tadesse,Bedassa",Professor,btadesse
1265,Sum 2026,UMNDL,UMNDL,ECON,3402,001,Global Economic Issues,B,43,8,PI,"Tadesse,Bedassa",Professor,btadesse
1265,Sum 2026,UMNDL,UMNDL,ECON,3402,001,Global Economic Issues,B+,43,7,PI,"Tadesse,Bedassa",Professor,btadesse
1265,Sum 2026,UMNDL,UMNDL,ECON,3402,001,Global Economic Issues,B-,43,5,PI,"Tadesse,Bedassa",Professor,btadesse
1265,Sum 2026,UMNDL,UMNDL,ECON,3402,001,Global Economic Issues,C,43,3,PI,"Tadesse,Bedassa",Professor,btadesse
1265,Sum 2026,UMNDL,UMNDL,ECON,3402,001,Global Economic Issues,C+,43,2,PI,"Tadesse,Bedassa",Professor,btadesse
1265,Sum 2026,UMNDL,UMNDL,ECON,3402,001,Global Economic Issues,D,43,1,PI,"Tadesse,Bedassa",Professor,btadesse
1265,Sum 2026,UMNDL,UMNDL,ECON,3402,001,Global Economic Issues,D+,43,1,PI,"Tadesse,Bedassa",Professor,btadesse
1265,Sum 2026,UMNDL,UMNDL,ECON,3402,001,Global Economic Issues,F,43,2,PI,"Tadesse,Bedassa",Professor,btadesse
1265,Sum 2026,UMNDL,UMNDL,ECON,3402,001,Global Economic Issues,W,43,1,PI,"Tadesse,Bedassa",Professor,btadesse
1265,Sum 2026,UMNTC,UMNTC,ECON,3951,001,Economics Capstone,A,14,4,PI,"Dickens,Jessie Robert",,
1265,Sum 2026,UMNTC,UMNTC,ECON,3951,001,Economics Capstone,A-,14,6,PI,"Dickens,Jessie Robert",,
1265,Sum 2026,UMNTC,UMNTC,ECON,3951,001,Economics Capstone,B,14,2,PI,"Dickens,Jessie Robert",,
1265,Sum 2026,UMNTC,UMNTC,ECON,3951,001,Economics Capstone,F,14,2,PI,"Dickens,Jessie Robert",,
1265,Sum 2026,UMNTC,UMNTC,ECON,4331W,001,Economic Development,A,36,8,PI,"Hellier,Damien",,
1265,Sum 2026,UMNTC,UMNTC,ECON,4331W,001,Economic Development,A-,36,5,PI,"Hellier,Damien",,
1265,Sum 2026,UMNTC,UMNTC,ECON,4331W,001,Economic Development,B,36,6,PI,"Hellier,Damien",,
1265,Sum 2026,UMNTC,UMNTC,ECON,4331W,001,Economic Development,B+,36,3,PI,"Hellier,Damien",,
1265,Sum 2026,UMNTC,UMNTC,ECON,4331W,001,Economic Development,C,36,1,PI,"Hellier,Damien",,
1265,Sum 2026,UMNTC,UMNTC,ECON,4331W,001,Economic Development,C+,36,5,PI,"Hellier,Damien",,
1265,Sum 2026,UMNTC,UMNTC,ECON,4331W,001,Economic Development,C-,36,2,PI,"Hellier,Damien",,
1265,Sum 2026,UMNTC,UMNTC,ECON,4331W,001,Economic Development,F,36,4,PI,"Hellier,Damien",,
1265,Sum 2026,UMNTC,UMNTC,ECON,4331W,001,Economic Development,W,36,2,PI,"Hellier,Damien",,
1265,Sum 2026,UMNTC,UMNTC,ECON,4428,500,LDN: Economy Trade Environment,A,14,13,PI,"Aziz,Fahima",Senior Lecturer,azizx002
1265,Sum 2026,UMNTC,UMNTC,ECON,4428,500,LDN: Economy Trade Environment,A-,14,1,PI,"Aziz,Fahima",Senior Lecturer,azizx002
1265,Sum 2026,UMNTC,UMNTC,ECON,4751,001,Financial Economics,A,25,6,PI,"Cetin,Hasan Mehmet",,
1265,Sum 2026,UMNTC,UMNTC,ECON,4751,001,Financial Economics,A-,25,2,PI,"Cetin,Hasan Mehmet",,
1265,Sum 2026,UMNTC,UMNTC,ECON,4751,001,Financial Economics,B,25,7,PI,"Cetin,Hasan Mehmet",,
1265,Sum 2026,UMNTC,UMNTC,ECON,4751,001,Financial Economics,B+,25,2,PI,"Cetin,Hasan Mehmet",,
1265,Sum 2026,UMNTC,UMNTC,ECON,4751,001,Financial Economics,C+,25,6,PI,"Cetin,Hasan Mehmet",,
1265,Sum 2026,UMNTC,UMNTC,ECON,4751,001,Financial Economics,C-,25,1,PI,"Cetin,Hasan Mehmet",,
1265,Sum 2026,UMNTC,UMNTC,ECON,4751,001,Financial Economics,W,25,1,PI,"Cetin,Hasan Mehmet",,
1265,Sum 2026,UMNTC,UMNTC,ECON,4831,001,Cost-Benefit Analysis,A,20,6,PI,"Donghi Sr,Luca",,
1265,Sum 2026,UMNTC,UMNTC,ECON,4831,001,Cost-Benefit Analysis,A-,20,1,PI,"Donghi Sr,Luca",,
1265,Sum 2026,UMNTC,UMNTC,ECON,4831,001,Cost-Benefit Analysis,B,20,3,PI,"Donghi Sr,Luca",,
1265,Sum 2026,UMNTC,UMNTC,ECON,4831,001,Cost-Benefit Analysis,B+,20,1,PI,"Donghi Sr,Luca",,
1265,Sum 2026,UMNTC,UMNTC,ECON,4831,001,Cost-Benefit Analysis,B-,20,1,PI,"Donghi Sr,Luca",,
1265,Sum 2026,UMNTC,UMNTC,ECON,4831,001,Cost-Benefit Analysis,C,20,1,PI,"Donghi Sr,Luca",,
1265,Sum 2026,UMNTC,UMNTC,ECON,4831,001,Cost-Benefit Analysis,C+,20,2,PI,"Donghi Sr,Luca",,
1265,Sum 2026,UMNTC,UMNTC,ECON,4831,001,Cost-Benefit Analysis,C-,20,4,PI,"Donghi Sr,Luca",,
1265,Sum 2026,UMNTC,UMNTC,ECON,4831,001,Cost-Benefit Analysis,W,20,1,PI,"Donghi Sr,Luca",,
1265,Sum 2026,UMNMO,UMNMO,ED,2201W,098,Perspectives/Young Adult Lit,A,11,1,PI,"Page,Michelle Lynn",Professor,pagem
1265,Sum 2026,UMNMO,UMNMO,ED,2201W,098,Perspectives/Young Adult Lit,A-,11,2,PI,"Page,Michelle Lynn",Professor,pagem
1265,Sum 2026,UMNMO,UMNMO,ED,2201W,098,Perspectives/Young Adult Lit,B-,11,2,PI,"Page,Michelle Lynn",Professor,pagem
1265,Sum 2026,UMNMO,UMNMO,ED,2201W,098,Perspectives/Young Adult Lit,C,11,2,PI,"Page,Michelle Lynn",Professor,pagem
1265,Sum 2026,UMNMO,UMNMO,ED,2201W,098,Perspectives/Young Adult Lit,C-,11,1,PI,"Page,Michelle Lynn",Professor,pagem
1265,Sum 2026,UMNMO,UMNMO,ED,2201W,098,Perspectives/Young Adult Lit,W,11,3,PI,"Page,Michelle Lynn",Professor,pagem
1265,Sum 2026,UMNDL,UMNDL,EDUC,1002,030,Development and Learning,A,12,4,PI,"Onchwari,Ariri Jackie",Associate Professor,jonchwar
1265,Sum 2026,UMNDL,UMNDL,EDUC,1002,030,Development and Learning,A-,12,2,PI,"Onchwari,Ariri Jackie",Associate Professor,jonchwar
1265,Sum 2026,UMNDL,UMNDL,EDUC,1002,030,Development and Learning,B,12,1,PI,"Onchwari,Ariri Jackie",Associate Professor,jonchwar
1265,Sum 2026,UMNDL,UMNDL,EDUC,1002,030,Development and Learning,B-,12,3,PI,"Onchwari,Ariri Jackie",Associate Professor,jonchwar
1265,Sum 2026,UMNDL,UMNDL,EDUC,1002,030,Development and Learning,F,12,2,PI,"Onchwari,Ariri Jackie",Associate Professor,jonchwar
1265,Sum 2026,UMNDL,UMNDL,EDUC,1101,030,Education in Modern Society,A,16,14,PI,"Mweti,Chang'aa",Associate Professor,cmweti
1265,Sum 2026,UMNDL,UMNDL,EDUC,1101,030,Education in Modern Society,A-,16,2,PI,"Mweti,Chang'aa",Associate Professor,cmweti
1265,Sum 2026,UMNDL,UMNDL,EDUC,2105,030,White Identity in the US,A,30,16,PI,"Kitts,Hope Andromeda",Assistant Professor,hkitts
1265,Sum 2026,UMNDL,UMNDL,EDUC,2105,030,White Identity in the US,A-,30,6,PI,"Kitts,Hope Andromeda",Assistant Professor,hkitts
1265,Sum 2026,UMNDL,UMNDL,EDUC,2105,030,White Identity in the US,B,30,1,PI,"Kitts,Hope Andromeda",Assistant Professor,hkitts
1265,Sum 2026,UMNDL,UMNDL,EDUC,2105,030,White Identity in the US,B+,30,5,PI,"Kitts,Hope Andromeda",Assistant Professor,hkitts
1265,Sum 2026,UMNDL,UMNDL,EDUC,2105,030,White Identity in the US,C-,30,1,PI,"Kitts,Hope Andromeda",Assistant Professor,hkitts
1265,Sum 2026,UMNDL,UMNDL,EDUC,2105,030,White Identity in the US,F,30,1,PI,"Kitts,Hope Andromeda",Assistant Professor,hkitts
1265,Sum 2026,UMNTC,UMNTC,EE,2015,002,Signals Circuits & Electronics,A,13,3,PI,"Min,Cheol-Hong",Lecturer,minxx016
1265,Sum 2026,UMNTC,UMNTC,EE,2015,002,Signals Circuits & Electronics,A-,13,1,PI,"Min,Cheol-Hong",Lecturer,minxx016
1265,Sum 2026,UMNTC,UMNTC,EE,2015,002,Signals Circuits & Electronics,B,13,2,PI,"Min,Cheol-Hong",Lecturer,minxx016
1265,Sum 2026,UMNTC,UMNTC,EE,2015,002,Signals Circuits & Electronics,B+,13,1,PI,"Min,Cheol-Hong",Lecturer,minxx016
1265,Sum 2026,UMNTC,UMNTC,EE,2015,002,Signals Circuits & Electronics,B-,13,1,PI,"Min,Cheol-Hong",Lecturer,minxx016
1265,Sum 2026,UMNTC,UMNTC,EE,2015,002,Signals Circuits & Electronics,C-,13,2,PI,"Min,Cheol-Hong",Lecturer,minxx016
1265,Sum 2026,UMNTC,UMNTC,EE,2015,002,Signals Circuits & Electronics,D,13,1,PI,"Min,Cheol-Hong",Lecturer,minxx016
1265,Sum 2026,UMNTC,UMNTC,EE,2015,002,Signals Circuits & Electronics,W,13,2,PI,"Min,Cheol-Hong",Lecturer,minxx016
1265,Sum 2026,UMNTC,UMNTC,EE,2015,003,Signals Circuits & Electronics,A-,12,1,PI,"Min,Cheol-Hong",Lecturer,minxx016
1265,Sum 2026,UMNTC,UMNTC,EE,2015,003,Signals Circuits & Electronics,B,12,2,PI,"Min,Cheol-Hong",Lecturer,minxx016
1265,Sum 2026,UMNTC,UMNTC,EE,2015,003,Signals Circuits & Electronics,B-,12,1,PI,"Min,Cheol-Hong",Lecturer,minxx016
1265,Sum 2026,UMNTC,UMNTC,EE,2015,003,Signals Circuits & Electronics,C,12,1,PI,"Min,Cheol-Hong",Lecturer,minxx016
1265,Sum 2026,UMNTC,UMNTC,EE,2015,003,Signals Circuits & Electronics,C-,12,4,PI,"Min,Cheol-Hong",Lecturer,minxx016
1265,Sum 2026,UMNTC,UMNTC,EE,2015,003,Signals Circuits & Electronics,D,12,1,PI,"Min,Cheol-Hong",Lecturer,minxx016
1265,Sum 2026,UMNTC,UMNTC,EE,2015,003,Signals Circuits & Electronics,W,12,2,PI,"Min,Cheol-Hong",Lecturer,minxx016
1265,Sum 2026,UMNTC,UMNTC,EE,2301,002,Intro to Digital System Design,A,12,1,PI,"Batra,Sharat",Lecturer,batra052
1265,Sum 2026,UMNTC,UMNTC,EE,2301,002,Intro to Digital System Design,A-,12,1,PI,"Batra,Sharat",Lecturer,batra052
1265,Sum 2026,UMNTC,UMNTC,EE,2301,002,Intro to Digital System Design,B,12,5,PI,"Batra,Sharat",Lecturer,batra052
1265,Sum 2026,UMNTC,UMNTC,EE,2301,002,Intro to Digital System Design,B+,12,2,PI,"Batra,Sharat",Lecturer,batra052
1265,Sum 2026,UMNTC,UMNTC,EE,2301,002,Intro to Digital System Design,C+,12,1,PI,"Batra,Sharat",Lecturer,batra052
1265,Sum 2026,UMNTC,UMNTC,EE,2301,002,Intro to Digital System Design,C-,12,1,PI,"Batra,Sharat",Lecturer,batra052
1265,Sum 2026,UMNTC,UMNTC,EE,2301,002,Intro to Digital System Design,F,12,1,PI,"Batra,Sharat",Lecturer,batra052
1265,Sum 2026,UMNTC,UMNTC,EE,2361,002,Intro to Microcontrollers,A,11,3,PI,"Baltaci,Kenan",Lecturer,balta031
1265,Sum 2026,UMNTC,UMNTC,EE,2361,002,Intro to Microcontrollers,B,11,1,PI,"Baltaci,Kenan",Lecturer,balta031
1265,Sum 2026,UMNTC,UMNTC,EE,2361,002,Intro to Microcontrollers,B+,11,4,PI,"Baltaci,Kenan",Lecturer,balta031
1265,Sum 2026,UMNTC,UMNTC,EE,2361,002,Intro to Microcontrollers,B-,11,1,PI,"Baltaci,Kenan",Lecturer,balta031
1265,Sum 2026,UMNTC,UMNTC,EE,2361,002,Intro to Microcontrollers,C-,11,2,PI,"Baltaci,Kenan",Lecturer,balta031
1265,Sum 2026,UMNTC,UMNTC,EE,3005,001,Fundamentals EE,A,14,2,PI,"Cho,Jeong-Hyun",Associate Professor,jcho
1265,Sum 2026,UMNTC,UMNTC,EE,3005,001,Fundamentals EE,A-,14,2,PI,"Cho,Jeong-Hyun",Associate Professor,jcho
1265,Sum 2026,UMNTC,UMNTC,EE,3005,001,Fundamentals EE,B,14,3,PI,"Cho,Jeong-Hyun",Associate Professor,jcho
1265,Sum 2026,UMNTC,UMNTC,EE,3005,001,Fundamentals EE,B+,14,2,PI,"Cho,Jeong-Hyun",Associate Professor,jcho
1265,Sum 2026,UMNTC,UMNTC,EE,3005,001,Fundamentals EE,B-,14,1,PI,"Cho,Jeong-Hyun",Associate Professor,jcho
1265,Sum 2026,UMNTC,UMNTC,EE,3005,001,Fundamentals EE,C,14,1,PI,"Cho,Jeong-Hyun",Associate Professor,jcho
1265,Sum 2026,UMNTC,UMNTC,EE,3005,001,Fundamentals EE,C-,14,1,PI,"Cho,Jeong-Hyun",Associate Professor,jcho
1265,Sum 2026,UMNTC,UMNTC,EE,3005,001,Fundamentals EE,D,14,1,PI,"Cho,Jeong-Hyun",Associate Professor,jcho
1265,Sum 2026,UMNTC,UMNTC,EE,3005,001,Fundamentals EE,F,14,1,PI,"Cho,Jeong-Hyun",Associate Professor,jcho
1265,Sum 2026,UMNTC,UMNTC,EE,5373,001,Data Modeling Using R,A,10,7,PI,"Dukart,Alexander",Lecturer,dukar014
1265,Sum 2026,UMNTC,UMNTC,EE,5373,001,Data Modeling Using R,B,10,2,PI,"Dukart,Alexander",Lecturer,dukar014
1265,Sum 2026,UMNTC,UMNTC,EE,5373,001,Data Modeling Using R,B+,10,1,PI,"Dukart,Alexander",Lecturer,dukar014
1265,Sum 2026,UMNTC,UMNTC,EEB,3407,002,Ecology,A,32,15,PI,"Cardenas Henao,Mariana",,
1265,Sum 2026,UMNTC,UMNTC,EEB,3407,002,Ecology,A-,32,7,PI,"Cardenas Henao,Mariana",,
1265,Sum 2026,UMNTC,UMNTC,EEB,3407,002,Ecology,B,32,2,PI,"Cardenas Henao,Mariana",,
1265,Sum 2026,UMNTC,UMNTC,EEB,3407,002,Ecology,B+,32,5,PI,"Cardenas Henao,Mariana",,
1265,Sum 2026,UMNTC,UMNTC,EEB,3407,002,Ecology,B-,32,1,PI,"Cardenas Henao,Mariana",,
1265,Sum 2026,UMNTC,UMNTC,EEB,3407,002,Ecology,C-,32,1,PI,"Cardenas Henao,Mariana",,
1265,Sum 2026,UMNTC,UMNTC,EEB,3407,002,Ecology,F,32,1,PI,"Cardenas Henao,Mariana",,
1265,Sum 2026,UMNTC,UMNTC,EEB,4839,001,Field Studies in Mammalogy,A,13,6,PI,"Whittaker PhD,Joe Cameron",Adjunct Associate Professor,whit0243
1265,Sum 2026,UMNTC,UMNTC,EEB,4839,001,Field Studies in Mammalogy,A-,13,2,PI,"Whittaker PhD,Joe Cameron",Adjunct Associate Professor,whit0243
1265,Sum 2026,UMNTC,UMNTC,EEB,4839,001,Field Studies in Mammalogy,B,13,4,PI,"Whittaker PhD,Joe Cameron",Adjunct Associate Professor,whit0243
1265,Sum 2026,UMNTC,UMNTC,EEB,4839,001,Field Studies in Mammalogy,C+,13,1,PI,"Whittaker PhD,Joe Cameron",Adjunct Associate Professor,whit0243
1265,Sum 2026,UMNTC,UMNTC,EEB,4844,001,Field Ornithology,A,15,7,PI,"Beaudry,Fred",Adjunct Professor,fbeaudry
1265,Sum 2026,UMNTC,UMNTC,EEB,4844,001,Field Ornithology,A-,15,3,PI,"Beaudry,Fred",Adjunct Professor,fbeaudry
1265,Sum 2026,UMNTC,UMNTC,EEB,4844,001,Field Ornithology,B,15,2,PI,"Beaudry,Fred",Adjunct Professor,fbeaudry
1265,Sum 2026,UMNTC,UMNTC,EEB,4844,001,Field Ornithology,B+,15,1,PI,"Beaudry,Fred",Adjunct Professor,fbeaudry
1265,Sum 2026,UMNTC,UMNTC,EEB,4844,001,Field Ornithology,B-,15,1,PI,"Beaudry,Fred",Adjunct Professor,fbeaudry
1265,Sum 2026,UMNTC,UMNTC,EEB,4844,001,Field Ornithology,F,15,1,PI,"Beaudry,Fred",Adjunct Professor,fbeaudry
1265,Sum 2026,UMNDL,UMNDL,EES,4500,001,Field Geology,A,14,2,PI,"Braunagel,Michael John",Assistant Professor,braun578
1265,Sum 2026,UMNDL,UMNDL,EES,4500,001,Field Geology,A-,14,1,PI,"Braunagel,Michael John",Assistant Professor,braun578
1265,Sum 2026,UMNDL,UMNDL,EES,4500,001,Field Geology,B,14,4,PI,"Braunagel,Michael John",Assistant Professor,braun578
1265,Sum 2026,UMNDL,UMNDL,EES,4500,001,Field Geology,B+,14,1,PI,"Braunagel,Michael John",Assistant Professor,braun578
1265,Sum 2026,UMNDL,UMNDL,EES,4500,001,Field Geology,B-,14,1,PI,"Braunagel,Michael John",Assistant Professor,braun578
1265,Sum 2026,UMNDL,UMNDL,EES,4500,001,Field Geology,C,14,2,PI,"Braunagel,Michael John",Assistant Professor,braun578
1265,Sum 2026,UMNDL,UMNDL,EES,4500,001,Field Geology,C+,14,1,PI,"Braunagel,Michael John",Assistant Professor,braun578
1265,Sum 2026,UMNDL,UMNDL,EES,4500,001,Field Geology,C-,14,1,PI,"Braunagel,Michael John",Assistant Professor,braun578
1265,Sum 2026,UMNDL,UMNDL,EES,4500,001,Field Geology,W,14,1,PI,"Braunagel,Michael John",Assistant Professor,braun578
1265,Sum 2026,UMNDL,UMNDL,ENED,1700,001,Equity in Child. Nat. Studies,A,16,9,PI,"Boileau,Elizabeth Yvonne Shaw",Assistant Professor,eboileau
1265,Sum 2026,UMNDL,UMNDL,ENED,1700,001,Equity in Child. Nat. Studies,A-,16,1,PI,"Boileau,Elizabeth Yvonne Shaw",Assistant Professor,eboileau
1265,Sum 2026,UMNDL,UMNDL,ENED,1700,001,Equity in Child. Nat. Studies,B,16,1,PI,"Boileau,Elizabeth Yvonne Shaw",Assistant Professor,eboileau
1265,Sum 2026,UMNDL,UMNDL,ENED,1700,001,Equity in Child. Nat. Studies,B-,16,2,PI,"Boileau,Elizabeth Yvonne Shaw",Assistant Professor,eboileau
1265,Sum 2026,UMNDL,UMNDL,ENED,1700,001,Equity in Child. Nat. Studies,C+,16,1,PI,"Boileau,Elizabeth Yvonne Shaw",Assistant Professor,eboileau
1265,Sum 2026,UMNDL,UMNDL,ENED,1700,001,Equity in Child. Nat. Studies,C-,16,1,PI,"Boileau,Elizabeth Yvonne Shaw",Assistant Professor,eboileau
1265,Sum 2026,UMNDL,UMNDL,ENED,1700,001,Equity in Child. Nat. Studies,D,16,1,PI,"Boileau,Elizabeth Yvonne Shaw",Assistant Professor,eboileau
1265,Sum 2026,UMNTC,UMNTC,ENGL,1001W,001,Introduction to Literature,A,25,13,PI,"Liang,Stephanie",,
1265,Sum 2026,UMNTC,UMNTC,ENGL,1001W,001,Introduction to Literature,A-,25,5,PI,"Liang,Stephanie",,
1265,Sum 2026,UMNTC,UMNTC,ENGL,1001W,001,Introduction to Literature,B+,25,2,PI,"Liang,Stephanie",,
1265,Sum 2026,UMNTC,UMNTC,ENGL,1001W,001,Introduction to Literature,F,25,1,PI,"Liang,Stephanie",,
1265,Sum 2026,UMNTC,UMNTC,ENGL,1001W,001,Introduction to Literature,S,25,3,PI,"Liang,Stephanie",,
1265,Sum 2026,UMNTC,UMNTC,ENGL,1001W,001,Introduction to Literature,W,25,1,PI,"Liang,Stephanie",,
1265,Sum 2026,UMNTC,UMNTC,ENGL,1001W,002,Introduction to Literature,A,19,7,PI,"St. Francis,Hannah Emily",,
1265,Sum 2026,UMNTC,UMNTC,ENGL,1001W,002,Introduction to Literature,A-,19,4,PI,"St. Francis,Hannah Emily",,
1265,Sum 2026,UMNTC,UMNTC,ENGL,1001W,002,Introduction to Literature,B-,19,3,PI,"St. Francis,Hannah Emily",,
1265,Sum 2026,UMNTC,UMNTC,ENGL,1001W,002,Introduction to Literature,D,19,1,PI,"St. Francis,Hannah Emily",,
1265,Sum 2026,UMNTC,UMNTC,ENGL,1001W,002,Introduction to Literature,F,19,1,PI,"St. Francis,Hannah Emily",,
1265,Sum 2026,UMNTC,UMNTC,ENGL,1001W,002,Introduction to Literature,S,19,2,PI,"St. Francis,Hannah Emily",,
1265,Sum 2026,UMNTC,UMNTC,ENGL,1001W,002,Introduction to Literature,W,19,1,PI,"St. Francis,Hannah Emily",,
1265,Sum 2026,UMNTC,UMNTC,ENGL,1004,001,Banned Books,A,29,19,PI,"Hamada,Sachiko",,
1265,Sum 2026,UMNTC,UMNTC,ENGL,1004,001,Banned Books,A-,29,3,PI,"Hamada,Sachiko",,
1265,Sum 2026,UMNTC,UMNTC,ENGL,1004,001,Banned Books,B+,29,1,PI,"Hamada,Sachiko",,
1265,Sum 2026,UMNTC,UMNTC,ENGL,1004,001,Banned Books,D+,29,1,PI,"Hamada,Sachiko",,
1265,Sum 2026,UMNTC,UMNTC,ENGL,1004,001,Banned Books,F,29,1,PI,"Hamada,Sachiko",,
1265,Sum 2026,UMNTC,UMNTC,ENGL,1004,001,Banned Books,S,29,4,PI,"Hamada,Sachiko",,
1265,Sum 2026,UMNTC,UMNTC,ENGL,1005,001,Reading Poetry,A,28,18,PI,"Del Rio Madrigal,Sandra Yailin",,
1265,Sum 2026,UMNTC,UMNTC,ENGL,1005,001,Reading Poetry,A-,28,3,PI,"Del Rio Madrigal,Sandra Yailin",,
1265,Sum 2026,UMNTC,UMNTC,ENGL,1005,001,Reading Poetry,B+,28,2,PI,"Del Rio Madrigal,Sandra Yailin",,
1265,Sum 2026,UMNTC,UMNTC,ENGL,1005,001,Reading Poetry,F,28,3,PI,"Del Rio Madrigal,Sandra Yailin",,
1265,Sum 2026,UMNTC,UMNTC,ENGL,1005,001,Reading Poetry,S,28,1,PI,"Del Rio Madrigal,Sandra Yailin",,
1265,Sum 2026,UMNTC,UMNTC,ENGL,1005,001,Reading Poetry,W,28,1,PI,"Del Rio Madrigal,Sandra Yailin",,
1265,Sum 2026,UMNCR,UMNCR,ENGL,1016,E90,"Am Lit: Race, Gender, Class",A,14,6,PI,"Morgenstern,Matthew Raymond",Teaching Specialist,mmorgens
1265,Sum 2026,UMNCR,UMNCR,ENGL,1016,E90,"Am Lit: Race, Gender, Class",A-,14,2,PI,"Morgenstern,Matthew Raymond",Teaching Specialist,mmorgens
1265,Sum 2026,UMNCR,UMNCR,ENGL,1016,E90,"Am Lit: Race, Gender, Class",B-,14,1,PI,"Morgenstern,Matthew Raymond",Teaching Specialist,mmorgens
1265,Sum 2026,UMNCR,UMNCR,ENGL,1016,E90,"Am Lit: Race, Gender, Class",C+,14,1,PI,"Morgenstern,Matthew Raymond",Teaching Specialist,mmorgens
1265,Sum 2026,UMNCR,UMNCR,ENGL,1016,E90,"Am Lit: Race, Gender, Class",C-,14,1,PI,"Morgenstern,Matthew Raymond",Teaching Specialist,mmorgens
1265,Sum 2026,UMNCR,UMNCR,ENGL,1016,E90,"Am Lit: Race, Gender, Class",D,14,1,PI,"Morgenstern,Matthew Raymond",Teaching Specialist,mmorgens
1265,Sum 2026,UMNCR,UMNCR,ENGL,1016,E90,"Am Lit: Race, Gender, Class",F,14,1,PI,"Morgenstern,Matthew Raymond",Teaching Specialist,mmorgens
1265,Sum 2026,UMNCR,UMNCR,ENGL,1016,E90,"Am Lit: Race, Gender, Class",W,14,1,PI,"Morgenstern,Matthew Raymond",Teaching Specialist,mmorgens
1265,Sum 2026,UMNTC,UMNTC,ENGL,1031,001,Intro to the Short Story,A,30,21,PI,"Nelson,Scott Alexander",,
1265,Sum 2026,UMNTC,UMNTC,ENGL,1031,001,Intro to the Short Story,A-,30,3,PI,"Nelson,Scott Alexander",,
1265,Sum 2026,UMNTC,UMNTC,ENGL,1031,001,Intro to the Short Story,B+,30,2,PI,"Nelson,Scott Alexander",,
1265,Sum 2026,UMNTC,UMNTC,ENGL,1031,001,Intro to the Short Story,C+,30,1,PI,"Nelson,Scott Alexander",,
1265,Sum 2026,UMNTC,UMNTC,ENGL,1031,001,Intro to the Short Story,F,30,1,PI,"Nelson,Scott Alexander",,
1265,Sum 2026,UMNTC,UMNTC,ENGL,1031,001,Intro to the Short Story,S,30,2,PI,"Nelson,Scott Alexander",,
1265,Sum 2026,UMNTC,UMNTC,ENGL,1031,002,Intro to the Short Story,A,25,15,PI,"Botkin,Rachel",,
1265,Sum 2026,UMNTC,UMNTC,ENGL,1031,002,Intro to the Short Story,B,25,2,PI,"Botkin,Rachel",,
1265,Sum 2026,UMNTC,UMNTC,ENGL,1031,002,Intro to the Short Story,B+,25,3,PI,"Botkin,Rachel",,
1265,Sum 2026,UMNTC,UMNTC,ENGL,1031,002,Intro to the Short Story,F,25,4,PI,"Botkin,Rachel",,
1265,Sum 2026,UMNTC,UMNTC,ENGL,1031,002,Intro to the Short Story,S,25,1,PI,"Botkin,Rachel",,
1265,Sum 2026,UMNTC,UMNTC,ENGL,1051,001,"Lit, Science & Technology",A,27,11,PI,"Lee,Heejoon",,
1265,Sum 2026,UMNTC,UMNTC,ENGL,1051,001,"Lit, Science & Technology",A-,27,4,PI,"Lee,Heejoon",,
1265,Sum 2026,UMNTC,UMNTC,ENGL,1051,001,"Lit, Science & Technology",B,27,1,PI,"Lee,Heejoon",,
1265,Sum 2026,UMNTC,UMNTC,ENGL,1051,001,"Lit, Science & Technology",B+,27,4,PI,"Lee,Heejoon",,
1265,Sum 2026,UMNTC,UMNTC,ENGL,1051,001,"Lit, Science & Technology",B-,27,2,PI,"Lee,Heejoon",,
1265,Sum 2026,UMNTC,UMNTC,ENGL,1051,001,"Lit, Science & Technology",C,27,1,PI,"Lee,Heejoon",,
1265,Sum 2026,UMNTC,UMNTC,ENGL,1051,001,"Lit, Science & Technology",D+,27,1,PI,"Lee,Heejoon",,
1265,Sum 2026,UMNTC,UMNTC,ENGL,1051,001,"Lit, Science & Technology",S,27,1,PI,"Lee,Heejoon",,
1265,Sum 2026,UMNTC,UMNTC,ENGL,1051,001,"Lit, Science & Technology",W,27,2,PI,"Lee,Heejoon",,
1265,Sum 2026,UMNTC,UMNTC,ENGL,1201W,001,Contemporary American Lit,A,24,19,PI,"Forrest,Thomas",,
1265,Sum 2026,UMNTC,UMNTC,ENGL,1201W,001,Contemporary American Lit,A-,24,1,PI,"Forrest,Thomas",,
1265,Sum 2026,UMNTC,UMNTC,ENGL,1201W,001,Contemporary American Lit,B,24,1,PI,"Forrest,Thomas",,
1265,Sum 2026,UMNTC,UMNTC,ENGL,1201W,001,Contemporary American Lit,B+,24,1,PI,"Forrest,Thomas",,
1265,Sum 2026,UMNTC,UMNTC,ENGL,1201W,001,Contemporary American Lit,S,24,1,PI,"Forrest,Thomas",,
1265,Sum 2026,UMNTC,UMNTC,ENGL,1201W,001,Contemporary American Lit,W,24,1,PI,"Forrest,Thomas",,
1265,Sum 2026,UMNTC,UMNTC,ENGL,1301W,001,US Lit & Social Injustice,A,23,11,PI,"Lucarelli,Roma Maria",,
1265,Sum 2026,UMNTC,UMNTC,ENGL,1301W,001,US Lit & Social Injustice,A-,23,4,PI,"Lucarelli,Roma Maria",,
1265,Sum 2026,UMNTC,UMNTC,ENGL,1301W,001,US Lit & Social Injustice,B,23,1,PI,"Lucarelli,Roma Maria",,
1265,Sum 2026,UMNTC,UMNTC,ENGL,1301W,001,US Lit & Social Injustice,B+,23,2,PI,"Lucarelli,Roma Maria",,
1265,Sum 2026,UMNTC,UMNTC,ENGL,1301W,001,US Lit & Social Injustice,F,23,2,PI,"Lucarelli,Roma Maria",,
1265,Sum 2026,UMNTC,UMNTC,ENGL,1301W,001,US Lit & Social Injustice,S,23,3,PI,"Lucarelli,Roma Maria",,
1265,Sum 2026,UMNTC,UMNTC,ENGL,1301W,002,US Lit & Social Injustice,A,24,3,PI,"Emanuel,Nicole Rose",,
1265,Sum 2026,UMNTC,UMNTC,ENGL,1301W,002,US Lit & Social Injustice,A-,24,6,PI,"Emanuel,Nicole Rose",,
1265,Sum 2026,UMNTC,UMNTC,ENGL,1301W,002,US Lit & Social Injustice,B,24,2,PI,"Emanuel,Nicole Rose",,
1265,Sum 2026,UMNTC,UMNTC,ENGL,1301W,002,US Lit & Social Injustice,B+,24,8,PI,"Emanuel,Nicole Rose",,
1265,Sum 2026,UMNTC,UMNTC,ENGL,1301W,002,US Lit & Social Injustice,C,24,1,PI,"Emanuel,Nicole Rose",,
1265,Sum 2026,UMNTC,UMNTC,ENGL,1301W,002,US Lit & Social Injustice,C+,24,1,PI,"Emanuel,Nicole Rose",,
1265,Sum 2026,UMNTC,UMNTC,ENGL,1301W,002,US Lit & Social Injustice,W,24,3,PI,"Emanuel,Nicole Rose",,
1265,Sum 2026,UMNTC,UMNRO,ENGL,1433,001,Literature,A,23,14,PI,"Wacek,Jennifer A",Senior Lecturer,jawacek
1265,Sum 2026,UMNTC,UMNRO,ENGL,1433,001,Literature,A-,23,4,PI,"Wacek,Jennifer A",Senior Lecturer,jawacek
1265,Sum 2026,UMNTC,UMNRO,ENGL,1433,001,Literature,B,23,1,PI,"Wacek,Jennifer A",Senior Lecturer,jawacek
1265,Sum 2026,UMNTC,UMNRO,ENGL,1433,001,Literature,B+,23,1,PI,"Wacek,Jennifer A",Senior Lecturer,jawacek
1265,Sum 2026,UMNTC,UMNRO,ENGL,1433,001,Literature,C+,23,1,PI,"Wacek,Jennifer A",Senior Lecturer,jawacek
1265,Sum 2026,UMNTC,UMNRO,ENGL,1433,001,Literature,D,23,1,PI,"Wacek,Jennifer A",Senior Lecturer,jawacek
1265,Sum 2026,UMNTC,UMNRO,ENGL,1433,001,Literature,F,23,1,PI,"Wacek,Jennifer A",Senior Lecturer,jawacek
1265,Sum 2026,UMNDL,UMNDL,ENGL,1586,080,Race and 21st-Century Lit,A,13,8,PI,"Van Wert,Katie",Assistant Professor,kvanwert
1265,Sum 2026,UMNDL,UMNDL,ENGL,1586,080,Race and 21st-Century Lit,A-,13,1,PI,"Van Wert,Katie",Assistant Professor,kvanwert
1265,Sum 2026,UMNDL,UMNDL,ENGL,1586,080,Race and 21st-Century Lit,B,13,1,PI,"Van Wert,Katie",Assistant Professor,kvanwert
1265,Sum 2026,UMNDL,UMNDL,ENGL,1586,080,Race and 21st-Century Lit,B-,13,1,PI,"Van Wert,Katie",Assistant Professor,kvanwert
1265,Sum 2026,UMNDL,UMNDL,ENGL,1586,080,Race and 21st-Century Lit,F,13,1,PI,"Van Wert,Katie",Assistant Professor,kvanwert
1265,Sum 2026,UMNDL,UMNDL,ENGL,1586,080,Race and 21st-Century Lit,W,13,1,PI,"Van Wert,Katie",Assistant Professor,kvanwert
1265,Sum 2026,UMNTC,UMNTC,ENGL,1701,001,Modern Fiction,A,27,11,PI,"Raimondi,Le",,
1265,Sum 2026,UMNTC,UMNTC,ENGL,1701,001,Modern Fiction,A-,27,1,PI,"Raimondi,Le",,
1265,Sum 2026,UMNTC,UMNTC,ENGL,1701,001,Modern Fiction,B,27,2,PI,"Raimondi,Le",,
1265,Sum 2026,UMNTC,UMNTC,ENGL,1701,001,Modern Fiction,B+,27,2,PI,"Raimondi,Le",,
1265,Sum 2026,UMNTC,UMNTC,ENGL,1701,001,Modern Fiction,B-,27,4,PI,"Raimondi,Le",,
1265,Sum 2026,UMNTC,UMNTC,ENGL,1701,001,Modern Fiction,F,27,3,PI,"Raimondi,Le",,
1265,Sum 2026,UMNTC,UMNTC,ENGL,1701,001,Modern Fiction,N,27,1,PI,"Raimondi,Le",,
1265,Sum 2026,UMNTC,UMNTC,ENGL,1701,001,Modern Fiction,S,27,2,PI,"Raimondi,Le",,
1265,Sum 2026,UMNTC,UMNTC,ENGL,1701,001,Modern Fiction,W,27,1,PI,"Raimondi,Le",,
1265,Sum 2026,UMNTC,UMNTC,ENGL,3003W,001,Survey British Literature I,A,23,8,PI,"Jones,Emily",,
1265,Sum 2026,UMNTC,UMNTC,ENGL,3003W,001,Survey British Literature I,B,23,1,PI,"Jones,Emily",,
1265,Sum 2026,UMNTC,UMNTC,ENGL,3003W,001,Survey British Literature I,B+,23,2,PI,"Jones,Emily",,
1265,Sum 2026,UMNTC,UMNTC,ENGL,3003W,001,Survey British Literature I,B-,23,2,PI,"Jones,Emily",,
1265,Sum 2026,UMNTC,UMNTC,ENGL,3003W,001,Survey British Literature I,C,23,2,PI,"Jones,Emily",,
1265,Sum 2026,UMNTC,UMNTC,ENGL,3003W,001,Survey British Literature I,C+,23,2,PI,"Jones,Emily",,
1265,Sum 2026,UMNTC,UMNTC,ENGL,3003W,001,Survey British Literature I,C-,23,1,PI,"Jones,Emily",,
1265,Sum 2026,UMNTC,UMNTC,ENGL,3003W,001,Survey British Literature I,F,23,1,PI,"Jones,Emily",,
1265,Sum 2026,UMNTC,UMNTC,ENGL,3003W,001,Survey British Literature I,W,23,4,PI,"Jones,Emily",,
1265,Sum 2026,UMNTC,UMNTC,ENGL,3005W,001,Survey American Literature I,A,24,10,PI,"Mazahreh,Joy Burhan Sulaiman",,
1265,Sum 2026,UMNTC,UMNTC,ENGL,3005W,001,Survey American Literature I,A-,24,5,PI,"Mazahreh,Joy Burhan Sulaiman",,
1265,Sum 2026,UMNTC,UMNTC,ENGL,3005W,001,Survey American Literature I,B,24,3,PI,"Mazahreh,Joy Burhan Sulaiman",,
1265,Sum 2026,UMNTC,UMNTC,ENGL,3005W,001,Survey American Literature I,B+,24,2,PI,"Mazahreh,Joy Burhan Sulaiman",,
1265,Sum 2026,UMNTC,UMNTC,ENGL,3005W,001,Survey American Literature I,B-,24,2,PI,"Mazahreh,Joy Burhan Sulaiman",,
1265,Sum 2026,UMNTC,UMNTC,ENGL,3005W,001,Survey American Literature I,F,24,2,PI,"Mazahreh,Joy Burhan Sulaiman",,
1265,Sum 2026,UMNTC,UMNTC,ENGL,3006W,001,Survey American Literature II,A,22,9,PI,"Thek,Alexandra",,
1265,Sum 2026,UMNTC,UMNTC,ENGL,3006W,001,Survey American Literature II,A-,22,4,PI,"Thek,Alexandra",,
1265,Sum 2026,UMNTC,UMNTC,ENGL,3006W,001,Survey American Literature II,B,22,2,PI,"Thek,Alexandra",,
1265,Sum 2026,UMNTC,UMNTC,ENGL,3006W,001,Survey American Literature II,B+,22,3,PI,"Thek,Alexandra",,
1265,Sum 2026,UMNTC,UMNTC,ENGL,3006W,001,Survey American Literature II,B-,22,1,PI,"Thek,Alexandra",,
1265,Sum 2026,UMNTC,UMNTC,ENGL,3006W,001,Survey American Literature II,F,22,2,PI,"Thek,Alexandra",,
1265,Sum 2026,UMNTC,UMNTC,ENGL,3006W,001,Survey American Literature II,W,22,1,PI,"Thek,Alexandra",,
1265,Sum 2026,UMNTC,UMNTC,ENGL,3007,001,Shakespeare,A,29,16,PI,"Carden,Kayla",,
1265,Sum 2026,UMNTC,UMNTC,ENGL,3007,001,Shakespeare,A-,29,2,PI,"Carden,Kayla",,
1265,Sum 2026,UMNTC,UMNTC,ENGL,3007,001,Shakespeare,B,29,2,PI,"Carden,Kayla",,
1265,Sum 2026,UMNTC,UMNTC,ENGL,3007,001,Shakespeare,B+,29,3,PI,"Carden,Kayla",,
1265,Sum 2026,UMNTC,UMNTC,ENGL,3007,001,Shakespeare,C,29,1,PI,"Carden,Kayla",,
1265,Sum 2026,UMNTC,UMNTC,ENGL,3007,001,Shakespeare,F,29,3,PI,"Carden,Kayla",,
1265,Sum 2026,UMNTC,UMNTC,ENGL,3007,001,Shakespeare,S,29,1,PI,"Carden,Kayla",,
1265,Sum 2026,UMNTC,UMNTC,ENGL,3007,001,Shakespeare,W,29,1,PI,"Carden,Kayla",,
1265,Sum 2026,UMNTC,UMNTC,ENGL,3092,500,Misbehaving Dead Bodies - 19C,A,13,11,PI,"Tandy-Treiber,Ann Marie",Senior Lecturer,tandy004
1265,Sum 2026,UMNTC,UMNTC,ENGL,3092,500,Misbehaving Dead Bodies - 19C,B+,13,2,PI,"Tandy-Treiber,Ann Marie",Senior Lecturer,tandy004
1265,Sum 2026,UMNTC,UMNTC,ENGW,1101W,001,Intro Creative Writ,A,26,25,PI,"Chaudhry,Amna",,
1265,Sum 2026,UMNTC,UMNTC,ENGW,1101W,001,Intro Creative Writ,S,26,1,PI,"Chaudhry,Amna",,
1265,Sum 2026,UMNTC,UMNTC,ENGW,1101W,002,Intro Creative Writ,A,26,16,PI,"Simonton,Anna",,
1265,Sum 2026,UMNTC,UMNTC,ENGW,1101W,002,Intro Creative Writ,B,26,4,PI,"Simonton,Anna",,
1265,Sum 2026,UMNTC,UMNTC,ENGW,1101W,002,Intro Creative Writ,C,26,1,PI,"Simonton,Anna",,
1265,Sum 2026,UMNTC,UMNTC,ENGW,1101W,002,Intro Creative Writ,D,26,1,PI,"Simonton,Anna",,
1265,Sum 2026,UMNTC,UMNTC,ENGW,1101W,002,Intro Creative Writ,F,26,3,PI,"Simonton,Anna",,
1265,Sum 2026,UMNTC,UMNTC,ENGW,1101W,002,Intro Creative Writ,W,26,1,PI,"Simonton,Anna",,
1265,Sum 2026,UMNTC,UMNTC,ENGW,1101W,003,Intro Creative Writ,A,25,23,PI,"Wood,Olivia Asta",,
1265,Sum 2026,UMNTC,UMNTC,ENGW,1101W,003,Intro Creative Writ,S,25,2,PI,"Wood,Olivia Asta",,
1265,Sum 2026,UMNTC,UMNTC,ENGW,1102W,001,Intro to Fiction Writing,A,24,19,PI,"Caligiuri,Ezekiel Michael",,
1265,Sum 2026,UMNTC,UMNTC,ENGW,1102W,001,Intro to Fiction Writing,A-,24,1,PI,"Caligiuri,Ezekiel Michael",,
1265,Sum 2026,UMNTC,UMNTC,ENGW,1102W,001,Intro to Fiction Writing,B,24,2,PI,"Caligiuri,Ezekiel Michael",,
1265,Sum 2026,UMNTC,UMNTC,ENGW,1102W,001,Intro to Fiction Writing,C+,24,1,PI,"Caligiuri,Ezekiel Michael",,
1265,Sum 2026,UMNTC,UMNTC,ENGW,1102W,001,Intro to Fiction Writing,F,24,1,PI,"Caligiuri,Ezekiel Michael",,
1265,Sum 2026,UMNTC,UMNTC,ENGW,1103W,001,Introduction to Poetry Writing,A,26,16,PI,"Zacharias,Isabel",,
1265,Sum 2026,UMNTC,UMNTC,ENGW,1103W,001,Introduction to Poetry Writing,A-,26,3,PI,"Zacharias,Isabel",,
1265,Sum 2026,UMNTC,UMNTC,ENGW,1103W,001,Introduction to Poetry Writing,B-,26,1,PI,"Zacharias,Isabel",,
1265,Sum 2026,UMNTC,UMNTC,ENGW,1103W,001,Introduction to Poetry Writing,F,26,3,PI,"Zacharias,Isabel",,
1265,Sum 2026,UMNTC,UMNTC,ENGW,1103W,001,Introduction to Poetry Writing,S,26,3,PI,"Zacharias,Isabel",,
1265,Sum 2026,UMNTC,UMNTC,ENGW,1104W,001,Intro to Literary Nonfiction,A,24,14,PI,"Oschwald Tilton,Julia",,
1265,Sum 2026,UMNTC,UMNTC,ENGW,1104W,001,Intro to Literary Nonfiction,A-,24,1,PI,"Oschwald Tilton,Julia",,
1265,Sum 2026,UMNTC,UMNTC,ENGW,1104W,001,Intro to Literary Nonfiction,B,24,1,PI,"Oschwald Tilton,Julia",,
1265,Sum 2026,UMNTC,UMNTC,ENGW,1104W,001,Intro to Literary Nonfiction,B-,24,2,PI,"Oschwald Tilton,Julia",,
1265,Sum 2026,UMNTC,UMNTC,ENGW,1104W,001,Intro to Literary Nonfiction,C+,24,2,PI,"Oschwald Tilton,Julia",,
1265,Sum 2026,UMNTC,UMNTC,ENGW,1104W,001,Intro to Literary Nonfiction,F,24,3,PI,"Oschwald Tilton,Julia",,
1265,Sum 2026,UMNTC,UMNTC,ENGW,1104W,001,Intro to Literary Nonfiction,S,24,1,PI,"Oschwald Tilton,Julia",,
1265,Sum 2026,UMNTC,UMNTC,ENGW,3111W,001,Sci Fi  & Fantasy Writing,A,18,14,PI,"Khatri,Sadia",,
1265,Sum 2026,UMNTC,UMNTC,ENGW,3111W,001,Sci Fi  & Fantasy Writing,C-,18,1,PI,"Khatri,Sadia",,
1265,Sum 2026,UMNTC,UMNTC,ENGW,3111W,001,Sci Fi  & Fantasy Writing,F,18,1,PI,"Khatri,Sadia",,
1265,Sum 2026,UMNTC,UMNTC,ENGW,3111W,001,Sci Fi  & Fantasy Writing,S,18,1,PI,"Khatri,Sadia",,
1265,Sum 2026,UMNTC,UMNTC,ENGW,3111W,001,Sci Fi  & Fantasy Writing,W,18,1,PI,"Khatri,Sadia",,
1265,Sum 2026,UMNTC,UMNTC,ENTR,6025,070,Intro to Entrepreneurship,A,42,26,PI,"Fine,Alan Raymond",Senior Lecturer,finex003
1265,Sum 2026,UMNTC,UMNTC,ENTR,6025,070,Intro to Entrepreneurship,A-,42,12,PI,"Fine,Alan Raymond",Senior Lecturer,finex003
1265,Sum 2026,UMNTC,UMNTC,ENTR,6025,070,Intro to Entrepreneurship,B+,42,3,PI,"Fine,Alan Raymond",Senior Lecturer,finex003
1265,Sum 2026,UMNTC,UMNTC,ENTR,6025,070,Intro to Entrepreneurship,B-,42,1,PI,"Fine,Alan Raymond",Senior Lecturer,finex003
1265,Sum 2026,UMNTC,UMNTC,EPSY,3264,001,Basic/Applied Stats,A,39,18,PI,"Loch,Suzanne Yvette",Senior Teaching Specialist,chova001
1265,Sum 2026,UMNTC,UMNTC,EPSY,3264,001,Basic/Applied Stats,A-,39,3,PI,"Loch,Suzanne Yvette",Senior Teaching Specialist,chova001
1265,Sum 2026,UMNTC,UMNTC,EPSY,3264,001,Basic/Applied Stats,B,39,2,PI,"Loch,Suzanne Yvette",Senior Teaching Specialist,chova001
1265,Sum 2026,UMNTC,UMNTC,EPSY,3264,001,Basic/Applied Stats,B+,39,1,PI,"Loch,Suzanne Yvette",Senior Teaching Specialist,chova001
1265,Sum 2026,UMNTC,UMNTC,EPSY,3264,001,Basic/Applied Stats,B-,39,3,PI,"Loch,Suzanne Yvette",Senior Teaching Specialist,chova001
1265,Sum 2026,UMNTC,UMNTC,EPSY,3264,001,Basic/Applied Stats,C+,39,5,PI,"Loch,Suzanne Yvette",Senior Teaching Specialist,chova001
1265,Sum 2026,UMNTC,UMNTC,EPSY,3264,001,Basic/Applied Stats,C-,39,3,PI,"Loch,Suzanne Yvette",Senior Teaching Specialist,chova001
1265,Sum 2026,UMNTC,UMNTC,EPSY,3264,001,Basic/Applied Stats,D,39,1,PI,"Loch,Suzanne Yvette",Senior Teaching Specialist,chova001
1265,Sum 2026,UMNTC,UMNTC,EPSY,3264,001,Basic/Applied Stats,F,39,2,PI,"Loch,Suzanne Yvette",Senior Teaching Specialist,chova001
1265,Sum 2026,UMNTC,UMNTC,EPSY,3264,001,Basic/Applied Stats,S,39,1,PI,"Loch,Suzanne Yvette",Senior Teaching Specialist,chova001
1265,Sum 2026,UMNTC,UMNTC,EPSY,3705,500,Field Experience in Denmark,A,13,12,PI,"O'Neill,Charissa Valentine",Senior Teaching Specialist,coneill
1265,Sum 2026,UMNTC,UMNTC,EPSY,3705,500,Field Experience in Denmark,C+,13,1,PI,"O'Neill,Charissa Valentine",Senior Teaching Specialist,coneill
1265,Sum 2026,UMNTC,UMNTC,EPSY,5001,004,"Learning,Cognition,Assessment",A,63,58,PI,"Matewos,Ananya",Lecturer,mukho004
1265,Sum 2026,UMNTC,UMNTC,EPSY,5001,004,"Learning,Cognition,Assessment",A-,63,4,PI,"Matewos,Ananya",Lecturer,mukho004
1265,Sum 2026,UMNTC,UMNTC,EPSY,5001,004,"Learning,Cognition,Assessment",B,63,1,PI,"Matewos,Ananya",Lecturer,mukho004
1265,Sum 2026,UMNTC,UMNTC,EPSY,5016,001,Special Education Foundations,A,51,38,PI,"Beavis,Hannah",,
1265,Sum 2026,UMNTC,UMNTC,EPSY,5016,001,Special Education Foundations,A-,51,2,PI,"Beavis,Hannah",,
1265,Sum 2026,UMNTC,UMNTC,EPSY,5016,001,Special Education Foundations,B,51,2,PI,"Beavis,Hannah",,
1265,Sum 2026,UMNTC,UMNTC,EPSY,5016,001,Special Education Foundations,B+,51,3,PI,"Beavis,Hannah",,
1265,Sum 2026,UMNTC,UMNTC,EPSY,5016,001,Special Education Foundations,B-,51,1,PI,"Beavis,Hannah",,
1265,Sum 2026,UMNTC,UMNTC,EPSY,5016,001,Special Education Foundations,C+,51,2,PI,"Beavis,Hannah",,
1265,Sum 2026,UMNTC,UMNTC,EPSY,5016,001,Special Education Foundations,D,51,1,PI,"Beavis,Hannah",,
1265,Sum 2026,UMNTC,UMNTC,EPSY,5016,001,Special Education Foundations,F,51,2,PI,"Beavis,Hannah",,
1265,Sum 2026,UMNTC,UMNTC,EPSY,5016,002,Special Education Foundations,A,38,37,PI,"Salaam,Jamil",Teaching Specialist,holt0043
1265,Sum 2026,UMNTC,UMNTC,EPSY,5016,002,Special Education Foundations,A-,38,1,PI,"Salaam,Jamil",Teaching Specialist,holt0043
1265,Sum 2026,UMNTC,UMNTC,EPSY,5261,001,Intro Statistical Methods,A,41,33,PI,"Legacy,Chelsey",Teaching Assistant Professor,legac006
1265,Sum 2026,UMNTC,UMNTC,EPSY,5261,001,Intro Statistical Methods,A-,41,2,PI,"Legacy,Chelsey",Teaching Assistant Professor,legac006
1265,Sum 2026,UMNTC,UMNTC,EPSY,5261,001,Intro Statistical Methods,B,41,1,PI,"Legacy,Chelsey",Teaching Assistant Professor,legac006
1265,Sum 2026,UMNTC,UMNTC,EPSY,5261,001,Intro Statistical Methods,B+,41,1,PI,"Legacy,Chelsey",Teaching Assistant Professor,legac006
1265,Sum 2026,UMNTC,UMNTC,EPSY,5261,001,Intro Statistical Methods,S,41,2,PI,"Legacy,Chelsey",Teaching Assistant Professor,legac006
1265,Sum 2026,UMNTC,UMNTC,EPSY,5261,001,Intro Statistical Methods,W,41,2,PI,"Legacy,Chelsey",Teaching Assistant Professor,legac006
1265,Sum 2026,UMNTC,UMNTC,EPSY,5404,001,GroupCouns,A,32,31,PI,"Seifu,Feven",Teaching Assistant Professor,fseifu
1265,Sum 2026,UMNTC,UMNTC,EPSY,5404,001,GroupCouns,B,32,1,PI,"Seifu,Feven",Teaching Assistant Professor,fseifu
1265,Sum 2026,UMNTC,UMNTC,EPSY,5405,001,CareerCouns,A,32,29,PI,"Christman,Seth T",Teaching Associate Professor,chri2031
1265,Sum 2026,UMNTC,UMNTC,EPSY,5405,001,CareerCouns,A-,32,2,PI,"Christman,Seth T",Teaching Associate Professor,chri2031
1265,Sum 2026,UMNTC,UMNTC,EPSY,5405,001,CareerCouns,B+,32,1,PI,"Christman,Seth T",Teaching Associate Professor,chri2031
1265,Sum 2026,UMNTC,UMNTC,EPSY,5666,001,Disability Policy & Services,A,14,10,PI,"Dosch Brown,Rebecca",Ed Pro 6-Ed Prog Dev & Implmt,dosch018
1265,Sum 2026,UMNTC,UMNTC,EPSY,5666,001,Disability Policy & Services,A-,14,2,PI,"Dosch Brown,Rebecca",Ed Pro 6-Ed Prog Dev & Implmt,dosch018
1265,Sum 2026,UMNTC,UMNTC,EPSY,5666,001,Disability Policy & Services,B-,14,1,PI,"Dosch Brown,Rebecca",Ed Pro 6-Ed Prog Dev & Implmt,dosch018
1265,Sum 2026,UMNTC,UMNTC,EPSY,5666,001,Disability Policy & Services,C-,14,1,PI,"Dosch Brown,Rebecca",Ed Pro 6-Ed Prog Dev & Implmt,dosch018
1265,Sum 2026,UMNDL,UMNDL,ES,4097,001,Internship,NR,13,3,PI,"Bergstrom,Ryan Dennis",Associate Professor,rbergstr
1265,Sum 2026,UMNDL,UMNDL,ES,4097,001,Internship,S,13,10,PI,"Bergstrom,Ryan Dennis",Associate Professor,rbergstr
1265,Sum 2026,UMNTC,UMNTC,ESCI,1001,100,Earth and Its Environments,A,30,12,PI,"Revenaugh,Justin",Professor,justinr
1265,Sum 2026,UMNTC,UMNTC,ESCI,1001,100,Earth and Its Environments,A-,30,1,PI,"Revenaugh,Justin",Professor,justinr
1265,Sum 2026,UMNTC,UMNTC,ESCI,1001,100,Earth and Its Environments,B,30,3,PI,"Revenaugh,Justin",Professor,justinr
1265,Sum 2026,UMNTC,UMNTC,ESCI,1001,100,Earth and Its Environments,B+,30,1,PI,"Revenaugh,Justin",Professor,justinr
1265,Sum 2026,UMNTC,UMNTC,ESCI,1001,100,Earth and Its Environments,B-,30,1,PI,"Revenaugh,Justin",Professor,justinr
1265,Sum 2026,UMNTC,UMNTC,ESCI,1001,100,Earth and Its Environments,C+,30,3,PI,"Revenaugh,Justin",Professor,justinr
1265,Sum 2026,UMNTC,UMNTC,ESCI,1001,100,Earth and Its Environments,C-,30,2,PI,"Revenaugh,Justin",Professor,justinr
1265,Sum 2026,UMNTC,UMNTC,ESCI,1001,100,Earth and Its Environments,D,30,1,PI,"Revenaugh,Justin",Professor,justinr
1265,Sum 2026,UMNTC,UMNTC,ESCI,1001,100,Earth and Its Environments,F,30,4,PI,"Revenaugh,Justin",Professor,justinr
1265,Sum 2026,UMNTC,UMNTC,ESCI,1001,100,Earth and Its Environments,S,30,2,PI,"Revenaugh,Justin",Professor,justinr
1265,Sum 2026,UMNTC,UMNTC,ESCI,1001,101,Earth and Its Environments,A,26,5,PI,"Revenaugh,Justin",Professor,justinr
1265,Sum 2026,UMNTC,UMNTC,ESCI,1001,101,Earth and Its Environments,A-,26,4,PI,"Revenaugh,Justin",Professor,justinr
1265,Sum 2026,UMNTC,UMNTC,ESCI,1001,101,Earth and Its Environments,B,26,1,PI,"Revenaugh,Justin",Professor,justinr
1265,Sum 2026,UMNTC,UMNTC,ESCI,1001,101,Earth and Its Environments,B+,26,4,PI,"Revenaugh,Justin",Professor,justinr
1265,Sum 2026,UMNTC,UMNTC,ESCI,1001,101,Earth and Its Environments,B-,26,2,PI,"Revenaugh,Justin",Professor,justinr
1265,Sum 2026,UMNTC,UMNTC,ESCI,1001,101,Earth and Its Environments,C,26,1,PI,"Revenaugh,Justin",Professor,justinr
1265,Sum 2026,UMNTC,UMNTC,ESCI,1001,101,Earth and Its Environments,C+,26,1,PI,"Revenaugh,Justin",Professor,justinr
1265,Sum 2026,UMNTC,UMNTC,ESCI,1001,101,Earth and Its Environments,C-,26,1,PI,"Revenaugh,Justin",Professor,justinr
1265,Sum 2026,UMNTC,UMNTC,ESCI,1001,101,Earth and Its Environments,S,26,3,PI,"Revenaugh,Justin",Professor,justinr
1265,Sum 2026,UMNTC,UMNTC,ESCI,1001,101,Earth and Its Environments,W,26,4,PI,"Revenaugh,Justin",Professor,justinr
1265,Sum 2026,UMNTC,UMNTC,ESCI,1001,102,Earth and Its Environments,A,27,6,PI,"Revenaugh,Justin",Professor,justinr
1265,Sum 2026,UMNTC,UMNTC,ESCI,1001,102,Earth and Its Environments,A-,27,3,PI,"Revenaugh,Justin",Professor,justinr
1265,Sum 2026,UMNTC,UMNTC,ESCI,1001,102,Earth and Its Environments,B,27,1,PI,"Revenaugh,Justin",Professor,justinr
1265,Sum 2026,UMNTC,UMNTC,ESCI,1001,102,Earth and Its Environments,B+,27,3,PI,"Revenaugh,Justin",Professor,justinr
1265,Sum 2026,UMNTC,UMNTC,ESCI,1001,102,Earth and Its Environments,B-,27,1,PI,"Revenaugh,Justin",Professor,justinr
1265,Sum 2026,UMNTC,UMNTC,ESCI,1001,102,Earth and Its Environments,C,27,3,PI,"Revenaugh,Justin",Professor,justinr
1265,Sum 2026,UMNTC,UMNTC,ESCI,1001,102,Earth and Its Environments,C+,27,3,PI,"Revenaugh,Justin",Professor,justinr
1265,Sum 2026,UMNTC,UMNTC,ESCI,1001,102,Earth and Its Environments,C-,27,2,PI,"Revenaugh,Justin",Professor,justinr
1265,Sum 2026,UMNTC,UMNTC,ESCI,1001,102,Earth and Its Environments,S,27,3,PI,"Revenaugh,Justin",Professor,justinr
1265,Sum 2026,UMNTC,UMNTC,ESCI,1001,102,Earth and Its Environments,W,27,2,PI,"Revenaugh,Justin",Professor,justinr
1265,Sum 2026,UMNTC,UMNTC,ESCI,1101,001,Introduction to Geology,A,41,20,PI,"Revenaugh,Justin",Professor,justinr
1265,Sum 2026,UMNTC,UMNTC,ESCI,1101,001,Introduction to Geology,A-,41,6,PI,"Revenaugh,Justin",Professor,justinr
1265,Sum 2026,UMNTC,UMNTC,ESCI,1101,001,Introduction to Geology,B,41,5,PI,"Revenaugh,Justin",Professor,justinr
1265,Sum 2026,UMNTC,UMNTC,ESCI,1101,001,Introduction to Geology,B+,41,3,PI,"Revenaugh,Justin",Professor,justinr
1265,Sum 2026,UMNTC,UMNTC,ESCI,1101,001,Introduction to Geology,C,41,2,PI,"Revenaugh,Justin",Professor,justinr
1265,Sum 2026,UMNTC,UMNTC,ESCI,1101,001,Introduction to Geology,C+,41,1,PI,"Revenaugh,Justin",Professor,justinr
1265,Sum 2026,UMNTC,UMNTC,ESCI,1101,001,Introduction to Geology,F,41,2,PI,"Revenaugh,Justin",Professor,justinr
1265,Sum 2026,UMNTC,UMNTC,ESCI,1101,001,Introduction to Geology,W,41,2,PI,"Revenaugh,Justin",Professor,justinr
1265,Sum 2026,UMNTC,UMNTC,ESCI,3911,001,Intro Field Geology,A,25,1,PI,"Fayon,Annia",Lecturer,fayon001
1265,Sum 2026,UMNTC,UMNTC,ESCI,3911,001,Intro Field Geology,A-,25,7,PI,"Fayon,Annia",Lecturer,fayon001
1265,Sum 2026,UMNTC,UMNTC,ESCI,3911,001,Intro Field Geology,B,25,3,PI,"Fayon,Annia",Lecturer,fayon001
1265,Sum 2026,UMNTC,UMNTC,ESCI,3911,001,Intro Field Geology,B+,25,9,PI,"Fayon,Annia",Lecturer,fayon001
1265,Sum 2026,UMNTC,UMNTC,ESCI,3911,001,Intro Field Geology,B-,25,4,PI,"Fayon,Annia",Lecturer,fayon001
1265,Sum 2026,UMNTC,UMNTC,ESCI,3911,001,Intro Field Geology,W,25,1,PI,"Fayon,Annia",Lecturer,fayon001
1265,Sum 2026,UMNTC,UMNTC,ESCI,4971W,001,Field Hydrogeology,A,16,3,PI,"Daniels,William Carl",Teaching Assistant Professor,dani0357
1265,Sum 2026,UMNTC,UMNTC,ESCI,4971W,001,Field Hydrogeology,A-,16,4,PI,"Daniels,William Carl",Teaching Assistant Professor,dani0357
1265,Sum 2026,UMNTC,UMNTC,ESCI,4971W,001,Field Hydrogeology,B,16,6,PI,"Daniels,William Carl",Teaching Assistant Professor,dani0357
1265,Sum 2026,UMNTC,UMNTC,ESCI,4971W,001,Field Hydrogeology,B+,16,3,PI,"Daniels,William Carl",Teaching Assistant Professor,dani0357
1265,Sum 2026,UMNDL,UMNDL,EXSC,4700,001,"Statistics, Methods in Ex Sci",A,13,10,PI,"Hartman,Mark Edward",Assistant Professor,hartm373
1265,Sum 2026,UMNDL,UMNDL,EXSC,4700,001,"Statistics, Methods in Ex Sci",A-,13,1,PI,"Hartman,Mark Edward",Assistant Professor,hartm373
1265,Sum 2026,UMNDL,UMNDL,EXSC,4700,001,"Statistics, Methods in Ex Sci",B+,13,1,PI,"Hartman,Mark Edward",Assistant Professor,hartm373
1265,Sum 2026,UMNDL,UMNDL,EXSC,4700,001,"Statistics, Methods in Ex Sci",B-,13,1,PI,"Hartman,Mark Edward",Assistant Professor,hartm373
1265,Sum 2026,UMNCR,UMNCR,FIN,3100,E90,Managerial Finance,A,28,13,PI,"Bowen,Kara",Senior Lecturer,klbowen
1265,Sum 2026,UMNCR,UMNCR,FIN,3100,E90,Managerial Finance,A-,28,5,PI,"Bowen,Kara",Senior Lecturer,klbowen
1265,Sum 2026,UMNCR,UMNCR,FIN,3100,E90,Managerial Finance,B,28,3,PI,"Bowen,Kara",Senior Lecturer,klbowen
1265,Sum 2026,UMNCR,UMNCR,FIN,3100,E90,Managerial Finance,B-,28,3,PI,"Bowen,Kara",Senior Lecturer,klbowen
1265,Sum 2026,UMNCR,UMNCR,FIN,3100,E90,Managerial Finance,C,28,1,PI,"Bowen,Kara",Senior Lecturer,klbowen
1265,Sum 2026,UMNCR,UMNCR,FIN,3100,E90,Managerial Finance,C+,28,1,PI,"Bowen,Kara",Senior Lecturer,klbowen
1265,Sum 2026,UMNCR,UMNCR,FIN,3100,E90,Managerial Finance,C-,28,1,PI,"Bowen,Kara",Senior Lecturer,klbowen
1265,Sum 2026,UMNCR,UMNCR,FIN,3100,E90,Managerial Finance,D,28,1,PI,"Bowen,Kara",Senior Lecturer,klbowen
1265,Sum 2026,UMNDL,UMNDL,FIN,3601,001,Corporate Finance,A,20,5,PI,"Huang,Wei",Assistant Professor,whuang6
1265,Sum 2026,UMNDL,UMNDL,FIN,3601,001,Corporate Finance,A-,20,2,PI,"Huang,Wei",Assistant Professor,whuang6
1265,Sum 2026,UMNDL,UMNDL,FIN,3601,001,Corporate Finance,B,20,5,PI,"Huang,Wei",Assistant Professor,whuang6
1265,Sum 2026,UMNDL,UMNDL,FIN,3601,001,Corporate Finance,B+,20,1,PI,"Huang,Wei",Assistant Professor,whuang6
1265,Sum 2026,UMNDL,UMNDL,FIN,3601,001,Corporate Finance,B-,20,1,PI,"Huang,Wei",Assistant Professor,whuang6
1265,Sum 2026,UMNDL,UMNDL,FIN,3601,001,Corporate Finance,C+,20,2,PI,"Huang,Wei",Assistant Professor,whuang6
1265,Sum 2026,UMNDL,UMNDL,FIN,3601,001,Corporate Finance,C-,20,1,PI,"Huang,Wei",Assistant Professor,whuang6
1265,Sum 2026,UMNDL,UMNDL,FIN,3601,001,Corporate Finance,D,20,1,PI,"Huang,Wei",Assistant Professor,whuang6
1265,Sum 2026,UMNDL,UMNDL,FIN,3601,001,Corporate Finance,D+,20,1,PI,"Huang,Wei",Assistant Professor,whuang6
1265,Sum 2026,UMNDL,UMNDL,FIN,3601,001,Corporate Finance,F,20,1,PI,"Huang,Wei",Assistant Professor,whuang6
1265,Sum 2026,UMNDL,UMNDL,FIN,3619,001,Analysis Financial Statements,A,19,5,PI,"Peterson,Timothy Jon",Instructor,tpeters2
1265,Sum 2026,UMNDL,UMNDL,FIN,3619,001,Analysis Financial Statements,A-,19,1,PI,"Peterson,Timothy Jon",Instructor,tpeters2
1265,Sum 2026,UMNDL,UMNDL,FIN,3619,001,Analysis Financial Statements,B,19,4,PI,"Peterson,Timothy Jon",Instructor,tpeters2
1265,Sum 2026,UMNDL,UMNDL,FIN,3619,001,Analysis Financial Statements,B+,19,2,PI,"Peterson,Timothy Jon",Instructor,tpeters2
1265,Sum 2026,UMNDL,UMNDL,FIN,3619,001,Analysis Financial Statements,B-,19,4,PI,"Peterson,Timothy Jon",Instructor,tpeters2
1265,Sum 2026,UMNDL,UMNDL,FIN,3619,001,Analysis Financial Statements,C,19,1,PI,"Peterson,Timothy Jon",Instructor,tpeters2
1265,Sum 2026,UMNDL,UMNDL,FIN,3619,001,Analysis Financial Statements,C-,19,1,PI,"Peterson,Timothy Jon",Instructor,tpeters2
1265,Sum 2026,UMNDL,UMNDL,FIN,3619,001,Analysis Financial Statements,F,19,1,PI,"Peterson,Timothy Jon",Instructor,tpeters2
1265,Sum 2026,UMNDL,UMNDL,FIN,3644,001,Investment Fundamentals,A,27,4,PI,"Stan,Raluca",Associate Professor,rstan
1265,Sum 2026,UMNDL,UMNDL,FIN,3644,001,Investment Fundamentals,A-,27,5,PI,"Stan,Raluca",Associate Professor,rstan
1265,Sum 2026,UMNDL,UMNDL,FIN,3644,001,Investment Fundamentals,B,27,3,PI,"Stan,Raluca",Associate Professor,rstan
1265,Sum 2026,UMNDL,UMNDL,FIN,3644,001,Investment Fundamentals,B+,27,7,PI,"Stan,Raluca",Associate Professor,rstan
1265,Sum 2026,UMNDL,UMNDL,FIN,3644,001,Investment Fundamentals,B-,27,1,PI,"Stan,Raluca",Associate Professor,rstan
1265,Sum 2026,UMNDL,UMNDL,FIN,3644,001,Investment Fundamentals,C,27,2,PI,"Stan,Raluca",Associate Professor,rstan
1265,Sum 2026,UMNDL,UMNDL,FIN,3644,001,Investment Fundamentals,C+,27,1,PI,"Stan,Raluca",Associate Professor,rstan
1265,Sum 2026,UMNDL,UMNDL,FIN,3644,001,Investment Fundamentals,C-,27,2,PI,"Stan,Raluca",Associate Professor,rstan
1265,Sum 2026,UMNDL,UMNDL,FIN,3644,001,Investment Fundamentals,D,27,1,PI,"Stan,Raluca",Associate Professor,rstan
1265,Sum 2026,UMNDL,UMNDL,FIN,3644,001,Investment Fundamentals,W,27,1,PI,"Stan,Raluca",Associate Professor,rstan
1265,Sum 2026,UMNDL,UMNDL,FIN,3697,001,Finance Internship,A,20,14,PI,"Kitson,Marte Christofa Thabes",SS Pro 5,mkitson
1265,Sum 2026,UMNDL,UMNDL,FIN,3697,001,Finance Internship,A-,20,1,PI,"Kitson,Marte Christofa Thabes",SS Pro 5,mkitson
1265,Sum 2026,UMNDL,UMNDL,FIN,3697,001,Finance Internship,B,20,3,PI,"Kitson,Marte Christofa Thabes",SS Pro 5,mkitson
1265,Sum 2026,UMNDL,UMNDL,FIN,3697,001,Finance Internship,B+,20,1,PI,"Kitson,Marte Christofa Thabes",SS Pro 5,mkitson
1265,Sum 2026,UMNDL,UMNDL,FIN,3697,001,Finance Internship,D,20,1,PI,"Kitson,Marte Christofa Thabes",SS Pro 5,mkitson
1265,Sum 2026,UMNTC,UMNTC,FINA,3001,001,Finance Fundamentals,A,73,36,PI,"Webb,Stuart",Senior Lecturer,swebb
1265,Sum 2026,UMNTC,UMNTC,FINA,3001,001,Finance Fundamentals,A-,73,19,PI,"Webb,Stuart",Senior Lecturer,swebb
1265,Sum 2026,UMNTC,UMNTC,FINA,3001,001,Finance Fundamentals,B,73,2,PI,"Webb,Stuart",Senior Lecturer,swebb
1265,Sum 2026,UMNTC,UMNTC,FINA,3001,001,Finance Fundamentals,B+,73,11,PI,"Webb,Stuart",Senior Lecturer,swebb
1265,Sum 2026,UMNTC,UMNTC,FINA,3001,001,Finance Fundamentals,B-,73,3,PI,"Webb,Stuart",Senior Lecturer,swebb
1265,Sum 2026,UMNTC,UMNTC,FINA,3001,001,Finance Fundamentals,F,73,1,PI,"Webb,Stuart",Senior Lecturer,swebb
1265,Sum 2026,UMNTC,UMNTC,FINA,3001,001,Finance Fundamentals,W,73,1,PI,"Webb,Stuart",Senior Lecturer,swebb
1265,Sum 2026,UMNTC,UMNTC,FINA,6322,070,Financial Modeling,A,33,10,PI,"Nantell,Timothy J",Senior Lecturer,tnantell
1265,Sum 2026,UMNTC,UMNTC,FINA,6322,070,Financial Modeling,A-,33,9,PI,"Nantell,Timothy J",Senior Lecturer,tnantell
1265,Sum 2026,UMNTC,UMNTC,FINA,6322,070,Financial Modeling,B,33,4,PI,"Nantell,Timothy J",Senior Lecturer,tnantell
1265,Sum 2026,UMNTC,UMNTC,FINA,6322,070,Financial Modeling,B+,33,6,PI,"Nantell,Timothy J",Senior Lecturer,tnantell
1265,Sum 2026,UMNTC,UMNTC,FINA,6322,070,Financial Modeling,B-,33,1,PI,"Nantell,Timothy J",Senior Lecturer,tnantell
1265,Sum 2026,UMNTC,UMNTC,FINA,6322,070,Financial Modeling,W,33,3,PI,"Nantell,Timothy J",Senior Lecturer,tnantell
1265,Sum 2026,UMNTC,UMNTC,FOST,1201,500,Study Abroad,A,18,12,PI,,,
1265,Sum 2026,UMNTC,UMNTC,FOST,1201,500,Study Abroad,A-,18,3,PI,,,
1265,Sum 2026,UMNTC,UMNTC,FOST,1201,500,Study Abroad,B,18,2,PI,,,
1265,Sum 2026,UMNTC,UMNTC,FOST,1201,500,Study Abroad,F,18,1,PI,,,
1265,Sum 2026,UMNTC,UMNTC,FOST,3201,500,Study Abroad,A,237,147,PI,,,
1265,Sum 2026,UMNTC,UMNTC,FOST,3201,500,Study Abroad,A-,237,40,PI,,,
1265,Sum 2026,UMNTC,UMNTC,FOST,3201,500,Study Abroad,B,237,12,PI,,,
1265,Sum 2026,UMNTC,UMNTC,FOST,3201,500,Study Abroad,B+,237,31,PI,,,
1265,Sum 2026,UMNTC,UMNTC,FOST,3201,500,Study Abroad,B-,237,2,PI,,,
1265,Sum 2026,UMNTC,UMNTC,FOST,3201,500,Study Abroad,C,237,1,PI,,,
1265,Sum 2026,UMNTC,UMNTC,FOST,3201,500,Study Abroad,C+,237,3,PI,,,
1265,Sum 2026,UMNTC,UMNTC,FOST,3201,500,Study Abroad,C-,237,1,PI,,,
1265,Sum 2026,UMNTC,UMNTC,FOST,3202,500,Study Abroad,A,87,56,PI,,,
1265,Sum 2026,UMNTC,UMNTC,FOST,3202,500,Study Abroad,A-,87,18,PI,,,
1265,Sum 2026,UMNTC,UMNTC,FOST,3202,500,Study Abroad,B,87,4,PI,,,
1265,Sum 2026,UMNTC,UMNTC,FOST,3202,500,Study Abroad,B+,87,6,PI,,,
1265,Sum 2026,UMNTC,UMNTC,FOST,3202,500,Study Abroad,B-,87,1,PI,,,
1265,Sum 2026,UMNTC,UMNTC,FOST,3202,500,Study Abroad,C+,87,1,PI,,,
1265,Sum 2026,UMNTC,UMNTC,FOST,3202,500,Study Abroad,D+,87,1,PI,,,
1265,Sum 2026,UMNTC,UMNTC,FOST,3203,500,Study Abroad,A,24,18,PI,,,
1265,Sum 2026,UMNTC,UMNTC,FOST,3203,500,Study Abroad,A-,24,5,PI,,,
1265,Sum 2026,UMNTC,UMNTC,FOST,3203,500,Study Abroad,B+,24,1,PI,,,
1265,Sum 2026,UMNTC,UMNTC,FOST,3332,500,Global Identity,A,23,16,PI,"Anderson,Christine Leona",Ed Pro 6-Ed Prog Dev & Implmt,ander590
1265,Sum 2026,UMNTC,UMNTC,FOST,3332,500,Global Identity,A-,23,1,PI,"Anderson,Christine Leona",Ed Pro 6-Ed Prog Dev & Implmt,ander590
1265,Sum 2026,UMNTC,UMNTC,FOST,3332,500,Global Identity,B,23,1,PI,"Anderson,Christine Leona",Ed Pro 6-Ed Prog Dev & Implmt,ander590
1265,Sum 2026,UMNTC,UMNTC,FOST,3332,500,Global Identity,B+,23,1,PI,"Anderson,Christine Leona",Ed Pro 6-Ed Prog Dev & Implmt,ander590
1265,Sum 2026,UMNTC,UMNTC,FOST,3332,500,Global Identity,C,23,1,PI,"Anderson,Christine Leona",Ed Pro 6-Ed Prog Dev & Implmt,ander590
1265,Sum 2026,UMNTC,UMNTC,FOST,3332,500,Global Identity,F,23,2,PI,"Anderson,Christine Leona",Ed Pro 6-Ed Prog Dev & Implmt,ander590
1265,Sum 2026,UMNTC,UMNTC,FOST,3332,500,Global Identity,W,23,1,PI,"Anderson,Christine Leona",Ed Pro 6-Ed Prog Dev & Implmt,ander590
1265,Sum 2026,UMNTC,UMNTC,FREN,1003,001,Intermediate French I,A,12,3,PI,"Calas,Marina",Senior Lecturer,mcalas
1265,Sum 2026,UMNTC,UMNTC,FREN,1003,001,Intermediate French I,A-,12,1,PI,"Calas,Marina",Senior Lecturer,mcalas
1265,Sum 2026,UMNTC,UMNTC,FREN,1003,001,Intermediate French I,B,12,2,PI,"Calas,Marina",Senior Lecturer,mcalas
1265,Sum 2026,UMNTC,UMNTC,FREN,1003,001,Intermediate French I,B+,12,1,PI,"Calas,Marina",Senior Lecturer,mcalas
1265,Sum 2026,UMNTC,UMNTC,FREN,1003,001,Intermediate French I,C+,12,2,PI,"Calas,Marina",Senior Lecturer,mcalas
1265,Sum 2026,UMNTC,UMNTC,FREN,1003,001,Intermediate French I,F,12,2,PI,"Calas,Marina",Senior Lecturer,mcalas
1265,Sum 2026,UMNTC,UMNTC,FREN,1003,001,Intermediate French I,S,12,1,PI,"Calas,Marina",Senior Lecturer,mcalas
1265,Sum 2026,UMNTC,UMNTC,FREN,1004,001,Intermediate French II,A,24,3,PI,"Dupuis,Chimene",,
1265,Sum 2026,UMNTC,UMNTC,FREN,1004,001,Intermediate French II,A-,24,3,PI,"Dupuis,Chimene",,
1265,Sum 2026,UMNTC,UMNTC,FREN,1004,001,Intermediate French II,B,24,2,PI,"Dupuis,Chimene",,
1265,Sum 2026,UMNTC,UMNTC,FREN,1004,001,Intermediate French II,B+,24,3,PI,"Dupuis,Chimene",,
1265,Sum 2026,UMNTC,UMNTC,FREN,1004,001,Intermediate French II,B-,24,3,PI,"Dupuis,Chimene",,
1265,Sum 2026,UMNTC,UMNTC,FREN,1004,001,Intermediate French II,C,24,2,PI,"Dupuis,Chimene",,
1265,Sum 2026,UMNTC,UMNTC,FREN,1004,001,Intermediate French II,C+,24,3,PI,"Dupuis,Chimene",,
1265,Sum 2026,UMNTC,UMNTC,FREN,1004,001,Intermediate French II,D,24,1,PI,"Dupuis,Chimene",,
1265,Sum 2026,UMNTC,UMNTC,FREN,1004,001,Intermediate French II,F,24,2,PI,"Dupuis,Chimene",,
1265,Sum 2026,UMNTC,UMNTC,FREN,1004,001,Intermediate French II,S,24,2,PI,"Dupuis,Chimene",,
1265,Sum 2026,UMNTC,UMNTC,FREN,3721,500,French Culture and Cuisine,A,10,8,PI,"Whitaker,Trina",Senior Teaching Specialist,whita006
1265,Sum 2026,UMNTC,UMNTC,FREN,3721,500,French Culture and Cuisine,B+,10,1,PI,"Whitaker,Trina",Senior Teaching Specialist,whita006
1265,Sum 2026,UMNTC,UMNTC,FREN,3721,500,French Culture and Cuisine,C-,10,1,PI,"Whitaker,Trina",Senior Teaching Specialist,whita006
1265,Sum 2026,UMNTC,UMNTC,FSCN,1112,002,Principles of Nutrition,A,44,24,PI,"Marion,Corrie Lynn",Ed Pro 6-Ed Ops/Admin,cmarion
1265,Sum 2026,UMNTC,UMNTC,FSCN,1112,002,Principles of Nutrition,A-,44,5,PI,"Marion,Corrie Lynn",Ed Pro 6-Ed Ops/Admin,cmarion
1265,Sum 2026,UMNTC,UMNTC,FSCN,1112,002,Principles of Nutrition,B,44,4,PI,"Marion,Corrie Lynn",Ed Pro 6-Ed Ops/Admin,cmarion
1265,Sum 2026,UMNTC,UMNTC,FSCN,1112,002,Principles of Nutrition,B+,44,1,PI,"Marion,Corrie Lynn",Ed Pro 6-Ed Ops/Admin,cmarion
1265,Sum 2026,UMNTC,UMNTC,FSCN,1112,002,Principles of Nutrition,B-,44,2,PI,"Marion,Corrie Lynn",Ed Pro 6-Ed Ops/Admin,cmarion
1265,Sum 2026,UMNTC,UMNTC,FSCN,1112,002,Principles of Nutrition,C,44,1,PI,"Marion,Corrie Lynn",Ed Pro 6-Ed Ops/Admin,cmarion
1265,Sum 2026,UMNTC,UMNTC,FSCN,1112,002,Principles of Nutrition,C+,44,2,PI,"Marion,Corrie Lynn",Ed Pro 6-Ed Ops/Admin,cmarion
1265,Sum 2026,UMNTC,UMNTC,FSCN,1112,002,Principles of Nutrition,F,44,4,PI,"Marion,Corrie Lynn",Ed Pro 6-Ed Ops/Admin,cmarion
1265,Sum 2026,UMNTC,UMNTC,FSCN,1112,002,Principles of Nutrition,W,44,1,PI,"Marion,Corrie Lynn",Ed Pro 6-Ed Ops/Admin,cmarion
1265,Sum 2026,UMNTC,UMNTC,FSOS,1201,001,Human Develop Fam: Lifespan,A,47,8,PI,"Arnold,Greyson Alexander Lee",,
1265,Sum 2026,UMNTC,UMNTC,FSOS,1201,001,Human Develop Fam: Lifespan,A-,47,10,PI,"Arnold,Greyson Alexander Lee",,
1265,Sum 2026,UMNTC,UMNTC,FSOS,1201,001,Human Develop Fam: Lifespan,B,47,6,PI,"Arnold,Greyson Alexander Lee",,
1265,Sum 2026,UMNTC,UMNTC,FSOS,1201,001,Human Develop Fam: Lifespan,B+,47,7,PI,"Arnold,Greyson Alexander Lee",,
1265,Sum 2026,UMNTC,UMNTC,FSOS,1201,001,Human Develop Fam: Lifespan,B-,47,3,PI,"Arnold,Greyson Alexander Lee",,
1265,Sum 2026,UMNTC,UMNTC,FSOS,1201,001,Human Develop Fam: Lifespan,C,47,1,PI,"Arnold,Greyson Alexander Lee",,
1265,Sum 2026,UMNTC,UMNTC,FSOS,1201,001,Human Develop Fam: Lifespan,C+,47,1,PI,"Arnold,Greyson Alexander Lee",,
1265,Sum 2026,UMNTC,UMNTC,FSOS,1201,001,Human Develop Fam: Lifespan,C-,47,2,PI,"Arnold,Greyson Alexander Lee",,
1265,Sum 2026,UMNTC,UMNTC,FSOS,1201,001,Human Develop Fam: Lifespan,D,47,1,PI,"Arnold,Greyson Alexander Lee",,
1265,Sum 2026,UMNTC,UMNTC,FSOS,1201,001,Human Develop Fam: Lifespan,F,47,6,PI,"Arnold,Greyson Alexander Lee",,
1265,Sum 2026,UMNTC,UMNTC,FSOS,1201,001,Human Develop Fam: Lifespan,W,47,2,PI,"Arnold,Greyson Alexander Lee",,
1265,Sum 2026,UMNTC,UMNTC,FSOS,1301,001,Cash or Credit:You Need toKnow,A,12,6,PI,"Yu,Hanna",,
1265,Sum 2026,UMNTC,UMNTC,FSOS,1301,001,Cash or Credit:You Need toKnow,A-,12,3,PI,"Yu,Hanna",,
1265,Sum 2026,UMNTC,UMNTC,FSOS,1301,001,Cash or Credit:You Need toKnow,B-,12,1,PI,"Yu,Hanna",,
1265,Sum 2026,UMNTC,UMNTC,FSOS,1301,001,Cash or Credit:You Need toKnow,C+,12,1,PI,"Yu,Hanna",,
1265,Sum 2026,UMNTC,UMNTC,FSOS,1301,001,Cash or Credit:You Need toKnow,W,12,1,PI,"Yu,Hanna",,
1265,Sum 2026,UMNTC,UMNTC,FSOS,3426,001,AlcohDrugs: FamCult,A,24,8,PI,"Xu,Yubo",,
1265,Sum 2026,UMNTC,UMNTC,FSOS,3426,001,AlcohDrugs: FamCult,A-,24,4,PI,"Xu,Yubo",,
1265,Sum 2026,UMNTC,UMNTC,FSOS,3426,001,AlcohDrugs: FamCult,B,24,1,PI,"Xu,Yubo",,
1265,Sum 2026,UMNTC,UMNTC,FSOS,3426,001,AlcohDrugs: FamCult,B+,24,3,PI,"Xu,Yubo",,
1265,Sum 2026,UMNTC,UMNTC,FSOS,3426,001,AlcohDrugs: FamCult,B-,24,1,PI,"Xu,Yubo",,
1265,Sum 2026,UMNTC,UMNTC,FSOS,3426,001,AlcohDrugs: FamCult,C-,24,1,PI,"Xu,Yubo",,
1265,Sum 2026,UMNTC,UMNTC,FSOS,3426,001,AlcohDrugs: FamCult,D,24,1,PI,"Xu,Yubo",,
1265,Sum 2026,UMNTC,UMNTC,FSOS,3426,001,AlcohDrugs: FamCult,F,24,3,PI,"Xu,Yubo",,
1265,Sum 2026,UMNTC,UMNTC,FSOS,3426,001,AlcohDrugs: FamCult,S,24,2,PI,"Xu,Yubo",,
1265,Sum 2026,UMNTC,UMNTC,FSOS,5150,002,Special Topics,A,13,9,PI,"Curtis,Michael Gerald",Assistant Professor,curtism
1265,Sum 2026,UMNTC,UMNTC,FSOS,5150,002,Special Topics,A-,13,3,PI,"Curtis,Michael Gerald",Assistant Professor,curtism
1265,Sum 2026,UMNTC,UMNTC,FSOS,5150,002,Special Topics,B+,13,1,PI,"Curtis,Michael Gerald",Assistant Professor,curtism
1265,Sum 2026,UMNTC,UMNTC,FSOS,5150,003,Special Topics,A,16,15,PI,"Klinefelter,Angela Anne",Teaching Specialist,klin0265
1265,Sum 2026,UMNTC,UMNTC,FSOS,5150,003,Special Topics,B+,16,1,PI,"Klinefelter,Angela Anne",Teaching Specialist,klin0265
1265,Sum 2026,UMNCR,UMNCR,GBUS,1005,E90,Orientation to Online Learning,A,30,16,PI,"Bergman,Courtney M",Lecturer,cbergman
1265,Sum 2026,UMNCR,UMNCR,GBUS,1005,E90,Orientation to Online Learning,A-,30,2,PI,"Bergman,Courtney M",Lecturer,cbergman
1265,Sum 2026,UMNCR,UMNCR,GBUS,1005,E90,Orientation to Online Learning,B,30,1,PI,"Bergman,Courtney M",Lecturer,cbergman
1265,Sum 2026,UMNCR,UMNCR,GBUS,1005,E90,Orientation to Online Learning,B+,30,1,PI,"Bergman,Courtney M",Lecturer,cbergman
1265,Sum 2026,UMNCR,UMNCR,GBUS,1005,E90,Orientation to Online Learning,B-,30,2,PI,"Bergman,Courtney M",Lecturer,cbergman
1265,Sum 2026,UMNCR,UMNCR,GBUS,1005,E90,Orientation to Online Learning,C+,30,3,PI,"Bergman,Courtney M",Lecturer,cbergman
1265,Sum 2026,UMNCR,UMNCR,GBUS,1005,E90,Orientation to Online Learning,D+,30,1,PI,"Bergman,Courtney M",Lecturer,cbergman
1265,Sum 2026,UMNCR,UMNCR,GBUS,1005,E90,Orientation to Online Learning,F,30,3,PI,"Bergman,Courtney M",Lecturer,cbergman
1265,Sum 2026,UMNCR,UMNCR,GBUS,1005,E90,Orientation to Online Learning,W,30,1,PI,"Bergman,Courtney M",Lecturer,cbergman
1265,Sum 2026,UMNCR,UMNCR,GBUS,1005,E91,Orientation to Online Learning,A,30,17,PI,"Bergman,Courtney M",Lecturer,cbergman
1265,Sum 2026,UMNCR,UMNCR,GBUS,1005,E91,Orientation to Online Learning,A-,30,2,PI,"Bergman,Courtney M",Lecturer,cbergman
1265,Sum 2026,UMNCR,UMNCR,GBUS,1005,E91,Orientation to Online Learning,B+,30,1,PI,"Bergman,Courtney M",Lecturer,cbergman
1265,Sum 2026,UMNCR,UMNCR,GBUS,1005,E91,Orientation to Online Learning,C-,30,1,PI,"Bergman,Courtney M",Lecturer,cbergman
1265,Sum 2026,UMNCR,UMNCR,GBUS,1005,E91,Orientation to Online Learning,D+,30,1,PI,"Bergman,Courtney M",Lecturer,cbergman
1265,Sum 2026,UMNCR,UMNCR,GBUS,1005,E91,Orientation to Online Learning,F,30,6,PI,"Bergman,Courtney M",Lecturer,cbergman
1265,Sum 2026,UMNCR,UMNCR,GBUS,1005,E91,Orientation to Online Learning,W,30,2,PI,"Bergman,Courtney M",Lecturer,cbergman
1265,Sum 2026,UMNCR,UMNCR,GBUS,1005,E92,Orientation to Online Learning,A,24,18,PI,"Kragness,Megan",Lecturer,krag0038
1265,Sum 2026,UMNCR,UMNCR,GBUS,1005,E92,Orientation to Online Learning,B,24,3,PI,"Kragness,Megan",Lecturer,krag0038
1265,Sum 2026,UMNCR,UMNCR,GBUS,1005,E92,Orientation to Online Learning,B+,24,1,PI,"Kragness,Megan",Lecturer,krag0038
1265,Sum 2026,UMNCR,UMNCR,GBUS,1005,E92,Orientation to Online Learning,C,24,1,PI,"Kragness,Megan",Lecturer,krag0038
1265,Sum 2026,UMNCR,UMNCR,GBUS,1005,E92,Orientation to Online Learning,F,24,1,PI,"Kragness,Megan",Lecturer,krag0038
1265,Sum 2026,UMNCR,UMNCR,GBUS,1005,E95,Orientation to Online Learning,A,29,21,PI,"Hinders,Julie",Associate Professor,jsmithhi
1265,Sum 2026,UMNCR,UMNCR,GBUS,1005,E95,Orientation to Online Learning,B-,29,2,PI,"Hinders,Julie",Associate Professor,jsmithhi
1265,Sum 2026,UMNCR,UMNCR,GBUS,1005,E95,Orientation to Online Learning,C-,29,1,PI,"Hinders,Julie",Associate Professor,jsmithhi
1265,Sum 2026,UMNCR,UMNCR,GBUS,1005,E95,Orientation to Online Learning,F,29,5,PI,"Hinders,Julie",Associate Professor,jsmithhi
1265,Sum 2026,UMNCR,UMNCR,GBUS,1005,E96,Orientation to Online Learning,A,12,6,PI,"Hinders,Julie",Associate Professor,jsmithhi
1265,Sum 2026,UMNCR,UMNCR,GBUS,1005,E96,Orientation to Online Learning,B,12,1,PI,"Hinders,Julie",Associate Professor,jsmithhi
1265,Sum 2026,UMNCR,UMNCR,GBUS,1005,E96,Orientation to Online Learning,D,12,2,PI,"Hinders,Julie",Associate Professor,jsmithhi
1265,Sum 2026,UMNCR,UMNCR,GBUS,1005,E96,Orientation to Online Learning,F,12,3,PI,"Hinders,Julie",Associate Professor,jsmithhi
1265,Sum 2026,UMNCR,UMNCR,GBUS,3100,E90,Career & Professional Develpmt,A,22,15,PI,"Bergman,Courtney M",Lecturer,cbergman
1265,Sum 2026,UMNCR,UMNCR,GBUS,3100,E90,Career & Professional Develpmt,A-,22,1,PI,"Bergman,Courtney M",Lecturer,cbergman
1265,Sum 2026,UMNCR,UMNCR,GBUS,3100,E90,Career & Professional Develpmt,B,22,1,PI,"Bergman,Courtney M",Lecturer,cbergman
1265,Sum 2026,UMNCR,UMNCR,GBUS,3100,E90,Career & Professional Develpmt,B+,22,2,PI,"Bergman,Courtney M",Lecturer,cbergman
1265,Sum 2026,UMNCR,UMNCR,GBUS,3100,E90,Career & Professional Develpmt,C,22,1,PI,"Bergman,Courtney M",Lecturer,cbergman
1265,Sum 2026,UMNCR,UMNCR,GBUS,3100,E90,Career & Professional Develpmt,C+,22,1,PI,"Bergman,Courtney M",Lecturer,cbergman
1265,Sum 2026,UMNCR,UMNCR,GBUS,3100,E90,Career & Professional Develpmt,F,22,1,PI,"Bergman,Courtney M",Lecturer,cbergman
1265,Sum 2026,UMNCR,UMNCR,GBUS,3107,E90,Legal Environment in Business,A,30,9,PI,"Roter,Annette B",Assistant Professor,aroter
1265,Sum 2026,UMNCR,UMNCR,GBUS,3107,E90,Legal Environment in Business,A-,30,7,PI,"Roter,Annette B",Assistant Professor,aroter
1265,Sum 2026,UMNCR,UMNCR,GBUS,3107,E90,Legal Environment in Business,B,30,1,PI,"Roter,Annette B",Assistant Professor,aroter
1265,Sum 2026,UMNCR,UMNCR,GBUS,3107,E90,Legal Environment in Business,B+,30,3,PI,"Roter,Annette B",Assistant Professor,aroter
1265,Sum 2026,UMNCR,UMNCR,GBUS,3107,E90,Legal Environment in Business,B-,30,1,PI,"Roter,Annette B",Assistant Professor,aroter
1265,Sum 2026,UMNCR,UMNCR,GBUS,3107,E90,Legal Environment in Business,C,30,1,PI,"Roter,Annette B",Assistant Professor,aroter
1265,Sum 2026,UMNCR,UMNCR,GBUS,3107,E90,Legal Environment in Business,C+,30,1,PI,"Roter,Annette B",Assistant Professor,aroter
1265,Sum 2026,UMNCR,UMNCR,GBUS,3107,E90,Legal Environment in Business,C-,30,2,PI,"Roter,Annette B",Assistant Professor,aroter
1265,Sum 2026,UMNCR,UMNCR,GBUS,3107,E90,Legal Environment in Business,F,30,4,PI,"Roter,Annette B",Assistant Professor,aroter
1265,Sum 2026,UMNCR,UMNCR,GBUS,3107,E90,Legal Environment in Business,W,30,1,PI,"Roter,Annette B",Assistant Professor,aroter
1265,Sum 2026,UMNCR,UMNCR,GBUS,3500,E90,Business Ethics,A,24,11,PI,"Myers,Ken W",Associate Professor,kmyers
1265,Sum 2026,UMNCR,UMNCR,GBUS,3500,E90,Business Ethics,A-,24,2,PI,"Myers,Ken W",Associate Professor,kmyers
1265,Sum 2026,UMNCR,UMNCR,GBUS,3500,E90,Business Ethics,B,24,3,PI,"Myers,Ken W",Associate Professor,kmyers
1265,Sum 2026,UMNCR,UMNCR,GBUS,3500,E90,Business Ethics,B+,24,1,PI,"Myers,Ken W",Associate Professor,kmyers
1265,Sum 2026,UMNCR,UMNCR,GBUS,3500,E90,Business Ethics,B-,24,1,PI,"Myers,Ken W",Associate Professor,kmyers
1265,Sum 2026,UMNCR,UMNCR,GBUS,3500,E90,Business Ethics,C,24,1,PI,"Myers,Ken W",Associate Professor,kmyers
1265,Sum 2026,UMNCR,UMNCR,GBUS,3500,E90,Business Ethics,D+,24,1,PI,"Myers,Ken W",Associate Professor,kmyers
1265,Sum 2026,UMNCR,UMNCR,GBUS,3500,E90,Business Ethics,F,24,2,PI,"Myers,Ken W",Associate Professor,kmyers
1265,Sum 2026,UMNCR,UMNCR,GBUS,3500,E90,Business Ethics,W,24,2,PI,"Myers,Ken W",Associate Professor,kmyers
1265,Sum 2026,UMNTC,UMNTC,GCD,3022,090,Genetics,A,75,20,PI,"Kikyo,Nobuaki J",Associate Professor,kikyo001
1265,Sum 2026,UMNTC,UMNTC,GCD,3022,090,Genetics,A-,75,16,PI,"Kikyo,Nobuaki J",Associate Professor,kikyo001
1265,Sum 2026,UMNTC,UMNTC,GCD,3022,090,Genetics,B,75,8,PI,"Kikyo,Nobuaki J",Associate Professor,kikyo001
1265,Sum 2026,UMNTC,UMNTC,GCD,3022,090,Genetics,B+,75,4,PI,"Kikyo,Nobuaki J",Associate Professor,kikyo001
1265,Sum 2026,UMNTC,UMNTC,GCD,3022,090,Genetics,B-,75,3,PI,"Kikyo,Nobuaki J",Associate Professor,kikyo001
1265,Sum 2026,UMNTC,UMNTC,GCD,3022,090,Genetics,C,75,10,PI,"Kikyo,Nobuaki J",Associate Professor,kikyo001
1265,Sum 2026,UMNTC,UMNTC,GCD,3022,090,Genetics,C+,75,6,PI,"Kikyo,Nobuaki J",Associate Professor,kikyo001
1265,Sum 2026,UMNTC,UMNTC,GCD,3022,090,Genetics,C-,75,2,PI,"Kikyo,Nobuaki J",Associate Professor,kikyo001
1265,Sum 2026,UMNTC,UMNTC,GCD,3022,090,Genetics,D,75,2,PI,"Kikyo,Nobuaki J",Associate Professor,kikyo001
1265,Sum 2026,UMNTC,UMNTC,GCD,3022,090,Genetics,F,75,4,PI,"Kikyo,Nobuaki J",Associate Professor,kikyo001
1265,Sum 2026,UMNTC,UMNTC,GCD,3485,001,Bioinformatic Analysis,A,15,5,PI,"Matthes,David J",Teaching Professor,dmatthes
1265,Sum 2026,UMNTC,UMNTC,GCD,3485,001,Bioinformatic Analysis,A-,15,3,PI,"Matthes,David J",Teaching Professor,dmatthes
1265,Sum 2026,UMNTC,UMNTC,GCD,3485,001,Bioinformatic Analysis,B,15,1,PI,"Matthes,David J",Teaching Professor,dmatthes
1265,Sum 2026,UMNTC,UMNTC,GCD,3485,001,Bioinformatic Analysis,B+,15,1,PI,"Matthes,David J",Teaching Professor,dmatthes
1265,Sum 2026,UMNTC,UMNTC,GCD,3485,001,Bioinformatic Analysis,C,15,1,PI,"Matthes,David J",Teaching Professor,dmatthes
1265,Sum 2026,UMNTC,UMNTC,GCD,3485,001,Bioinformatic Analysis,C+,15,1,PI,"Matthes,David J",Teaching Professor,dmatthes
1265,Sum 2026,UMNTC,UMNTC,GCD,3485,001,Bioinformatic Analysis,C-,15,2,PI,"Matthes,David J",Teaching Professor,dmatthes
1265,Sum 2026,UMNTC,UMNTC,GCD,3485,001,Bioinformatic Analysis,F,15,1,PI,"Matthes,David J",Teaching Professor,dmatthes
1265,Sum 2026,UMNDL,UMNDL,GEOG,1414,080,Physical Geography,A,15,11,PI,"Zhu,Tongxin",Professor,tzhu
1265,Sum 2026,UMNDL,UMNDL,GEOG,1414,080,Physical Geography,A-,15,3,PI,"Zhu,Tongxin",Professor,tzhu
1265,Sum 2026,UMNDL,UMNDL,GEOG,1414,080,Physical Geography,F,15,1,PI,"Zhu,Tongxin",Professor,tzhu
1265,Sum 2026,UMNTC,UMNTC,GEOG,1502,001,Mapping Our World,A,82,76,PI,"Narayanaraj PhD,Ganapathy",Lecturer,nara0030
1265,Sum 2026,UMNTC,UMNTC,GEOG,1502,001,Mapping Our World,A-,82,1,PI,"Narayanaraj PhD,Ganapathy",Lecturer,nara0030
1265,Sum 2026,UMNTC,UMNTC,GEOG,1502,001,Mapping Our World,B,82,1,PI,"Narayanaraj PhD,Ganapathy",Lecturer,nara0030
1265,Sum 2026,UMNTC,UMNTC,GEOG,1502,001,Mapping Our World,B+,82,2,PI,"Narayanaraj PhD,Ganapathy",Lecturer,nara0030
1265,Sum 2026,UMNTC,UMNTC,GEOG,1502,001,Mapping Our World,C+,82,1,PI,"Narayanaraj PhD,Ganapathy",Lecturer,nara0030
1265,Sum 2026,UMNTC,UMNTC,GEOG,1502,001,Mapping Our World,S,82,1,PI,"Narayanaraj PhD,Ganapathy",Lecturer,nara0030
1265,Sum 2026,UMNTC,UMNTC,GER,1004,001,Intermediate German,A,13,2,PI,"Hoptman,Ari E",Senior Lecturer,hoptm001
1265,Sum 2026,UMNTC,UMNTC,GER,1004,001,Intermediate German,A-,13,4,PI,"Hoptman,Ari E",Senior Lecturer,hoptm001
1265,Sum 2026,UMNTC,UMNTC,GER,1004,001,Intermediate German,B,13,2,PI,"Hoptman,Ari E",Senior Lecturer,hoptm001
1265,Sum 2026,UMNTC,UMNTC,GER,1004,001,Intermediate German,B+,13,1,PI,"Hoptman,Ari E",Senior Lecturer,hoptm001
1265,Sum 2026,UMNTC,UMNTC,GER,1004,001,Intermediate German,B-,13,2,PI,"Hoptman,Ari E",Senior Lecturer,hoptm001
1265,Sum 2026,UMNTC,UMNTC,GER,1004,001,Intermediate German,C,13,1,PI,"Hoptman,Ari E",Senior Lecturer,hoptm001
1265,Sum 2026,UMNTC,UMNTC,GER,1004,001,Intermediate German,S,13,1,PI,"Hoptman,Ari E",Senior Lecturer,hoptm001
1265,Sum 2026,UMNCR,UMNCR,GNAG,3900,002,Internship,A,29,17,PI,"Germano,Lily",Lecturer,lgermano
1265,Sum 2026,UMNCR,UMNCR,GNAG,3900,002,Internship,A-,29,2,PI,"Germano,Lily",Lecturer,lgermano
1265,Sum 2026,UMNCR,UMNCR,GNAG,3900,002,Internship,B,29,2,PI,"Germano,Lily",Lecturer,lgermano
1265,Sum 2026,UMNCR,UMNCR,GNAG,3900,002,Internship,B+,29,1,PI,"Germano,Lily",Lecturer,lgermano
1265,Sum 2026,UMNCR,UMNCR,GNAG,3900,002,Internship,B-,29,1,PI,"Germano,Lily",Lecturer,lgermano
1265,Sum 2026,UMNCR,UMNCR,GNAG,3900,002,Internship,C,29,1,PI,"Germano,Lily",Lecturer,lgermano
1265,Sum 2026,UMNCR,UMNCR,GNAG,3900,002,Internship,C+,29,1,PI,"Germano,Lily",Lecturer,lgermano
1265,Sum 2026,UMNCR,UMNCR,GNAG,3900,002,Internship,D,29,3,PI,"Germano,Lily",Lecturer,lgermano
1265,Sum 2026,UMNCR,UMNCR,GNAG,3900,002,Internship,D+,29,1,PI,"Germano,Lily",Lecturer,lgermano
1265,Sum 2026,UMNTC,UMNTC,GWSS,3003,001,Gender and Global Politics,A,19,14,PI,"Ghuloum,Leith Javadi",,
1265,Sum 2026,UMNTC,UMNTC,GWSS,3003,001,Gender and Global Politics,A-,19,3,PI,"Ghuloum,Leith Javadi",,
1265,Sum 2026,UMNTC,UMNTC,GWSS,3003,001,Gender and Global Politics,B,19,1,PI,"Ghuloum,Leith Javadi",,
1265,Sum 2026,UMNTC,UMNTC,GWSS,3003,001,Gender and Global Politics,C+,19,1,PI,"Ghuloum,Leith Javadi",,
1265,Sum 2026,UMNTC,UMNTC,GWSS,3203W,001,"Blood, Bodies, and Science",A,33,12,PI,"Gonzales,Pim",,
1265,Sum 2026,UMNTC,UMNTC,GWSS,3203W,001,"Blood, Bodies, and Science",A-,33,3,PI,"Gonzales,Pim",,
1265,Sum 2026,UMNTC,UMNTC,GWSS,3203W,001,"Blood, Bodies, and Science",B,33,4,PI,"Gonzales,Pim",,
1265,Sum 2026,UMNTC,UMNTC,GWSS,3203W,001,"Blood, Bodies, and Science",B+,33,4,PI,"Gonzales,Pim",,
1265,Sum 2026,UMNTC,UMNTC,GWSS,3203W,001,"Blood, Bodies, and Science",C,33,1,PI,"Gonzales,Pim",,
1265,Sum 2026,UMNTC,UMNTC,GWSS,3203W,001,"Blood, Bodies, and Science",C+,33,2,PI,"Gonzales,Pim",,
1265,Sum 2026,UMNTC,UMNTC,GWSS,3203W,001,"Blood, Bodies, and Science",D,33,1,PI,"Gonzales,Pim",,
1265,Sum 2026,UMNTC,UMNTC,GWSS,3203W,001,"Blood, Bodies, and Science",F,33,5,PI,"Gonzales,Pim",,
1265,Sum 2026,UMNTC,UMNTC,GWSS,3203W,001,"Blood, Bodies, and Science",W,33,1,PI,"Gonzales,Pim",,
1265,Sum 2026,UMNTC,UMNTC,GWSS,3203W,002,"Blood, Bodies, and Science",A,32,15,PI,"Kim,Gaeun",,
1265,Sum 2026,UMNTC,UMNTC,GWSS,3203W,002,"Blood, Bodies, and Science",A-,32,4,PI,"Kim,Gaeun",,
1265,Sum 2026,UMNTC,UMNTC,GWSS,3203W,002,"Blood, Bodies, and Science",B,32,2,PI,"Kim,Gaeun",,
1265,Sum 2026,UMNTC,UMNTC,GWSS,3203W,002,"Blood, Bodies, and Science",B+,32,4,PI,"Kim,Gaeun",,
1265,Sum 2026,UMNTC,UMNTC,GWSS,3203W,002,"Blood, Bodies, and Science",C+,32,2,PI,"Kim,Gaeun",,
1265,Sum 2026,UMNTC,UMNTC,GWSS,3203W,002,"Blood, Bodies, and Science",F,32,4,PI,"Kim,Gaeun",,
1265,Sum 2026,UMNTC,UMNTC,GWSS,3203W,002,"Blood, Bodies, and Science",W,32,1,PI,"Kim,Gaeun",,
1265,Sum 2026,UMNTC,UMNTC,GWSS,3302,001,Women and the Arts,A,27,19,PI,"Esposto,Isaac Northridge",,
1265,Sum 2026,UMNTC,UMNTC,GWSS,3302,001,Women and the Arts,B,27,1,PI,"Esposto,Isaac Northridge",,
1265,Sum 2026,UMNTC,UMNTC,GWSS,3302,001,Women and the Arts,C-,27,1,PI,"Esposto,Isaac Northridge",,
1265,Sum 2026,UMNTC,UMNTC,GWSS,3302,001,Women and the Arts,F,27,4,PI,"Esposto,Isaac Northridge",,
1265,Sum 2026,UMNTC,UMNTC,GWSS,3302,001,Women and the Arts,S,27,1,PI,"Esposto,Isaac Northridge",,
1265,Sum 2026,UMNTC,UMNTC,GWSS,3302,001,Women and the Arts,W,27,1,PI,"Esposto,Isaac Northridge",,
1265,Sum 2026,UMNTC,UMNTC,GWSS,3306,001,Pop Culture Women,A,15,13,PI,"Anoy,Tanveer Hossain",,
1265,Sum 2026,UMNTC,UMNTC,GWSS,3306,001,Pop Culture Women,A-,15,2,PI,"Anoy,Tanveer Hossain",,
1265,Sum 2026,UMNDL,UMNDL,HCM,2020,001,How Inequality Makes Us Sick,A,23,12,PI,"Schultz,Jennifer Feenstra",Professor,jschultz
1265,Sum 2026,UMNDL,UMNDL,HCM,2020,001,How Inequality Makes Us Sick,A-,23,1,PI,"Schultz,Jennifer Feenstra",Professor,jschultz
1265,Sum 2026,UMNDL,UMNDL,HCM,2020,001,How Inequality Makes Us Sick,B,23,1,PI,"Schultz,Jennifer Feenstra",Professor,jschultz
1265,Sum 2026,UMNDL,UMNDL,HCM,2020,001,How Inequality Makes Us Sick,B+,23,3,PI,"Schultz,Jennifer Feenstra",Professor,jschultz
1265,Sum 2026,UMNDL,UMNDL,HCM,2020,001,How Inequality Makes Us Sick,B-,23,2,PI,"Schultz,Jennifer Feenstra",Professor,jschultz
1265,Sum 2026,UMNDL,UMNDL,HCM,2020,001,How Inequality Makes Us Sick,F,23,3,PI,"Schultz,Jennifer Feenstra",Professor,jschultz
1265,Sum 2026,UMNDL,UMNDL,HCM,2020,001,How Inequality Makes Us Sick,W,23,1,PI,"Schultz,Jennifer Feenstra",Professor,jschultz
1265,Sum 2026,UMNMO,UMNMO,HIST,1111,098,Introduction to World History,A,15,3,PI,"Narvaez,Benjamin",Associate Professor,bnarvaez
1265,Sum 2026,UMNMO,UMNMO,HIST,1111,098,Introduction to World History,A-,15,2,PI,"Narvaez,Benjamin",Associate Professor,bnarvaez
1265,Sum 2026,UMNMO,UMNMO,HIST,1111,098,Introduction to World History,B,15,3,PI,"Narvaez,Benjamin",Associate Professor,bnarvaez
1265,Sum 2026,UMNMO,UMNMO,HIST,1111,098,Introduction to World History,B+,15,3,PI,"Narvaez,Benjamin",Associate Professor,bnarvaez
1265,Sum 2026,UMNMO,UMNMO,HIST,1111,098,Introduction to World History,B-,15,1,PI,"Narvaez,Benjamin",Associate Professor,bnarvaez
1265,Sum 2026,UMNMO,UMNMO,HIST,1111,098,Introduction to World History,C,15,2,PI,"Narvaez,Benjamin",Associate Professor,bnarvaez
1265,Sum 2026,UMNMO,UMNMO,HIST,1111,098,Introduction to World History,F,15,1,PI,"Narvaez,Benjamin",Associate Professor,bnarvaez
1265,Sum 2026,UMNDL,UMNDL,HIST,1304,001,US History Part I: 1607-1877,A,18,4,PI,"Mailer,Gideon Alexander",Professor,gamailer
1265,Sum 2026,UMNDL,UMNDL,HIST,1304,001,US History Part I: 1607-1877,A-,18,7,PI,"Mailer,Gideon Alexander",Professor,gamailer
1265,Sum 2026,UMNDL,UMNDL,HIST,1304,001,US History Part I: 1607-1877,B+,18,3,PI,"Mailer,Gideon Alexander",Professor,gamailer
1265,Sum 2026,UMNDL,UMNDL,HIST,1304,001,US History Part I: 1607-1877,C,18,2,PI,"Mailer,Gideon Alexander",Professor,gamailer
1265,Sum 2026,UMNDL,UMNDL,HIST,1304,001,US History Part I: 1607-1877,F,18,1,PI,"Mailer,Gideon Alexander",Professor,gamailer
1265,Sum 2026,UMNDL,UMNDL,HIST,1304,001,US History Part I: 1607-1877,W,18,1,PI,"Mailer,Gideon Alexander",Professor,gamailer
1265,Sum 2026,UMNTC,UMNTC,HIST,1811,001,The Sixties: History & Memory,A,18,10,PI,"Csr,Shankar",,
1265,Sum 2026,UMNTC,UMNTC,HIST,1811,001,The Sixties: History & Memory,A-,18,6,PI,"Csr,Shankar",,
1265,Sum 2026,UMNTC,UMNTC,HIST,1811,001,The Sixties: History & Memory,D,18,1,PI,"Csr,Shankar",,
1265,Sum 2026,UMNTC,UMNTC,HIST,1811,001,The Sixties: History & Memory,F,18,1,PI,"Csr,Shankar",,
1265,Sum 2026,UMNTC,UMNTC,HIST,1811,002,The Sixties: History & Memory,A,13,5,PI,"Kim,Yun Jung",,
1265,Sum 2026,UMNTC,UMNTC,HIST,1811,002,The Sixties: History & Memory,A-,13,2,PI,"Kim,Yun Jung",,
1265,Sum 2026,UMNTC,UMNTC,HIST,1811,002,The Sixties: History & Memory,B,13,1,PI,"Kim,Yun Jung",,
1265,Sum 2026,UMNTC,UMNTC,HIST,1811,002,The Sixties: History & Memory,B+,13,2,PI,"Kim,Yun Jung",,
1265,Sum 2026,UMNTC,UMNTC,HIST,1811,002,The Sixties: History & Memory,C,13,1,PI,"Kim,Yun Jung",,
1265,Sum 2026,UMNTC,UMNTC,HIST,1811,002,The Sixties: History & Memory,F,13,1,PI,"Kim,Yun Jung",,
1265,Sum 2026,UMNTC,UMNTC,HIST,1811,002,The Sixties: History & Memory,W,13,1,PI,"Kim,Yun Jung",,
1265,Sum 2026,UMNDL,UMNDL,HIST,3244,001,History of the Holocaust,A,21,11,PI,"Belsky,Natalie",Associate Professor,nbelsky
1265,Sum 2026,UMNDL,UMNDL,HIST,3244,001,History of the Holocaust,A-,21,2,PI,"Belsky,Natalie",Associate Professor,nbelsky
1265,Sum 2026,UMNDL,UMNDL,HIST,3244,001,History of the Holocaust,B,21,3,PI,"Belsky,Natalie",Associate Professor,nbelsky
1265,Sum 2026,UMNDL,UMNDL,HIST,3244,001,History of the Holocaust,B-,21,1,PI,"Belsky,Natalie",Associate Professor,nbelsky
1265,Sum 2026,UMNDL,UMNDL,HIST,3244,001,History of the Holocaust,C+,21,2,PI,"Belsky,Natalie",Associate Professor,nbelsky
1265,Sum 2026,UMNDL,UMNDL,HIST,3244,001,History of the Holocaust,F,21,1,PI,"Belsky,Natalie",Associate Professor,nbelsky
1265,Sum 2026,UMNDL,UMNDL,HIST,3244,001,History of the Holocaust,W,21,1,PI,"Belsky,Natalie",Associate Professor,nbelsky
1265,Sum 2026,UMNTC,UMNTC,HIST,3417W,002,Food in History,A,23,5,PI,"Barker,Kara",Teaching Specialist,barke252
1265,Sum 2026,UMNTC,UMNTC,HIST,3417W,002,Food in History,A-,23,3,PI,"Barker,Kara",Teaching Specialist,barke252
1265,Sum 2026,UMNTC,UMNTC,HIST,3417W,002,Food in History,B,23,5,PI,"Barker,Kara",Teaching Specialist,barke252
1265,Sum 2026,UMNTC,UMNTC,HIST,3417W,002,Food in History,B+,23,3,PI,"Barker,Kara",Teaching Specialist,barke252
1265,Sum 2026,UMNTC,UMNTC,HIST,3417W,002,Food in History,B-,23,1,PI,"Barker,Kara",Teaching Specialist,barke252
1265,Sum 2026,UMNTC,UMNTC,HIST,3417W,002,Food in History,C,23,2,PI,"Barker,Kara",Teaching Specialist,barke252
1265,Sum 2026,UMNTC,UMNTC,HIST,3417W,002,Food in History,C+,23,1,PI,"Barker,Kara",Teaching Specialist,barke252
1265,Sum 2026,UMNTC,UMNTC,HIST,3417W,002,Food in History,C-,23,1,PI,"Barker,Kara",Teaching Specialist,barke252
1265,Sum 2026,UMNTC,UMNTC,HIST,3417W,002,Food in History,S,23,1,PI,"Barker,Kara",Teaching Specialist,barke252
1265,Sum 2026,UMNTC,UMNTC,HIST,3417W,002,Food in History,W,23,1,PI,"Barker,Kara",Teaching Specialist,barke252
1265,Sum 2026,UMNTC,UMNTC,HIST,3417W,003,Food in History,A,18,5,PI,"Besser Fredrick,Ethan Cole",,
1265,Sum 2026,UMNTC,UMNTC,HIST,3417W,003,Food in History,B,18,3,PI,"Besser Fredrick,Ethan Cole",,
1265,Sum 2026,UMNTC,UMNTC,HIST,3417W,003,Food in History,B+,18,2,PI,"Besser Fredrick,Ethan Cole",,
1265,Sum 2026,UMNTC,UMNTC,HIST,3417W,003,Food in History,B-,18,1,PI,"Besser Fredrick,Ethan Cole",,
1265,Sum 2026,UMNTC,UMNTC,HIST,3417W,003,Food in History,C+,18,1,PI,"Besser Fredrick,Ethan Cole",,
1265,Sum 2026,UMNTC,UMNTC,HIST,3417W,003,Food in History,D,18,1,PI,"Besser Fredrick,Ethan Cole",,
1265,Sum 2026,UMNTC,UMNTC,HIST,3417W,003,Food in History,W,18,5,PI,"Besser Fredrick,Ethan Cole",,
1265,Sum 2026,UMNDL,UMNDL,HIST,3735,001,Muslim Societies,A,10,6,PI,"Stanfield-Johnson,Rosemary",Associate Professor,rstanfie
1265,Sum 2026,UMNDL,UMNDL,HIST,3735,001,Muslim Societies,B+,10,1,PI,"Stanfield-Johnson,Rosemary",Associate Professor,rstanfie
1265,Sum 2026,UMNDL,UMNDL,HIST,3735,001,Muslim Societies,C,10,2,PI,"Stanfield-Johnson,Rosemary",Associate Professor,rstanfie
1265,Sum 2026,UMNDL,UMNDL,HIST,3735,001,Muslim Societies,C-,10,1,PI,"Stanfield-Johnson,Rosemary",Associate Professor,rstanfie
1265,Sum 2026,UMNTC,UMNTC,HIST,3822,301,Making America Modern,A,26,8,PI,"Kuzmina,Alisa",,
1265,Sum 2026,UMNTC,UMNTC,HIST,3822,301,Making America Modern,A-,26,2,PI,"Kuzmina,Alisa",,
1265,Sum 2026,UMNTC,UMNTC,HIST,3822,301,Making America Modern,B,26,1,PI,"Kuzmina,Alisa",,
1265,Sum 2026,UMNTC,UMNTC,HIST,3822,301,Making America Modern,B+,26,4,PI,"Kuzmina,Alisa",,
1265,Sum 2026,UMNTC,UMNTC,HIST,3822,301,Making America Modern,B-,26,1,PI,"Kuzmina,Alisa",,
1265,Sum 2026,UMNTC,UMNTC,HIST,3822,301,Making America Modern,C-,26,3,PI,"Kuzmina,Alisa",,
1265,Sum 2026,UMNTC,UMNTC,HIST,3822,301,Making America Modern,F,26,3,PI,"Kuzmina,Alisa",,
1265,Sum 2026,UMNTC,UMNTC,HIST,3822,301,Making America Modern,S,26,2,PI,"Kuzmina,Alisa",,
1265,Sum 2026,UMNTC,UMNTC,HIST,3822,301,Making America Modern,W,26,2,PI,"Kuzmina,Alisa",,
1265,Sum 2026,UMNDL,UMNDL,HLTH,1100,001,Health and Wellness,A,21,10,PI,"Wendinger,Patricia J",Senior Instructor UEA,pwending
1265,Sum 2026,UMNDL,UMNDL,HLTH,1100,001,Health and Wellness,A-,21,2,PI,"Wendinger,Patricia J",Senior Instructor UEA,pwending
1265,Sum 2026,UMNDL,UMNDL,HLTH,1100,001,Health and Wellness,B+,21,4,PI,"Wendinger,Patricia J",Senior Instructor UEA,pwending
1265,Sum 2026,UMNDL,UMNDL,HLTH,1100,001,Health and Wellness,C,21,1,PI,"Wendinger,Patricia J",Senior Instructor UEA,pwending
1265,Sum 2026,UMNDL,UMNDL,HLTH,1100,001,Health and Wellness,C+,21,2,PI,"Wendinger,Patricia J",Senior Instructor UEA,pwending
1265,Sum 2026,UMNDL,UMNDL,HLTH,1100,001,Health and Wellness,D+,21,1,PI,"Wendinger,Patricia J",Senior Instructor UEA,pwending
1265,Sum 2026,UMNDL,UMNDL,HLTH,1100,001,Health and Wellness,F,21,1,PI,"Wendinger,Patricia J",Senior Instructor UEA,pwending
1265,Sum 2026,UMNDL,UMNDL,HLTH,3202,001,Drug Education,A,10,7,PI,"Skrbich,Karen O",Senior Instructor UEA,kskrbich
1265,Sum 2026,UMNDL,UMNDL,HLTH,3202,001,Drug Education,A-,10,1,PI,"Skrbich,Karen O",Senior Instructor UEA,kskrbich
1265,Sum 2026,UMNDL,UMNDL,HLTH,3202,001,Drug Education,B,10,1,PI,"Skrbich,Karen O",Senior Instructor UEA,kskrbich
1265,Sum 2026,UMNDL,UMNDL,HLTH,3202,001,Drug Education,F,10,1,PI,"Skrbich,Karen O",Senior Instructor UEA,kskrbich
1265,Sum 2026,UMNTC,UMNTC,HRIR,3021,001,Human Capital Management,A,28,20,PI,"Swenson,Sara Marie Schlais",Senior Lecturer,swen0341
1265,Sum 2026,UMNTC,UMNTC,HRIR,3021,001,Human Capital Management,B,28,4,PI,"Swenson,Sara Marie Schlais",Senior Lecturer,swen0341
1265,Sum 2026,UMNTC,UMNTC,HRIR,3021,001,Human Capital Management,B+,28,1,PI,"Swenson,Sara Marie Schlais",Senior Lecturer,swen0341
1265,Sum 2026,UMNTC,UMNTC,HRIR,3021,001,Human Capital Management,B-,28,2,PI,"Swenson,Sara Marie Schlais",Senior Lecturer,swen0341
1265,Sum 2026,UMNTC,UMNTC,HRIR,3021,001,Human Capital Management,C+,28,1,PI,"Swenson,Sara Marie Schlais",Senior Lecturer,swen0341
1265,Sum 2026,UMNCR,UMNCR,HSCI,1123,E90,Fundamentals of Nutrition,A,25,5,PI,"Stewart,Sharon M",Associate Professor,sstewart
1265,Sum 2026,UMNCR,UMNCR,HSCI,1123,E90,Fundamentals of Nutrition,A-,25,1,PI,"Stewart,Sharon M",Associate Professor,sstewart
1265,Sum 2026,UMNCR,UMNCR,HSCI,1123,E90,Fundamentals of Nutrition,B,25,5,PI,"Stewart,Sharon M",Associate Professor,sstewart
1265,Sum 2026,UMNCR,UMNCR,HSCI,1123,E90,Fundamentals of Nutrition,B+,25,1,PI,"Stewart,Sharon M",Associate Professor,sstewart
1265,Sum 2026,UMNCR,UMNCR,HSCI,1123,E90,Fundamentals of Nutrition,B-,25,3,PI,"Stewart,Sharon M",Associate Professor,sstewart
1265,Sum 2026,UMNCR,UMNCR,HSCI,1123,E90,Fundamentals of Nutrition,C,25,4,PI,"Stewart,Sharon M",Associate Professor,sstewart
1265,Sum 2026,UMNCR,UMNCR,HSCI,1123,E90,Fundamentals of Nutrition,D,25,1,PI,"Stewart,Sharon M",Associate Professor,sstewart
1265,Sum 2026,UMNCR,UMNCR,HSCI,1123,E90,Fundamentals of Nutrition,F,25,2,PI,"Stewart,Sharon M",Associate Professor,sstewart
1265,Sum 2026,UMNCR,UMNCR,HSCI,1123,E90,Fundamentals of Nutrition,W,25,3,PI,"Stewart,Sharon M",Associate Professor,sstewart
1265,Sum 2026,UMNTC,UMNTC,HSEX,6001,301,Foundations of Human Sexuality,A,13,12,PI,"Brightly-Brown,Shari",Assistant Professor,brigh184
1265,Sum 2026,UMNTC,UMNTC,HSEX,6001,301,Foundations of Human Sexuality,B,13,1,PI,"Brightly-Brown,Shari",Assistant Professor,brigh184
1265,Sum 2026,UMNTC,UMNTC,HSEX,6213,301,Sexual Trauma,A,16,10,PI,"Goerlich,Stefani",Lecturer,goerl006
1265,Sum 2026,UMNTC,UMNTC,HSEX,6213,301,Sexual Trauma,A-,16,1,PI,"Goerlich,Stefani",Lecturer,goerl006
1265,Sum 2026,UMNTC,UMNTC,HSEX,6213,301,Sexual Trauma,B,16,1,PI,"Goerlich,Stefani",Lecturer,goerl006
1265,Sum 2026,UMNTC,UMNTC,HSEX,6213,301,Sexual Trauma,B+,16,2,PI,"Goerlich,Stefani",Lecturer,goerl006
1265,Sum 2026,UMNTC,UMNTC,HSEX,6213,301,Sexual Trauma,W,16,2,PI,"Goerlich,Stefani",Lecturer,goerl006
1265,Sum 2026,UMNTC,UMNTC,HSM,3001,301,Expl Healthcare Mgmt Careers,A,14,9,PI,"Brethorst,Michael Marion",Teaching Specialist,mbrethor
1265,Sum 2026,UMNTC,UMNTC,HSM,3001,301,Expl Healthcare Mgmt Careers,A-,14,1,PI,"Brethorst,Michael Marion",Teaching Specialist,mbrethor
1265,Sum 2026,UMNTC,UMNTC,HSM,3001,301,Expl Healthcare Mgmt Careers,B+,14,1,PI,"Brethorst,Michael Marion",Teaching Specialist,mbrethor
1265,Sum 2026,UMNTC,UMNTC,HSM,3001,301,Expl Healthcare Mgmt Careers,B-,14,1,PI,"Brethorst,Michael Marion",Teaching Specialist,mbrethor
1265,Sum 2026,UMNTC,UMNTC,HSM,3001,301,Expl Healthcare Mgmt Careers,W,14,2,PI,"Brethorst,Michael Marion",Teaching Specialist,mbrethor
1265,Sum 2026,UMNTC,UMNTC,HSM,3521,301,Healthcare Delivery Systems,A,22,10,PI,"Bw'ombongi,Frederick Omweri",Teaching Specialist,bwomb001
1265,Sum 2026,UMNTC,UMNTC,HSM,3521,301,Healthcare Delivery Systems,A-,22,3,PI,"Bw'ombongi,Frederick Omweri",Teaching Specialist,bwomb001
1265,Sum 2026,UMNTC,UMNTC,HSM,3521,301,Healthcare Delivery Systems,B,22,2,PI,"Bw'ombongi,Frederick Omweri",Teaching Specialist,bwomb001
1265,Sum 2026,UMNTC,UMNTC,HSM,3521,301,Healthcare Delivery Systems,B+,22,1,PI,"Bw'ombongi,Frederick Omweri",Teaching Specialist,bwomb001
1265,Sum 2026,UMNTC,UMNTC,HSM,3521,301,Healthcare Delivery Systems,B-,22,1,PI,"Bw'ombongi,Frederick Omweri",Teaching Specialist,bwomb001
1265,Sum 2026,UMNTC,UMNTC,HSM,3521,301,Healthcare Delivery Systems,F,22,2,PI,"Bw'ombongi,Frederick Omweri",Teaching Specialist,bwomb001
1265,Sum 2026,UMNTC,UMNTC,HSM,3521,301,Healthcare Delivery Systems,W,22,3,PI,"Bw'ombongi,Frederick Omweri",Teaching Specialist,bwomb001
1265,Sum 2026,UMNTC,UMNTC,HSM,4065,301,Info Security in Health Mgmt,A,22,14,PI,"Lee-Eichenwald,Scott B",Teaching Specialist,sleeeich
1265,Sum 2026,UMNTC,UMNTC,HSM,4065,301,Info Security in Health Mgmt,A-,22,5,PI,"Lee-Eichenwald,Scott B",Teaching Specialist,sleeeich
1265,Sum 2026,UMNTC,UMNTC,HSM,4065,301,Info Security in Health Mgmt,B,22,1,PI,"Lee-Eichenwald,Scott B",Teaching Specialist,sleeeich
1265,Sum 2026,UMNTC,UMNTC,HSM,4065,301,Info Security in Health Mgmt,B+,22,2,PI,"Lee-Eichenwald,Scott B",Teaching Specialist,sleeeich
1265,Sum 2026,UMNTC,UMNTC,HSM,4541,301,Healthcare Management Finance,A,13,6,PI,"Brethorst,Michael Marion",Teaching Specialist,mbrethor
1265,Sum 2026,UMNTC,UMNTC,HSM,4541,301,Healthcare Management Finance,A-,13,2,PI,"Brethorst,Michael Marion",Teaching Specialist,mbrethor
1265,Sum 2026,UMNTC,UMNTC,HSM,4541,301,Healthcare Management Finance,B,13,1,PI,"Brethorst,Michael Marion",Teaching Specialist,mbrethor
1265,Sum 2026,UMNTC,UMNTC,HSM,4541,301,Healthcare Management Finance,B-,13,1,PI,"Brethorst,Michael Marion",Teaching Specialist,mbrethor
1265,Sum 2026,UMNTC,UMNTC,HSM,4541,301,Healthcare Management Finance,C,13,2,PI,"Brethorst,Michael Marion",Teaching Specialist,mbrethor
1265,Sum 2026,UMNTC,UMNTC,HSM,4541,301,Healthcare Management Finance,F,13,1,PI,"Brethorst,Michael Marion",Teaching Specialist,mbrethor
1265,Sum 2026,UMNTC,UMNTC,HSM,4586,301,Mgmt Assistd Liv & Senior Care,A,12,9,PI,"Berg,Josh",Teaching Specialist,jdberg
1265,Sum 2026,UMNTC,UMNTC,HSM,4586,301,Mgmt Assistd Liv & Senior Care,A-,12,2,PI,"Berg,Josh",Teaching Specialist,jdberg
1265,Sum 2026,UMNTC,UMNTC,HSM,4586,301,Mgmt Assistd Liv & Senior Care,W,12,1,PI,"Berg,Josh",Teaching Specialist,jdberg
1265,Sum 2026,UMNTC,UMNTC,HSM,4591,301,Law & Ethics Healthcare Mgmt,A,18,11,PI,"Rudquist,Debra Ann Elfstrom",Teaching Specialist,rudq0003
1265,Sum 2026,UMNTC,UMNTC,HSM,4591,301,Law & Ethics Healthcare Mgmt,A-,18,2,PI,"Rudquist,Debra Ann Elfstrom",Teaching Specialist,rudq0003
1265,Sum 2026,UMNTC,UMNTC,HSM,4591,301,Law & Ethics Healthcare Mgmt,B,18,1,PI,"Rudquist,Debra Ann Elfstrom",Teaching Specialist,rudq0003
1265,Sum 2026,UMNTC,UMNTC,HSM,4591,301,Law & Ethics Healthcare Mgmt,B+,18,1,PI,"Rudquist,Debra Ann Elfstrom",Teaching Specialist,rudq0003
1265,Sum 2026,UMNTC,UMNTC,HSM,4591,301,Law & Ethics Healthcare Mgmt,C+,18,1,PI,"Rudquist,Debra Ann Elfstrom",Teaching Specialist,rudq0003
1265,Sum 2026,UMNTC,UMNTC,HSM,4591,301,Law & Ethics Healthcare Mgmt,F,18,1,PI,"Rudquist,Debra Ann Elfstrom",Teaching Specialist,rudq0003
1265,Sum 2026,UMNTC,UMNTC,HSM,4591,301,Law & Ethics Healthcare Mgmt,W,18,1,PI,"Rudquist,Debra Ann Elfstrom",Teaching Specialist,rudq0003
1265,Sum 2026,UMNTC,UMNTC,HSM,4596,401,Healthcare Mgmt Internship,A,16,4,PI,"Davis,Rebecca Jane",Teaching Specialist,davi2631
1265,Sum 2026,UMNTC,UMNTC,HSM,4596,401,Healthcare Mgmt Internship,B,16,2,PI,"Davis,Rebecca Jane",Teaching Specialist,davi2631
1265,Sum 2026,UMNTC,UMNTC,HSM,4596,401,Healthcare Mgmt Internship,B+,16,1,PI,"Davis,Rebecca Jane",Teaching Specialist,davi2631
1265,Sum 2026,UMNTC,UMNTC,HSM,4596,401,Healthcare Mgmt Internship,B-,16,3,PI,"Davis,Rebecca Jane",Teaching Specialist,davi2631
1265,Sum 2026,UMNTC,UMNTC,HSM,4596,401,Healthcare Mgmt Internship,C,16,3,PI,"Davis,Rebecca Jane",Teaching Specialist,davi2631
1265,Sum 2026,UMNTC,UMNTC,HSM,4596,401,Healthcare Mgmt Internship,C+,16,1,PI,"Davis,Rebecca Jane",Teaching Specialist,davi2631
1265,Sum 2026,UMNTC,UMNTC,HSM,4596,401,Healthcare Mgmt Internship,D,16,1,PI,"Davis,Rebecca Jane",Teaching Specialist,davi2631
1265,Sum 2026,UMNTC,UMNTC,HSM,4596,401,Healthcare Mgmt Internship,D+,16,1,PI,"Davis,Rebecca Jane",Teaching Specialist,davi2631
1265,Sum 2026,UMNTC,UMNTC,HSM,4596,402,Healthcare Mgmt Internship,A,16,6,PI,"Steinborn,Chelsea Elizabeth",Teaching Specialist,stein540
1265,Sum 2026,UMNTC,UMNTC,HSM,4596,402,Healthcare Mgmt Internship,A-,16,4,PI,"Steinborn,Chelsea Elizabeth",Teaching Specialist,stein540
1265,Sum 2026,UMNTC,UMNTC,HSM,4596,402,Healthcare Mgmt Internship,B,16,1,PI,"Steinborn,Chelsea Elizabeth",Teaching Specialist,stein540
1265,Sum 2026,UMNTC,UMNTC,HSM,4596,402,Healthcare Mgmt Internship,B+,16,2,PI,"Steinborn,Chelsea Elizabeth",Teaching Specialist,stein540
1265,Sum 2026,UMNTC,UMNTC,HSM,4596,402,Healthcare Mgmt Internship,C,16,1,PI,"Steinborn,Chelsea Elizabeth",Teaching Specialist,stein540
1265,Sum 2026,UMNTC,UMNTC,HSM,4596,402,Healthcare Mgmt Internship,C-,16,1,PI,"Steinborn,Chelsea Elizabeth",Teaching Specialist,stein540
1265,Sum 2026,UMNTC,UMNTC,HSM,4596,402,Healthcare Mgmt Internship,F,16,1,PI,"Steinborn,Chelsea Elizabeth",Teaching Specialist,stein540
1265,Sum 2026,UMNTC,UMNTC,HSM,4596,403,Healthcare Mgmt Internship,A,16,6,PI,"Ogunsegha,Gladys",Teaching Specialist,ekiso002
1265,Sum 2026,UMNTC,UMNTC,HSM,4596,403,Healthcare Mgmt Internship,A-,16,2,PI,"Ogunsegha,Gladys",Teaching Specialist,ekiso002
1265,Sum 2026,UMNTC,UMNTC,HSM,4596,403,Healthcare Mgmt Internship,B,16,1,PI,"Ogunsegha,Gladys",Teaching Specialist,ekiso002
1265,Sum 2026,UMNTC,UMNTC,HSM,4596,403,Healthcare Mgmt Internship,B+,16,1,PI,"Ogunsegha,Gladys",Teaching Specialist,ekiso002
1265,Sum 2026,UMNTC,UMNTC,HSM,4596,403,Healthcare Mgmt Internship,B-,16,1,PI,"Ogunsegha,Gladys",Teaching Specialist,ekiso002
1265,Sum 2026,UMNTC,UMNTC,HSM,4596,403,Healthcare Mgmt Internship,C+,16,2,PI,"Ogunsegha,Gladys",Teaching Specialist,ekiso002
1265,Sum 2026,UMNTC,UMNTC,HSM,4596,403,Healthcare Mgmt Internship,C-,16,2,PI,"Ogunsegha,Gladys",Teaching Specialist,ekiso002
1265,Sum 2026,UMNTC,UMNTC,HSM,4596,403,Healthcare Mgmt Internship,F,16,1,PI,"Ogunsegha,Gladys",Teaching Specialist,ekiso002
1265,Sum 2026,UMNCR,UMNCR,HUM,3310,E90,Culture and Technology,A,28,15,PI,"Bevelhymer,Carl",Assistant Professor,bevel008
1265,Sum 2026,UMNCR,UMNCR,HUM,3310,E90,Culture and Technology,A-,28,9,PI,"Bevelhymer,Carl",Assistant Professor,bevel008
1265,Sum 2026,UMNCR,UMNCR,HUM,3310,E90,Culture and Technology,B,28,2,PI,"Bevelhymer,Carl",Assistant Professor,bevel008
1265,Sum 2026,UMNCR,UMNCR,HUM,3310,E90,Culture and Technology,B-,28,1,PI,"Bevelhymer,Carl",Assistant Professor,bevel008
1265,Sum 2026,UMNCR,UMNCR,HUM,3310,E90,Culture and Technology,F,28,1,PI,"Bevelhymer,Carl",Assistant Professor,bevel008
1265,Sum 2026,UMNTC,UMNTC,IBH,6315,001,Family Dynamics in Counseling,A,16,13,PI,"Hall,Eugene Lloyd",Lecturer,hall0907
1265,Sum 2026,UMNTC,UMNTC,IBH,6315,001,Family Dynamics in Counseling,A-,16,1,PI,"Hall,Eugene Lloyd",Lecturer,hall0907
1265,Sum 2026,UMNTC,UMNTC,IBH,6315,001,Family Dynamics in Counseling,F,16,2,PI,"Hall,Eugene Lloyd",Lecturer,hall0907
1265,Sum 2026,UMNTC,UMNTC,IBH,6321,001,Trauma and Crisis Intervention,A,17,15,PI,"Hall,Eugene Lloyd",Lecturer,hall0907
1265,Sum 2026,UMNTC,UMNTC,IBH,6321,001,Trauma and Crisis Intervention,B,17,1,PI,"Hall,Eugene Lloyd",Lecturer,hall0907
1265,Sum 2026,UMNTC,UMNTC,IBH,6321,001,Trauma and Crisis Intervention,B+,17,1,PI,"Hall,Eugene Lloyd",Lecturer,hall0907
1265,Sum 2026,UMNTC,UMNTC,IBH,6325,001,Applications of Assessment,A,13,10,PI,"Weigelt,Jennifer E",Senior Lecturer,jweigelt
1265,Sum 2026,UMNTC,UMNTC,IBH,6325,001,Applications of Assessment,A-,13,1,PI,"Weigelt,Jennifer E",Senior Lecturer,jweigelt
1265,Sum 2026,UMNTC,UMNTC,IBH,6325,001,Applications of Assessment,B,13,2,PI,"Weigelt,Jennifer E",Senior Lecturer,jweigelt
1265,Sum 2026,UMNTC,UMNTC,IBH,6905,001,Practicum,N,11,1,PI,"Karim,Fiyyaz Allaui Anoor Ibn",Senior Lecturer,kari0057
1265,Sum 2026,UMNTC,UMNTC,IBH,6905,001,Practicum,S,11,10,PI,"Karim,Fiyyaz Allaui Anoor Ibn",Senior Lecturer,kari0057
1265,Sum 2026,UMNTC,UMNTC,IDSC,3001,020,Info Syst & Dig Transformation,A,28,11,PI,"Subramani,Mani R",Associate Professor,subra010
1265,Sum 2026,UMNTC,UMNTC,IDSC,3001,020,Info Syst & Dig Transformation,A-,28,5,PI,"Subramani,Mani R",Associate Professor,subra010
1265,Sum 2026,UMNTC,UMNTC,IDSC,3001,020,Info Syst & Dig Transformation,B,28,3,PI,"Subramani,Mani R",Associate Professor,subra010
1265,Sum 2026,UMNTC,UMNTC,IDSC,3001,020,Info Syst & Dig Transformation,B+,28,5,PI,"Subramani,Mani R",Associate Professor,subra010
1265,Sum 2026,UMNTC,UMNTC,IDSC,3001,020,Info Syst & Dig Transformation,C,28,3,PI,"Subramani,Mani R",Associate Professor,subra010
1265,Sum 2026,UMNTC,UMNTC,IDSC,3001,020,Info Syst & Dig Transformation,W,28,1,PI,"Subramani,Mani R",Associate Professor,subra010
1265,Sum 2026,UMNDL,UMNDL,ILSA,2892,001,Int Sty Art Hist: Italy Abroad,A,11,5,PI,"Webb,Jennifer",Associate Professor,jdwebb
1265,Sum 2026,UMNDL,UMNDL,ILSA,2892,001,Int Sty Art Hist: Italy Abroad,A-,11,2,PI,"Webb,Jennifer",Associate Professor,jdwebb
1265,Sum 2026,UMNDL,UMNDL,ILSA,2892,001,Int Sty Art Hist: Italy Abroad,B,11,1,PI,"Webb,Jennifer",Associate Professor,jdwebb
1265,Sum 2026,UMNDL,UMNDL,ILSA,2892,001,Int Sty Art Hist: Italy Abroad,B+,11,1,PI,"Webb,Jennifer",Associate Professor,jdwebb
1265,Sum 2026,UMNDL,UMNDL,ILSA,2892,001,Int Sty Art Hist: Italy Abroad,B-,11,2,PI,"Webb,Jennifer",Associate Professor,jdwebb
1265,Sum 2026,UMNDL,UMNDL,ILSA,4255,001,ART 4255 Indep Std Art Abroad,A,10,9,PI,"Hunt,Betsy Janelle",Assistant Professor,bjhunt
1265,Sum 2026,UMNDL,UMNDL,ILSA,4255,001,ART 4255 Indep Std Art Abroad,A-,10,1,PI,"Hunt,Betsy Janelle",Assistant Professor,bjhunt
1265,Sum 2026,UMNDL,UMNDL,ILSA,4917,001,UST 4917 Research Abroad,A,16,2,PI,"Lindaman,Dana Kristofor",Associate Professor,lindaman
1265,Sum 2026,UMNDL,UMNDL,ILSA,4917,001,UST 4917 Research Abroad,NR,16,14,PI,"Lindaman,Dana Kristofor",Associate Professor,lindaman
1265,Sum 2026,UMNTC,UMNTC,INET,3011W,301,Social Impact of IT,A,29,11,PI,"Lapke,Michael",Teaching Specialist,lapke004
1265,Sum 2026,UMNTC,UMNTC,INET,3011W,301,Social Impact of IT,A-,29,5,PI,"Lapke,Michael",Teaching Specialist,lapke004
1265,Sum 2026,UMNTC,UMNTC,INET,3011W,301,Social Impact of IT,B,29,1,PI,"Lapke,Michael",Teaching Specialist,lapke004
1265,Sum 2026,UMNTC,UMNTC,INET,3011W,301,Social Impact of IT,B+,29,2,PI,"Lapke,Michael",Teaching Specialist,lapke004
1265,Sum 2026,UMNTC,UMNTC,INET,3011W,301,Social Impact of IT,B-,29,3,PI,"Lapke,Michael",Teaching Specialist,lapke004
1265,Sum 2026,UMNTC,UMNTC,INET,3011W,301,Social Impact of IT,C,29,1,PI,"Lapke,Michael",Teaching Specialist,lapke004
1265,Sum 2026,UMNTC,UMNTC,INET,3011W,301,Social Impact of IT,D,29,1,PI,"Lapke,Michael",Teaching Specialist,lapke004
1265,Sum 2026,UMNTC,UMNTC,INET,3011W,301,Social Impact of IT,F,29,1,PI,"Lapke,Michael",Teaching Specialist,lapke004
1265,Sum 2026,UMNTC,UMNTC,INET,3011W,301,Social Impact of IT,W,29,4,PI,"Lapke,Michael",Teaching Specialist,lapke004
1265,Sum 2026,UMNTC,UMNTC,INET,4051,301,IT Infrastruc Oper: Capstone,A,27,7,PI,"Lee-Eichenwald,Scott B",Teaching Specialist,sleeeich
1265,Sum 2026,UMNTC,UMNTC,INET,4051,301,IT Infrastruc Oper: Capstone,A-,27,5,PI,"Lee-Eichenwald,Scott B",Teaching Specialist,sleeeich
1265,Sum 2026,UMNTC,UMNTC,INET,4051,301,IT Infrastruc Oper: Capstone,B,27,5,PI,"Lee-Eichenwald,Scott B",Teaching Specialist,sleeeich
1265,Sum 2026,UMNTC,UMNTC,INET,4051,301,IT Infrastruc Oper: Capstone,B+,27,2,PI,"Lee-Eichenwald,Scott B",Teaching Specialist,sleeeich
1265,Sum 2026,UMNTC,UMNTC,INET,4051,301,IT Infrastruc Oper: Capstone,B-,27,1,PI,"Lee-Eichenwald,Scott B",Teaching Specialist,sleeeich
1265,Sum 2026,UMNTC,UMNTC,INET,4051,301,IT Infrastruc Oper: Capstone,C+,27,2,PI,"Lee-Eichenwald,Scott B",Teaching Specialist,sleeeich
1265,Sum 2026,UMNTC,UMNTC,INET,4051,301,IT Infrastruc Oper: Capstone,F,27,3,PI,"Lee-Eichenwald,Scott B",Teaching Specialist,sleeeich
1265,Sum 2026,UMNTC,UMNTC,INET,4051,301,IT Infrastruc Oper: Capstone,W,27,2,PI,"Lee-Eichenwald,Scott B",Teaching Specialist,sleeeich
1265,Sum 2026,UMNTC,UMNTC,INET,4082W,001,ITI Projects and Processes,A,28,10,PI,"Ayvaz,Banipal Babileh",Teaching Specialist,bayvaz
1265,Sum 2026,UMNTC,UMNTC,INET,4082W,001,ITI Projects and Processes,A-,28,4,PI,"Ayvaz,Banipal Babileh",Teaching Specialist,bayvaz
1265,Sum 2026,UMNTC,UMNTC,INET,4082W,001,ITI Projects and Processes,B,28,5,PI,"Ayvaz,Banipal Babileh",Teaching Specialist,bayvaz
1265,Sum 2026,UMNTC,UMNTC,INET,4082W,001,ITI Projects and Processes,B+,28,2,PI,"Ayvaz,Banipal Babileh",Teaching Specialist,bayvaz
1265,Sum 2026,UMNTC,UMNTC,INET,4082W,001,ITI Projects and Processes,B-,28,1,PI,"Ayvaz,Banipal Babileh",Teaching Specialist,bayvaz
1265,Sum 2026,UMNTC,UMNTC,INET,4082W,001,ITI Projects and Processes,C+,28,3,PI,"Ayvaz,Banipal Babileh",Teaching Specialist,bayvaz
1265,Sum 2026,UMNTC,UMNTC,INET,4082W,001,ITI Projects and Processes,C-,28,2,PI,"Ayvaz,Banipal Babileh",Teaching Specialist,bayvaz
1265,Sum 2026,UMNTC,UMNTC,INET,4082W,001,ITI Projects and Processes,D,28,1,PI,"Ayvaz,Banipal Babileh",Teaching Specialist,bayvaz
1265,Sum 2026,UMNTC,UMNTC,INET,4153,301,Intro Security: Policy & Reg,A,24,11,PI,"Raabe,John J",Lecturer,raabe005
1265,Sum 2026,UMNTC,UMNTC,INET,4153,301,Intro Security: Policy & Reg,A-,24,5,PI,"Raabe,John J",Lecturer,raabe005
1265,Sum 2026,UMNTC,UMNTC,INET,4153,301,Intro Security: Policy & Reg,B,24,1,PI,"Raabe,John J",Lecturer,raabe005
1265,Sum 2026,UMNTC,UMNTC,INET,4153,301,Intro Security: Policy & Reg,B+,24,4,PI,"Raabe,John J",Lecturer,raabe005
1265,Sum 2026,UMNTC,UMNTC,INET,4153,301,Intro Security: Policy & Reg,B-,24,2,PI,"Raabe,John J",Lecturer,raabe005
1265,Sum 2026,UMNTC,UMNTC,INET,4153,301,Intro Security: Policy & Reg,F,24,1,PI,"Raabe,John J",Lecturer,raabe005
1265,Sum 2026,UMNMO,UMNMO,IS,3053,500,Irish Texts and Contexts,A,11,8,PI,"Eckerle,Julie",Professor,ecker014
1265,Sum 2026,UMNMO,UMNMO,IS,3053,500,Irish Texts and Contexts,B,11,1,PI,"Eckerle,Julie",Professor,ecker014
1265,Sum 2026,UMNMO,UMNMO,IS,3053,500,Irish Texts and Contexts,B+,11,1,PI,"Eckerle,Julie",Professor,ecker014
1265,Sum 2026,UMNMO,UMNMO,IS,3053,500,Irish Texts and Contexts,C,11,1,PI,"Eckerle,Julie",Professor,ecker014
1265,Sum 2026,UMNCR,UMNCR,ITM,3020,E90,Intro to Mgmt Info Systems,A,21,12,PI,"Alghazo,Jaafar",Associate Professor,alghazo
1265,Sum 2026,UMNCR,UMNCR,ITM,3020,E90,Intro to Mgmt Info Systems,A-,21,1,PI,"Alghazo,Jaafar",Associate Professor,alghazo
1265,Sum 2026,UMNCR,UMNCR,ITM,3020,E90,Intro to Mgmt Info Systems,B,21,2,PI,"Alghazo,Jaafar",Associate Professor,alghazo
1265,Sum 2026,UMNCR,UMNCR,ITM,3020,E90,Intro to Mgmt Info Systems,B+,21,2,PI,"Alghazo,Jaafar",Associate Professor,alghazo
1265,Sum 2026,UMNCR,UMNCR,ITM,3020,E90,Intro to Mgmt Info Systems,B-,21,1,PI,"Alghazo,Jaafar",Associate Professor,alghazo
1265,Sum 2026,UMNCR,UMNCR,ITM,3020,E90,Intro to Mgmt Info Systems,F,21,2,PI,"Alghazo,Jaafar",Associate Professor,alghazo
1265,Sum 2026,UMNCR,UMNCR,ITM,3020,E90,Intro to Mgmt Info Systems,W,21,1,PI,"Alghazo,Jaafar",Associate Professor,alghazo
1265,Sum 2026,UMNTC,UMNTC,JOUR,1001,001,Media in a Changing World,A,33,9,PI,"Libin,Scott M",Rsch Pro 6,slibin
1265,Sum 2026,UMNTC,UMNTC,JOUR,1001,001,Media in a Changing World,A-,33,7,PI,"Libin,Scott M",Rsch Pro 6,slibin
1265,Sum 2026,UMNTC,UMNTC,JOUR,1001,001,Media in a Changing World,B,33,7,PI,"Libin,Scott M",Rsch Pro 6,slibin
1265,Sum 2026,UMNTC,UMNTC,JOUR,1001,001,Media in a Changing World,B+,33,4,PI,"Libin,Scott M",Rsch Pro 6,slibin
1265,Sum 2026,UMNTC,UMNTC,JOUR,1001,001,Media in a Changing World,B-,33,1,PI,"Libin,Scott M",Rsch Pro 6,slibin
1265,Sum 2026,UMNTC,UMNTC,JOUR,1001,001,Media in a Changing World,C+,33,1,PI,"Libin,Scott M",Rsch Pro 6,slibin
1265,Sum 2026,UMNTC,UMNTC,JOUR,1001,001,Media in a Changing World,D+,33,1,PI,"Libin,Scott M",Rsch Pro 6,slibin
1265,Sum 2026,UMNTC,UMNTC,JOUR,1001,001,Media in a Changing World,F,33,1,PI,"Libin,Scott M",Rsch Pro 6,slibin
1265,Sum 2026,UMNTC,UMNTC,JOUR,1001,001,Media in a Changing World,S,33,1,PI,"Libin,Scott M",Rsch Pro 6,slibin
1265,Sum 2026,UMNTC,UMNTC,JOUR,1001,001,Media in a Changing World,W,33,1,PI,"Libin,Scott M",Rsch Pro 6,slibin
1265,Sum 2026,UMNTC,UMNTC,JOUR,1001,003,Media in a Changing World,A,25,15,PI,"Terry,Christopher Robert",Associate Professor,crterry
1265,Sum 2026,UMNTC,UMNTC,JOUR,1001,003,Media in a Changing World,B,25,2,PI,"Terry,Christopher Robert",Associate Professor,crterry
1265,Sum 2026,UMNTC,UMNTC,JOUR,1001,003,Media in a Changing World,B+,25,3,PI,"Terry,Christopher Robert",Associate Professor,crterry
1265,Sum 2026,UMNTC,UMNTC,JOUR,1001,003,Media in a Changing World,B-,25,1,PI,"Terry,Christopher Robert",Associate Professor,crterry
1265,Sum 2026,UMNTC,UMNTC,JOUR,1001,003,Media in a Changing World,C,25,1,PI,"Terry,Christopher Robert",Associate Professor,crterry
1265,Sum 2026,UMNTC,UMNTC,JOUR,1001,003,Media in a Changing World,C+,25,2,PI,"Terry,Christopher Robert",Associate Professor,crterry
1265,Sum 2026,UMNTC,UMNTC,JOUR,1001,003,Media in a Changing World,F,25,1,PI,"Terry,Christopher Robert",Associate Professor,crterry
1265,Sum 2026,UMNTC,UMNTC,JOUR,1501,001,Digital Games and Society,A,33,22,PI,"Edsall,Elliott Sidney",,
1265,Sum 2026,UMNTC,UMNTC,JOUR,1501,001,Digital Games and Society,A-,33,3,PI,"Edsall,Elliott Sidney",,
1265,Sum 2026,UMNTC,UMNTC,JOUR,1501,001,Digital Games and Society,B+,33,3,PI,"Edsall,Elliott Sidney",,
1265,Sum 2026,UMNTC,UMNTC,JOUR,1501,001,Digital Games and Society,B-,33,3,PI,"Edsall,Elliott Sidney",,
1265,Sum 2026,UMNTC,UMNTC,JOUR,1501,001,Digital Games and Society,S,33,2,PI,"Edsall,Elliott Sidney",,
1265,Sum 2026,UMNTC,UMNTC,JOUR,1501,002,Digital Games and Society,A,34,20,PI,"Ofori,Michael",,
1265,Sum 2026,UMNTC,UMNTC,JOUR,1501,002,Digital Games and Society,A-,34,4,PI,"Ofori,Michael",,
1265,Sum 2026,UMNTC,UMNTC,JOUR,1501,002,Digital Games and Society,B,34,1,PI,"Ofori,Michael",,
1265,Sum 2026,UMNTC,UMNTC,JOUR,1501,002,Digital Games and Society,B+,34,3,PI,"Ofori,Michael",,
1265,Sum 2026,UMNTC,UMNTC,JOUR,1501,002,Digital Games and Society,C-,34,1,PI,"Ofori,Michael",,
1265,Sum 2026,UMNTC,UMNTC,JOUR,1501,002,Digital Games and Society,S,34,3,PI,"Ofori,Michael",,
1265,Sum 2026,UMNTC,UMNTC,JOUR,1501,002,Digital Games and Society,W,34,2,PI,"Ofori,Michael",,
1265,Sum 2026,UMNTC,UMNTC,JOUR,1501,003,Digital Games and Society,A,34,5,PI,"Tsegmid,Namuun",,
1265,Sum 2026,UMNTC,UMNTC,JOUR,1501,003,Digital Games and Society,A-,34,7,PI,"Tsegmid,Namuun",,
1265,Sum 2026,UMNTC,UMNTC,JOUR,1501,003,Digital Games and Society,B,34,4,PI,"Tsegmid,Namuun",,
1265,Sum 2026,UMNTC,UMNTC,JOUR,1501,003,Digital Games and Society,B+,34,6,PI,"Tsegmid,Namuun",,
1265,Sum 2026,UMNTC,UMNTC,JOUR,1501,003,Digital Games and Society,B-,34,4,PI,"Tsegmid,Namuun",,
1265,Sum 2026,UMNTC,UMNTC,JOUR,1501,003,Digital Games and Society,C,34,3,PI,"Tsegmid,Namuun",,
1265,Sum 2026,UMNTC,UMNTC,JOUR,1501,003,Digital Games and Society,C+,34,2,PI,"Tsegmid,Namuun",,
1265,Sum 2026,UMNTC,UMNTC,JOUR,1501,003,Digital Games and Society,D,34,1,PI,"Tsegmid,Namuun",,
1265,Sum 2026,UMNTC,UMNTC,JOUR,1501,003,Digital Games and Society,F,34,1,PI,"Tsegmid,Namuun",,
1265,Sum 2026,UMNTC,UMNTC,JOUR,1501,003,Digital Games and Society,S,34,1,PI,"Tsegmid,Namuun",,
1265,Sum 2026,UMNTC,UMNTC,JOUR,1501,004,Digital Games and Society,A,34,6,PI,"Klevanskaya,Nicole Marie",,
1265,Sum 2026,UMNTC,UMNTC,JOUR,1501,004,Digital Games and Society,A-,34,9,PI,"Klevanskaya,Nicole Marie",,
1265,Sum 2026,UMNTC,UMNTC,JOUR,1501,004,Digital Games and Society,B,34,9,PI,"Klevanskaya,Nicole Marie",,
1265,Sum 2026,UMNTC,UMNTC,JOUR,1501,004,Digital Games and Society,B+,34,1,PI,"Klevanskaya,Nicole Marie",,
1265,Sum 2026,UMNTC,UMNTC,JOUR,1501,004,Digital Games and Society,B-,34,2,PI,"Klevanskaya,Nicole Marie",,
1265,Sum 2026,UMNTC,UMNTC,JOUR,1501,004,Digital Games and Society,C,34,1,PI,"Klevanskaya,Nicole Marie",,
1265,Sum 2026,UMNTC,UMNTC,JOUR,1501,004,Digital Games and Society,D,34,2,PI,"Klevanskaya,Nicole Marie",,
1265,Sum 2026,UMNTC,UMNTC,JOUR,1501,004,Digital Games and Society,S,34,4,PI,"Klevanskaya,Nicole Marie",,
1265,Sum 2026,UMNTC,UMNTC,JOUR,2790,001,Topics in Strat Comm Skills,A,19,16,PI,"Johnson,Jennifer M",Senior Lecturer,joh02016
1265,Sum 2026,UMNTC,UMNTC,JOUR,2790,001,Topics in Strat Comm Skills,C-,19,1,PI,"Johnson,Jennifer M",Senior Lecturer,joh02016
1265,Sum 2026,UMNTC,UMNTC,JOUR,2790,001,Topics in Strat Comm Skills,S,19,2,PI,"Johnson,Jennifer M",Senior Lecturer,joh02016
1265,Sum 2026,UMNTC,UMNTC,JOUR,3004,001,Info for Mass Communication,A,22,15,PI,"LoRusso,Susan M",Associate Professor,lorus004
1265,Sum 2026,UMNTC,UMNTC,JOUR,3004,001,Info for Mass Communication,A-,22,3,PI,"LoRusso,Susan M",Associate Professor,lorus004
1265,Sum 2026,UMNTC,UMNTC,JOUR,3004,001,Info for Mass Communication,B,22,1,PI,"LoRusso,Susan M",Associate Professor,lorus004
1265,Sum 2026,UMNTC,UMNTC,JOUR,3004,001,Info for Mass Communication,B+,22,3,PI,"LoRusso,Susan M",Associate Professor,lorus004
1265,Sum 2026,UMNTC,UMNTC,JOUR,3201,001,Principles of Strategic Comm,A,23,4,PI,"Saffer,Adam John",Associate Professor,asaffer
1265,Sum 2026,UMNTC,UMNTC,JOUR,3201,001,Principles of Strategic Comm,A-,23,5,PI,"Saffer,Adam John",Associate Professor,asaffer
1265,Sum 2026,UMNTC,UMNTC,JOUR,3201,001,Principles of Strategic Comm,B,23,1,PI,"Saffer,Adam John",Associate Professor,asaffer
1265,Sum 2026,UMNTC,UMNTC,JOUR,3201,001,Principles of Strategic Comm,B+,23,4,PI,"Saffer,Adam John",Associate Professor,asaffer
1265,Sum 2026,UMNTC,UMNTC,JOUR,3201,001,Principles of Strategic Comm,B-,23,3,PI,"Saffer,Adam John",Associate Professor,asaffer
1265,Sum 2026,UMNTC,UMNTC,JOUR,3201,001,Principles of Strategic Comm,C+,23,3,PI,"Saffer,Adam John",Associate Professor,asaffer
1265,Sum 2026,UMNTC,UMNTC,JOUR,3201,001,Principles of Strategic Comm,D,23,1,PI,"Saffer,Adam John",Associate Professor,asaffer
1265,Sum 2026,UMNTC,UMNTC,JOUR,3201,001,Principles of Strategic Comm,W,23,2,PI,"Saffer,Adam John",Associate Professor,asaffer
1265,Sum 2026,UMNTC,UMNTC,JOUR,3321,001,Media Design,A,16,10,PI,"Quinn,Sara",Senior Lecturer,squinn
1265,Sum 2026,UMNTC,UMNTC,JOUR,3321,001,Media Design,A-,16,2,PI,"Quinn,Sara",Senior Lecturer,squinn
1265,Sum 2026,UMNTC,UMNTC,JOUR,3321,001,Media Design,C,16,2,PI,"Quinn,Sara",Senior Lecturer,squinn
1265,Sum 2026,UMNTC,UMNTC,JOUR,3321,001,Media Design,C-,16,1,PI,"Quinn,Sara",Senior Lecturer,squinn
1265,Sum 2026,UMNTC,UMNTC,JOUR,3321,001,Media Design,F,16,1,PI,"Quinn,Sara",Senior Lecturer,squinn
1265,Sum 2026,UMNTC,UMNTC,JOUR,3321,002,Media Design,A,14,4,PI,"Quinn,Sara",Senior Lecturer,squinn
1265,Sum 2026,UMNTC,UMNTC,JOUR,3321,002,Media Design,A-,14,2,PI,"Quinn,Sara",Senior Lecturer,squinn
1265,Sum 2026,UMNTC,UMNTC,JOUR,3321,002,Media Design,B,14,3,PI,"Quinn,Sara",Senior Lecturer,squinn
1265,Sum 2026,UMNTC,UMNTC,JOUR,3321,002,Media Design,B+,14,2,PI,"Quinn,Sara",Senior Lecturer,squinn
1265,Sum 2026,UMNTC,UMNTC,JOUR,3321,002,Media Design,B-,14,1,PI,"Quinn,Sara",Senior Lecturer,squinn
1265,Sum 2026,UMNTC,UMNTC,JOUR,3321,002,Media Design,C,14,1,PI,"Quinn,Sara",Senior Lecturer,squinn
1265,Sum 2026,UMNTC,UMNTC,JOUR,3321,002,Media Design,W,14,1,PI,"Quinn,Sara",Senior Lecturer,squinn
1265,Sum 2026,UMNTC,UMNTC,JOUR,3553,001,Mobile Communication,A,14,8,PI,"Agur,Colin Patrick",Associate Professor,cpagur
1265,Sum 2026,UMNTC,UMNTC,JOUR,3553,001,Mobile Communication,B,14,3,PI,"Agur,Colin Patrick",Associate Professor,cpagur
1265,Sum 2026,UMNTC,UMNTC,JOUR,3553,001,Mobile Communication,B+,14,1,PI,"Agur,Colin Patrick",Associate Professor,cpagur
1265,Sum 2026,UMNTC,UMNTC,JOUR,3553,001,Mobile Communication,D,14,1,PI,"Agur,Colin Patrick",Associate Professor,cpagur
1265,Sum 2026,UMNTC,UMNTC,JOUR,3553,001,Mobile Communication,W,14,1,PI,"Agur,Colin Patrick",Associate Professor,cpagur
1265,Sum 2026,UMNTC,UMNTC,JOUR,3741,001,Diversity and Media,A,13,7,PI,"Bonham,Jill Spiekerman",Teaching Assistant Professor,jbonham
1265,Sum 2026,UMNTC,UMNTC,JOUR,3741,001,Diversity and Media,A-,13,1,PI,"Bonham,Jill Spiekerman",Teaching Assistant Professor,jbonham
1265,Sum 2026,UMNTC,UMNTC,JOUR,3741,001,Diversity and Media,B,13,2,PI,"Bonham,Jill Spiekerman",Teaching Assistant Professor,jbonham
1265,Sum 2026,UMNTC,UMNTC,JOUR,3741,001,Diversity and Media,B+,13,1,PI,"Bonham,Jill Spiekerman",Teaching Assistant Professor,jbonham
1265,Sum 2026,UMNTC,UMNTC,JOUR,3741,001,Diversity and Media,C,13,1,PI,"Bonham,Jill Spiekerman",Teaching Assistant Professor,jbonham
1265,Sum 2026,UMNTC,UMNTC,JOUR,3741,001,Diversity and Media,F,13,1,PI,"Bonham,Jill Spiekerman",Teaching Assistant Professor,jbonham
1265,Sum 2026,UMNTC,UMNTC,JOUR,3745,001,Media and Popular Culture,A,30,21,PI,"Crawford,Monica Leigh",,
1265,Sum 2026,UMNTC,UMNTC,JOUR,3745,001,Media and Popular Culture,A-,30,3,PI,"Crawford,Monica Leigh",,
1265,Sum 2026,UMNTC,UMNTC,JOUR,3745,001,Media and Popular Culture,B+,30,2,PI,"Crawford,Monica Leigh",,
1265,Sum 2026,UMNTC,UMNTC,JOUR,3745,001,Media and Popular Culture,B-,30,2,PI,"Crawford,Monica Leigh",,
1265,Sum 2026,UMNTC,UMNTC,JOUR,3745,001,Media and Popular Culture,C+,30,1,PI,"Crawford,Monica Leigh",,
1265,Sum 2026,UMNTC,UMNTC,JOUR,3745,001,Media and Popular Culture,C-,30,1,PI,"Crawford,Monica Leigh",,
1265,Sum 2026,UMNTC,UMNTC,JOUR,3745,002,Media and Popular Culture,A,32,17,PI,"DeFoster,Ruth M",Teaching Assistant Professor,defoster
1265,Sum 2026,UMNTC,UMNTC,JOUR,3745,002,Media and Popular Culture,A-,32,4,PI,"DeFoster,Ruth M",Teaching Assistant Professor,defoster
1265,Sum 2026,UMNTC,UMNTC,JOUR,3745,002,Media and Popular Culture,B,32,2,PI,"DeFoster,Ruth M",Teaching Assistant Professor,defoster
1265,Sum 2026,UMNTC,UMNTC,JOUR,3745,002,Media and Popular Culture,B+,32,5,PI,"DeFoster,Ruth M",Teaching Assistant Professor,defoster
1265,Sum 2026,UMNTC,UMNTC,JOUR,3745,002,Media and Popular Culture,C+,32,2,PI,"DeFoster,Ruth M",Teaching Assistant Professor,defoster
1265,Sum 2026,UMNTC,UMNTC,JOUR,3745,002,Media and Popular Culture,F,32,1,PI,"DeFoster,Ruth M",Teaching Assistant Professor,defoster
1265,Sum 2026,UMNTC,UMNTC,JOUR,3745,002,Media and Popular Culture,W,32,1,PI,"DeFoster,Ruth M",Teaching Assistant Professor,defoster
1265,Sum 2026,UMNTC,UMNTC,JOUR,3751,001,Digital Media and Culture,A,28,15,PI,"Steinke,Allison Jeanne",Assistant Professor,stei1341
1265,Sum 2026,UMNTC,UMNTC,JOUR,3751,001,Digital Media and Culture,A-,28,3,PI,"Steinke,Allison Jeanne",Assistant Professor,stei1341
1265,Sum 2026,UMNTC,UMNTC,JOUR,3751,001,Digital Media and Culture,B,28,4,PI,"Steinke,Allison Jeanne",Assistant Professor,stei1341
1265,Sum 2026,UMNTC,UMNTC,JOUR,3751,001,Digital Media and Culture,B+,28,2,PI,"Steinke,Allison Jeanne",Assistant Professor,stei1341
1265,Sum 2026,UMNTC,UMNTC,JOUR,3751,001,Digital Media and Culture,B-,28,3,PI,"Steinke,Allison Jeanne",Assistant Professor,stei1341
1265,Sum 2026,UMNTC,UMNTC,JOUR,3751,001,Digital Media and Culture,S,28,1,PI,"Steinke,Allison Jeanne",Assistant Professor,stei1341
1265,Sum 2026,UMNTC,UMNTC,JOUR,3751,002,Digital Media and Culture,A,34,23,PI,"Steinke,Allison Jeanne",Assistant Professor,stei1341
1265,Sum 2026,UMNTC,UMNTC,JOUR,3751,002,Digital Media and Culture,A-,34,3,PI,"Steinke,Allison Jeanne",Assistant Professor,stei1341
1265,Sum 2026,UMNTC,UMNTC,JOUR,3751,002,Digital Media and Culture,B,34,2,PI,"Steinke,Allison Jeanne",Assistant Professor,stei1341
1265,Sum 2026,UMNTC,UMNTC,JOUR,3751,002,Digital Media and Culture,B+,34,1,PI,"Steinke,Allison Jeanne",Assistant Professor,stei1341
1265,Sum 2026,UMNTC,UMNTC,JOUR,3751,002,Digital Media and Culture,B-,34,1,PI,"Steinke,Allison Jeanne",Assistant Professor,stei1341
1265,Sum 2026,UMNTC,UMNTC,JOUR,3751,002,Digital Media and Culture,C,34,1,PI,"Steinke,Allison Jeanne",Assistant Professor,stei1341
1265,Sum 2026,UMNTC,UMNTC,JOUR,3751,002,Digital Media and Culture,C-,34,1,PI,"Steinke,Allison Jeanne",Assistant Professor,stei1341
1265,Sum 2026,UMNTC,UMNTC,JOUR,3751,002,Digital Media and Culture,D,34,1,PI,"Steinke,Allison Jeanne",Assistant Professor,stei1341
1265,Sum 2026,UMNTC,UMNTC,JOUR,3751,002,Digital Media and Culture,S,34,1,PI,"Steinke,Allison Jeanne",Assistant Professor,stei1341
1265,Sum 2026,UMNTC,UMNTC,JOUR,3759,002,"Sports, Media, and Information",A,11,5,PI,"Velloso,Carolina",Assistant Professor,cvelloso
1265,Sum 2026,UMNTC,UMNTC,JOUR,3759,002,"Sports, Media, and Information",A-,11,1,PI,"Velloso,Carolina",Assistant Professor,cvelloso
1265,Sum 2026,UMNTC,UMNTC,JOUR,3759,002,"Sports, Media, and Information",B,11,1,PI,"Velloso,Carolina",Assistant Professor,cvelloso
1265,Sum 2026,UMNTC,UMNTC,JOUR,3759,002,"Sports, Media, and Information",B-,11,1,PI,"Velloso,Carolina",Assistant Professor,cvelloso
1265,Sum 2026,UMNTC,UMNTC,JOUR,3759,002,"Sports, Media, and Information",C+,11,1,PI,"Velloso,Carolina",Assistant Professor,cvelloso
1265,Sum 2026,UMNTC,UMNTC,JOUR,3759,002,"Sports, Media, and Information",D+,11,1,PI,"Velloso,Carolina",Assistant Professor,cvelloso
1265,Sum 2026,UMNTC,UMNTC,JOUR,3759,002,"Sports, Media, and Information",F,11,1,PI,"Velloso,Carolina",Assistant Professor,cvelloso
1265,Sum 2026,UMNTC,UMNTC,JOUR,3761,001,Social Media Management,A,19,10,PI,"Belair-Gagnon,Valerie",Associate Professor,vbg
1265,Sum 2026,UMNTC,UMNTC,JOUR,3761,001,Social Media Management,A-,19,2,PI,"Belair-Gagnon,Valerie",Associate Professor,vbg
1265,Sum 2026,UMNTC,UMNTC,JOUR,3761,001,Social Media Management,B,19,2,PI,"Belair-Gagnon,Valerie",Associate Professor,vbg
1265,Sum 2026,UMNTC,UMNTC,JOUR,3761,001,Social Media Management,B+,19,1,PI,"Belair-Gagnon,Valerie",Associate Professor,vbg
1265,Sum 2026,UMNTC,UMNTC,JOUR,3761,001,Social Media Management,C,19,1,PI,"Belair-Gagnon,Valerie",Associate Professor,vbg
1265,Sum 2026,UMNTC,UMNTC,JOUR,3761,001,Social Media Management,D,19,1,PI,"Belair-Gagnon,Valerie",Associate Professor,vbg
1265,Sum 2026,UMNTC,UMNTC,JOUR,3761,001,Social Media Management,F,19,2,PI,"Belair-Gagnon,Valerie",Associate Professor,vbg
1265,Sum 2026,UMNTC,UMNTC,JOUR,3771,001,Media Ethics,A,11,6,PI,"Swenson,Stacie Ann",Lecturer,stacie
1265,Sum 2026,UMNTC,UMNTC,JOUR,3771,001,Media Ethics,A-,11,1,PI,"Swenson,Stacie Ann",Lecturer,stacie
1265,Sum 2026,UMNTC,UMNTC,JOUR,3771,001,Media Ethics,B+,11,1,PI,"Swenson,Stacie Ann",Lecturer,stacie
1265,Sum 2026,UMNTC,UMNTC,JOUR,3771,001,Media Ethics,D,11,1,PI,"Swenson,Stacie Ann",Lecturer,stacie
1265,Sum 2026,UMNTC,UMNTC,JOUR,3771,001,Media Ethics,F,11,1,PI,"Swenson,Stacie Ann",Lecturer,stacie
1265,Sum 2026,UMNTC,UMNTC,JOUR,3771,001,Media Ethics,S,11,1,PI,"Swenson,Stacie Ann",Lecturer,stacie
1265,Sum 2026,UMNTC,UMNTC,JOUR,4251,001,Psychology of Advertising,A,21,20,PI,"Katz,Sherri Jean",Associate Professor,sjkatz
1265,Sum 2026,UMNTC,UMNTC,JOUR,4251,001,Psychology of Advertising,B,21,1,PI,"Katz,Sherri Jean",Associate Professor,sjkatz
1265,Sum 2026,UMNTC,UMNTC,JOUR,4274W,001,Advertising in Society,A,18,8,PI,"DeFoster,Ruth M",Teaching Assistant Professor,defoster
1265,Sum 2026,UMNTC,UMNTC,JOUR,4274W,001,Advertising in Society,A-,18,5,PI,"DeFoster,Ruth M",Teaching Assistant Professor,defoster
1265,Sum 2026,UMNTC,UMNTC,JOUR,4274W,001,Advertising in Society,B,18,2,PI,"DeFoster,Ruth M",Teaching Assistant Professor,defoster
1265,Sum 2026,UMNTC,UMNTC,JOUR,4274W,001,Advertising in Society,B+,18,2,PI,"DeFoster,Ruth M",Teaching Assistant Professor,defoster
1265,Sum 2026,UMNTC,UMNTC,JOUR,4274W,001,Advertising in Society,F,18,1,PI,"DeFoster,Ruth M",Teaching Assistant Professor,defoster
1265,Sum 2026,UMNTC,UMNTC,JOUR,8206,001,Capstone,A,11,10,PI,"Sommerfeldt,Erich J",Professor,esommerf
1265,Sum 2026,UMNTC,UMNTC,JOUR,8206,001,Capstone,A-,11,1,PI,"Sommerfeldt,Erich J",Professor,esommerf
1265,Sum 2026,UMNTC,UMNTC,JOUR,8208,001,Leading Digital Strategy,A,20,18,PI,"Mandle,Dan N",Senior Lecturer,dnmandle
1265,Sum 2026,UMNTC,UMNTC,JOUR,8208,001,Leading Digital Strategy,B,20,1,PI,"Mandle,Dan N",Senior Lecturer,dnmandle
1265,Sum 2026,UMNTC,UMNTC,JOUR,8208,001,Leading Digital Strategy,F,20,1,PI,"Mandle,Dan N",Senior Lecturer,dnmandle
1265,Sum 2026,UMNTC,UMNTC,JOUR,8208,002,Leading Digital Strategy,A,13,9,PI,"Mandle,Dan N",Senior Lecturer,dnmandle
1265,Sum 2026,UMNTC,UMNTC,JOUR,8208,002,Leading Digital Strategy,A-,13,1,PI,"Mandle,Dan N",Senior Lecturer,dnmandle
1265,Sum 2026,UMNTC,UMNTC,JOUR,8208,002,Leading Digital Strategy,B+,13,1,PI,"Mandle,Dan N",Senior Lecturer,dnmandle
1265,Sum 2026,UMNTC,UMNTC,JOUR,8208,002,Leading Digital Strategy,B-,13,1,PI,"Mandle,Dan N",Senior Lecturer,dnmandle
1265,Sum 2026,UMNTC,UMNTC,JOUR,8208,002,Leading Digital Strategy,C,13,1,PI,"Mandle,Dan N",Senior Lecturer,dnmandle
1265,Sum 2026,UMNTC,UMNTC,KIN,3001,001,Lifetime Health & Wellness,A,42,26,PI,"Schuver,Katie Jo",Lecturer,schuv007
1265,Sum 2026,UMNTC,UMNTC,KIN,3001,001,Lifetime Health & Wellness,A-,42,3,PI,"Schuver,Katie Jo",Lecturer,schuv007
1265,Sum 2026,UMNTC,UMNTC,KIN,3001,001,Lifetime Health & Wellness,B,42,1,PI,"Schuver,Katie Jo",Lecturer,schuv007
1265,Sum 2026,UMNTC,UMNTC,KIN,3001,001,Lifetime Health & Wellness,B+,42,7,PI,"Schuver,Katie Jo",Lecturer,schuv007
1265,Sum 2026,UMNTC,UMNTC,KIN,3001,001,Lifetime Health & Wellness,C+,42,1,PI,"Schuver,Katie Jo",Lecturer,schuv007
1265,Sum 2026,UMNTC,UMNTC,KIN,3001,001,Lifetime Health & Wellness,D+,42,1,PI,"Schuver,Katie Jo",Lecturer,schuv007
1265,Sum 2026,UMNTC,UMNTC,KIN,3001,001,Lifetime Health & Wellness,F,42,1,PI,"Schuver,Katie Jo",Lecturer,schuv007
1265,Sum 2026,UMNTC,UMNTC,KIN,3001,001,Lifetime Health & Wellness,W,42,2,PI,"Schuver,Katie Jo",Lecturer,schuv007
1265,Sum 2026,UMNTC,UMNTC,KIN,3027,002,Human Anatomy for Kinesiology,A,14,3,PI,"Grafstrom,Lindsey Ann",,
1265,Sum 2026,UMNTC,UMNTC,KIN,3027,002,Human Anatomy for Kinesiology,B,14,4,PI,"Grafstrom,Lindsey Ann",,
1265,Sum 2026,UMNTC,UMNTC,KIN,3027,002,Human Anatomy for Kinesiology,B+,14,3,PI,"Grafstrom,Lindsey Ann",,
1265,Sum 2026,UMNTC,UMNTC,KIN,3027,002,Human Anatomy for Kinesiology,C,14,1,PI,"Grafstrom,Lindsey Ann",,
1265,Sum 2026,UMNTC,UMNTC,KIN,3027,002,Human Anatomy for Kinesiology,D,14,1,PI,"Grafstrom,Lindsey Ann",,
1265,Sum 2026,UMNTC,UMNTC,KIN,3027,002,Human Anatomy for Kinesiology,F,14,1,PI,"Grafstrom,Lindsey Ann",,
1265,Sum 2026,UMNTC,UMNTC,KIN,3027,002,Human Anatomy for Kinesiology,W,14,1,PI,"Grafstrom,Lindsey Ann",,
1265,Sum 2026,UMNTC,UMNTC,KIN,3027,003,Human Anatomy for Kinesiology,B,15,1,PI,"Grafstrom,Lindsey Ann",,
1265,Sum 2026,UMNTC,UMNTC,KIN,3027,003,Human Anatomy for Kinesiology,B+,15,1,PI,"Grafstrom,Lindsey Ann",,
1265,Sum 2026,UMNTC,UMNTC,KIN,3027,003,Human Anatomy for Kinesiology,B-,15,2,PI,"Grafstrom,Lindsey Ann",,
1265,Sum 2026,UMNTC,UMNTC,KIN,3027,003,Human Anatomy for Kinesiology,C,15,4,PI,"Grafstrom,Lindsey Ann",,
1265,Sum 2026,UMNTC,UMNTC,KIN,3027,003,Human Anatomy for Kinesiology,C+,15,4,PI,"Grafstrom,Lindsey Ann",,
1265,Sum 2026,UMNTC,UMNTC,KIN,3027,003,Human Anatomy for Kinesiology,D,15,1,PI,"Grafstrom,Lindsey Ann",,
1265,Sum 2026,UMNTC,UMNTC,KIN,3027,003,Human Anatomy for Kinesiology,D+,15,1,PI,"Grafstrom,Lindsey Ann",,
1265,Sum 2026,UMNTC,UMNTC,KIN,3027,003,Human Anatomy for Kinesiology,F,15,1,PI,"Grafstrom,Lindsey Ann",,
1265,Sum 2026,UMNTC,UMNTC,KIN,3112,102,Introduction to Biomechanics,A,22,4,PI,"Elangovan PhD,Naveen",Casual Nonexempt,naveen
1265,Sum 2026,UMNTC,UMNTC,KIN,3112,102,Introduction to Biomechanics,A-,22,3,PI,"Elangovan PhD,Naveen",Casual Nonexempt,naveen
1265,Sum 2026,UMNTC,UMNTC,KIN,3112,102,Introduction to Biomechanics,B,22,2,PI,"Elangovan PhD,Naveen",Casual Nonexempt,naveen
1265,Sum 2026,UMNTC,UMNTC,KIN,3112,102,Introduction to Biomechanics,B+,22,2,PI,"Elangovan PhD,Naveen",Casual Nonexempt,naveen
1265,Sum 2026,UMNTC,UMNTC,KIN,3112,102,Introduction to Biomechanics,B-,22,1,PI,"Elangovan PhD,Naveen",Casual Nonexempt,naveen
1265,Sum 2026,UMNTC,UMNTC,KIN,3112,102,Introduction to Biomechanics,C,22,6,PI,"Elangovan PhD,Naveen",Casual Nonexempt,naveen
1265,Sum 2026,UMNTC,UMNTC,KIN,3112,102,Introduction to Biomechanics,C+,22,2,PI,"Elangovan PhD,Naveen",Casual Nonexempt,naveen
1265,Sum 2026,UMNTC,UMNTC,KIN,3112,102,Introduction to Biomechanics,C-,22,2,PI,"Elangovan PhD,Naveen",Casual Nonexempt,naveen
1265,Sum 2026,UMNTC,UMNTC,KIN,4385,002,Exercise Physiology,A,20,1,PI,"Ruhland,Olivia Renee",,
1265,Sum 2026,UMNTC,UMNTC,KIN,4385,002,Exercise Physiology,A-,20,3,PI,"Ruhland,Olivia Renee",,
1265,Sum 2026,UMNTC,UMNTC,KIN,4385,002,Exercise Physiology,B,20,2,PI,"Ruhland,Olivia Renee",,
1265,Sum 2026,UMNTC,UMNTC,KIN,4385,002,Exercise Physiology,B+,20,1,PI,"Ruhland,Olivia Renee",,
1265,Sum 2026,UMNTC,UMNTC,KIN,4385,002,Exercise Physiology,B-,20,3,PI,"Ruhland,Olivia Renee",,
1265,Sum 2026,UMNTC,UMNTC,KIN,4385,002,Exercise Physiology,C,20,3,PI,"Ruhland,Olivia Renee",,
1265,Sum 2026,UMNTC,UMNTC,KIN,4385,002,Exercise Physiology,C+,20,4,PI,"Ruhland,Olivia Renee",,
1265,Sum 2026,UMNTC,UMNTC,KIN,4385,002,Exercise Physiology,C-,20,1,PI,"Ruhland,Olivia Renee",,
1265,Sum 2026,UMNTC,UMNTC,KIN,4385,002,Exercise Physiology,D+,20,1,PI,"Ruhland,Olivia Renee",,
1265,Sum 2026,UMNTC,UMNTC,KIN,4385,002,Exercise Physiology,W,20,1,PI,"Ruhland,Olivia Renee",,
1265,Sum 2026,UMNTC,UMNTC,LAMP,4177,301,Pathology for Allied Hlth Stdt,A,93,86,PI,"Meyer,Martha Willie",Program/Project Specialist,meye4091
1265,Sum 2026,UMNTC,UMNTC,LAMP,4177,301,Pathology for Allied Hlth Stdt,B,93,4,PI,"Meyer,Martha Willie",Program/Project Specialist,meye4091
1265,Sum 2026,UMNTC,UMNTC,LAMP,4177,301,Pathology for Allied Hlth Stdt,C,93,3,PI,"Meyer,Martha Willie",Program/Project Specialist,meye4091
1265,Sum 2026,UMNTC,UMNTC,LEAD,1961W,001,Personal Leadership in the U,A,24,15,PI,"Hingphith,Vongrathayuth",,
1265,Sum 2026,UMNTC,UMNTC,LEAD,1961W,001,Personal Leadership in the U,A-,24,2,PI,"Hingphith,Vongrathayuth",,
1265,Sum 2026,UMNTC,UMNTC,LEAD,1961W,001,Personal Leadership in the U,B,24,2,PI,"Hingphith,Vongrathayuth",,
1265,Sum 2026,UMNTC,UMNTC,LEAD,1961W,001,Personal Leadership in the U,B-,24,1,PI,"Hingphith,Vongrathayuth",,
1265,Sum 2026,UMNTC,UMNTC,LEAD,1961W,001,Personal Leadership in the U,C,24,1,PI,"Hingphith,Vongrathayuth",,
1265,Sum 2026,UMNTC,UMNTC,LEAD,1961W,001,Personal Leadership in the U,D+,24,2,PI,"Hingphith,Vongrathayuth",,
1265,Sum 2026,UMNTC,UMNTC,LEAD,1961W,001,Personal Leadership in the U,W,24,1,PI,"Hingphith,Vongrathayuth",,
1265,Sum 2026,UMNTC,UMNTC,LEAD,1961W,002,Personal Leadership in the U,A,23,13,PI,"Hingphith,Vongrathayuth",,
1265,Sum 2026,UMNTC,UMNTC,LEAD,1961W,002,Personal Leadership in the U,A-,23,1,PI,"Hingphith,Vongrathayuth",,
1265,Sum 2026,UMNTC,UMNTC,LEAD,1961W,002,Personal Leadership in the U,B,23,1,PI,"Hingphith,Vongrathayuth",,
1265,Sum 2026,UMNTC,UMNTC,LEAD,1961W,002,Personal Leadership in the U,B-,23,2,PI,"Hingphith,Vongrathayuth",,
1265,Sum 2026,UMNTC,UMNTC,LEAD,1961W,002,Personal Leadership in the U,C,23,2,PI,"Hingphith,Vongrathayuth",,
1265,Sum 2026,UMNTC,UMNTC,LEAD,1961W,002,Personal Leadership in the U,C+,23,1,PI,"Hingphith,Vongrathayuth",,
1265,Sum 2026,UMNTC,UMNTC,LEAD,1961W,002,Personal Leadership in the U,F,23,3,PI,"Hingphith,Vongrathayuth",,
1265,Sum 2026,UMNTC,UMNTC,LEAD,4481,500,"Ldrship/Social Change, Ireland",A,10,9,PI,"Harris,Margaret McKenny",Ed Pro 5-Ed Prog Dev & Implmt,mmharris
1265,Sum 2026,UMNTC,UMNTC,LEAD,4481,500,"Ldrship/Social Change, Ireland",C+,10,1,PI,"Harris,Margaret McKenny",Ed Pro 5-Ed Prog Dev & Implmt,mmharris
1265,Sum 2026,UMNDL,UMNDL,LING,1811,080,Introduction to Linguistics,A,10,2,PI,"Park,Chongwon",Professor,cpark2
1265,Sum 2026,UMNDL,UMNDL,LING,1811,080,Introduction to Linguistics,A-,10,4,PI,"Park,Chongwon",Professor,cpark2
1265,Sum 2026,UMNDL,UMNDL,LING,1811,080,Introduction to Linguistics,B,10,1,PI,"Park,Chongwon",Professor,cpark2
1265,Sum 2026,UMNDL,UMNDL,LING,1811,080,Introduction to Linguistics,B+,10,1,PI,"Park,Chongwon",Professor,cpark2
1265,Sum 2026,UMNDL,UMNDL,LING,1811,080,Introduction to Linguistics,F,10,1,PI,"Park,Chongwon",Professor,cpark2
1265,Sum 2026,UMNDL,UMNDL,LING,1811,080,Introduction to Linguistics,W,10,1,PI,"Park,Chongwon",Professor,cpark2
1265,Sum 2026,UMNTC,UMNTC,LING,3001,002,Introduction to Linguistics,A,14,5,PI,"Staley,Morgan Rood",Lecturer,mstaley
1265,Sum 2026,UMNTC,UMNTC,LING,3001,002,Introduction to Linguistics,A-,14,1,PI,"Staley,Morgan Rood",Lecturer,mstaley
1265,Sum 2026,UMNTC,UMNTC,LING,3001,002,Introduction to Linguistics,B,14,1,PI,"Staley,Morgan Rood",Lecturer,mstaley
1265,Sum 2026,UMNTC,UMNTC,LING,3001,002,Introduction to Linguistics,B+,14,3,PI,"Staley,Morgan Rood",Lecturer,mstaley
1265,Sum 2026,UMNTC,UMNTC,LING,3001,002,Introduction to Linguistics,B-,14,1,PI,"Staley,Morgan Rood",Lecturer,mstaley
1265,Sum 2026,UMNTC,UMNTC,LING,3001,002,Introduction to Linguistics,C,14,2,PI,"Staley,Morgan Rood",Lecturer,mstaley
1265,Sum 2026,UMNTC,UMNTC,LING,3001,002,Introduction to Linguistics,F,14,1,PI,"Staley,Morgan Rood",Lecturer,mstaley
1265,Sum 2026,UMNTC,UMNTC,LNDN,3375,500,Global Internship London,A,14,6,PI,,,
1265,Sum 2026,UMNTC,UMNTC,LNDN,3375,500,Global Internship London,A-,14,7,PI,,,
1265,Sum 2026,UMNTC,UMNTC,LNDN,3375,500,Global Internship London,B,14,1,PI,,,
1265,Sum 2026,UMNTC,UMNTC,MABA,6155,070,Generative AI for Business,A,44,15,PI,"Gupta,Alok",Professor,gupta037
1265,Sum 2026,UMNTC,UMNTC,MABA,6155,070,Generative AI for Business,A-,44,16,PI,"Gupta,Alok",Professor,gupta037
1265,Sum 2026,UMNTC,UMNTC,MABA,6155,070,Generative AI for Business,B,44,5,PI,"Gupta,Alok",Professor,gupta037
1265,Sum 2026,UMNTC,UMNTC,MABA,6155,070,Generative AI for Business,B+,44,8,PI,"Gupta,Alok",Professor,gupta037
1265,Sum 2026,UMNTC,UMNTC,MABA,6321,070,Data Management and Big Data,A,19,13,PI,"Liu,De",Professor,deliu
1265,Sum 2026,UMNTC,UMNTC,MABA,6321,070,Data Management and Big Data,A-,19,3,PI,"Liu,De",Professor,deliu
1265,Sum 2026,UMNTC,UMNTC,MABA,6321,070,Data Management and Big Data,B,19,1,PI,"Liu,De",Professor,deliu
1265,Sum 2026,UMNTC,UMNTC,MABA,6321,070,Data Management and Big Data,B+,19,1,PI,"Liu,De",Professor,deliu
1265,Sum 2026,UMNTC,UMNTC,MABA,6321,070,Data Management and Big Data,B-,19,1,PI,"Liu,De",Professor,deliu
1265,Sum 2026,UMNTC,UMNTC,MABA,6511,070,Experiential Learning,A,10,9,PI,"Gupta,Alok",Professor,gupta037
1265,Sum 2026,UMNTC,UMNTC,MABA,6511,070,Experiential Learning,W,10,1,PI,"Gupta,Alok",Professor,gupta037
1265,Sum 2026,UMNTC,UMNTC,MADR,3012,500,Internships in Spain,A,10,8,PI,,,
1265,Sum 2026,UMNTC,UMNTC,MADR,3012,500,Internships in Spain,B+,10,2,PI,,,
1265,Sum 2026,UMNTC,UMNTC,MADR,3301,500,Cross-Cultural Psychology,A,17,7,PI,,,
1265,Sum 2026,UMNTC,UMNTC,MADR,3301,500,Cross-Cultural Psychology,A-,17,6,PI,,,
1265,Sum 2026,UMNTC,UMNTC,MADR,3301,500,Cross-Cultural Psychology,B,17,1,PI,,,
1265,Sum 2026,UMNTC,UMNTC,MADR,3301,500,Cross-Cultural Psychology,B+,17,3,PI,,,
1265,Sum 2026,UMNDL,UMNDL,MATH,1005,001,College Algebra,A,20,2,PI,"Sharp,Angela Marie",Senior Instructor UEA,acates
1265,Sum 2026,UMNDL,UMNDL,MATH,1005,001,College Algebra,A-,20,2,PI,"Sharp,Angela Marie",Senior Instructor UEA,acates
1265,Sum 2026,UMNDL,UMNDL,MATH,1005,001,College Algebra,B,20,1,PI,"Sharp,Angela Marie",Senior Instructor UEA,acates
1265,Sum 2026,UMNDL,UMNDL,MATH,1005,001,College Algebra,B+,20,6,PI,"Sharp,Angela Marie",Senior Instructor UEA,acates
1265,Sum 2026,UMNDL,UMNDL,MATH,1005,001,College Algebra,B-,20,1,PI,"Sharp,Angela Marie",Senior Instructor UEA,acates
1265,Sum 2026,UMNDL,UMNDL,MATH,1005,001,College Algebra,C,20,5,PI,"Sharp,Angela Marie",Senior Instructor UEA,acates
1265,Sum 2026,UMNDL,UMNDL,MATH,1005,001,College Algebra,C-,20,2,PI,"Sharp,Angela Marie",Senior Instructor UEA,acates
1265,Sum 2026,UMNDL,UMNDL,MATH,1005,001,College Algebra,W,20,1,PI,"Sharp,Angela Marie",Senior Instructor UEA,acates
1265,Sum 2026,UMNCR,UMNCR,MATH,1031,E90,College Algebra,A,18,7,PI,"Reeves,Beth Anne",Lecturer,reevesb
1265,Sum 2026,UMNCR,UMNCR,MATH,1031,E90,College Algebra,A-,18,2,PI,"Reeves,Beth Anne",Lecturer,reevesb
1265,Sum 2026,UMNCR,UMNCR,MATH,1031,E90,College Algebra,B,18,1,PI,"Reeves,Beth Anne",Lecturer,reevesb
1265,Sum 2026,UMNCR,UMNCR,MATH,1031,E90,College Algebra,B+,18,2,PI,"Reeves,Beth Anne",Lecturer,reevesb
1265,Sum 2026,UMNCR,UMNCR,MATH,1031,E90,College Algebra,B-,18,1,PI,"Reeves,Beth Anne",Lecturer,reevesb
1265,Sum 2026,UMNCR,UMNCR,MATH,1031,E90,College Algebra,C,18,1,PI,"Reeves,Beth Anne",Lecturer,reevesb
1265,Sum 2026,UMNCR,UMNCR,MATH,1031,E90,College Algebra,F,18,3,PI,"Reeves,Beth Anne",Lecturer,reevesb
1265,Sum 2026,UMNCR,UMNCR,MATH,1031,E90,College Algebra,W,18,1,PI,"Reeves,Beth Anne",Lecturer,reevesb
1265,Sum 2026,UMNCR,UMNCR,MATH,1031,E91,College Algebra,A,14,9,PI,"Dufner,Mark S",Lecturer,dufne001
1265,Sum 2026,UMNCR,UMNCR,MATH,1031,E91,College Algebra,A-,14,3,PI,"Dufner,Mark S",Lecturer,dufne001
1265,Sum 2026,UMNCR,UMNCR,MATH,1031,E91,College Algebra,B+,14,1,PI,"Dufner,Mark S",Lecturer,dufne001
1265,Sum 2026,UMNCR,UMNCR,MATH,1031,E91,College Algebra,W,14,1,PI,"Dufner,Mark S",Lecturer,dufne001
1265,Sum 2026,UMNTC,UMNTC,MATH,1142,001,Short Calculus,A,11,2,PI,"Anderson,Nickolas",,
1265,Sum 2026,UMNTC,UMNTC,MATH,1142,001,Short Calculus,B,11,2,PI,"Anderson,Nickolas",,
1265,Sum 2026,UMNTC,UMNTC,MATH,1142,001,Short Calculus,B+,11,1,PI,"Anderson,Nickolas",,
1265,Sum 2026,UMNTC,UMNTC,MATH,1142,001,Short Calculus,C+,11,1,PI,"Anderson,Nickolas",,
1265,Sum 2026,UMNTC,UMNTC,MATH,1142,001,Short Calculus,C-,11,1,PI,"Anderson,Nickolas",,
1265,Sum 2026,UMNTC,UMNTC,MATH,1142,001,Short Calculus,F,11,3,PI,"Anderson,Nickolas",,
1265,Sum 2026,UMNTC,UMNTC,MATH,1142,001,Short Calculus,W,11,1,PI,"Anderson,Nickolas",,
1265,Sum 2026,UMNCR,UMNCR,MATH,1150,E90,Introduction to Statistics,A,29,17,PI,"Chapman,Theodore Jay",Teaching Specialist,tchapman
1265,Sum 2026,UMNCR,UMNCR,MATH,1150,E90,Introduction to Statistics,A-,29,2,PI,"Chapman,Theodore Jay",Teaching Specialist,tchapman
1265,Sum 2026,UMNCR,UMNCR,MATH,1150,E90,Introduction to Statistics,B+,29,1,PI,"Chapman,Theodore Jay",Teaching Specialist,tchapman
1265,Sum 2026,UMNCR,UMNCR,MATH,1150,E90,Introduction to Statistics,B-,29,2,PI,"Chapman,Theodore Jay",Teaching Specialist,tchapman
1265,Sum 2026,UMNCR,UMNCR,MATH,1150,E90,Introduction to Statistics,C,29,2,PI,"Chapman,Theodore Jay",Teaching Specialist,tchapman
1265,Sum 2026,UMNCR,UMNCR,MATH,1150,E90,Introduction to Statistics,C-,29,2,PI,"Chapman,Theodore Jay",Teaching Specialist,tchapman
1265,Sum 2026,UMNCR,UMNCR,MATH,1150,E90,Introduction to Statistics,F,29,2,PI,"Chapman,Theodore Jay",Teaching Specialist,tchapman
1265,Sum 2026,UMNCR,UMNCR,MATH,1150,E90,Introduction to Statistics,W,29,1,PI,"Chapman,Theodore Jay",Teaching Specialist,tchapman
1265,Sum 2026,UMNCR,UMNCR,MATH,1150,E91,Introduction to Statistics,A,20,9,PI,"Chapman,Theodore Jay",Teaching Specialist,tchapman
1265,Sum 2026,UMNCR,UMNCR,MATH,1150,E91,Introduction to Statistics,A-,20,1,PI,"Chapman,Theodore Jay",Teaching Specialist,tchapman
1265,Sum 2026,UMNCR,UMNCR,MATH,1150,E91,Introduction to Statistics,B,20,1,PI,"Chapman,Theodore Jay",Teaching Specialist,tchapman
1265,Sum 2026,UMNCR,UMNCR,MATH,1150,E91,Introduction to Statistics,B+,20,2,PI,"Chapman,Theodore Jay",Teaching Specialist,tchapman
1265,Sum 2026,UMNCR,UMNCR,MATH,1150,E91,Introduction to Statistics,B-,20,1,PI,"Chapman,Theodore Jay",Teaching Specialist,tchapman
1265,Sum 2026,UMNCR,UMNCR,MATH,1150,E91,Introduction to Statistics,C,20,1,PI,"Chapman,Theodore Jay",Teaching Specialist,tchapman
1265,Sum 2026,UMNCR,UMNCR,MATH,1150,E91,Introduction to Statistics,C+,20,1,PI,"Chapman,Theodore Jay",Teaching Specialist,tchapman
1265,Sum 2026,UMNCR,UMNCR,MATH,1150,E91,Introduction to Statistics,C-,20,1,PI,"Chapman,Theodore Jay",Teaching Specialist,tchapman
1265,Sum 2026,UMNCR,UMNCR,MATH,1150,E91,Introduction to Statistics,F,20,1,PI,"Chapman,Theodore Jay",Teaching Specialist,tchapman
1265,Sum 2026,UMNCR,UMNCR,MATH,1150,E91,Introduction to Statistics,W,20,2,PI,"Chapman,Theodore Jay",Teaching Specialist,tchapman
1265,Sum 2026,UMNDL,UMNDL,MATH,1160,001,"Finite, Intro Calculus",A,26,14,PI,"Freyberg,Bryan Joseph",Teaching Associate Professor,frey0031
1265,Sum 2026,UMNDL,UMNDL,MATH,1160,001,"Finite, Intro Calculus",A-,26,6,PI,"Freyberg,Bryan Joseph",Teaching Associate Professor,frey0031
1265,Sum 2026,UMNDL,UMNDL,MATH,1160,001,"Finite, Intro Calculus",B,26,3,PI,"Freyberg,Bryan Joseph",Teaching Associate Professor,frey0031
1265,Sum 2026,UMNDL,UMNDL,MATH,1160,001,"Finite, Intro Calculus",B+,26,3,PI,"Freyberg,Bryan Joseph",Teaching Associate Professor,frey0031
1265,Sum 2026,UMNDL,UMNDL,MATH,1250,001,Precalc Analysis,A,25,8,PI,"Carr,Laura",Instructor,zimm0230
1265,Sum 2026,UMNDL,UMNDL,MATH,1250,001,Precalc Analysis,B,25,4,PI,"Carr,Laura",Instructor,zimm0230
1265,Sum 2026,UMNDL,UMNDL,MATH,1250,001,Precalc Analysis,B+,25,1,PI,"Carr,Laura",Instructor,zimm0230
1265,Sum 2026,UMNDL,UMNDL,MATH,1250,001,Precalc Analysis,B-,25,1,PI,"Carr,Laura",Instructor,zimm0230
1265,Sum 2026,UMNDL,UMNDL,MATH,1250,001,Precalc Analysis,C,25,2,PI,"Carr,Laura",Instructor,zimm0230
1265,Sum 2026,UMNDL,UMNDL,MATH,1250,001,Precalc Analysis,C+,25,3,PI,"Carr,Laura",Instructor,zimm0230
1265,Sum 2026,UMNDL,UMNDL,MATH,1250,001,Precalc Analysis,F,25,1,PI,"Carr,Laura",Instructor,zimm0230
1265,Sum 2026,UMNDL,UMNDL,MATH,1250,001,Precalc Analysis,W,25,5,PI,"Carr,Laura",Instructor,zimm0230
1265,Sum 2026,UMNTC,UMNTC,MATH,1271,001,Calculus I,A,19,3,PI,"Trent,Lee",,
1265,Sum 2026,UMNTC,UMNTC,MATH,1271,001,Calculus I,A-,19,3,PI,"Trent,Lee",,
1265,Sum 2026,UMNTC,UMNTC,MATH,1271,001,Calculus I,B,19,2,PI,"Trent,Lee",,
1265,Sum 2026,UMNTC,UMNTC,MATH,1271,001,Calculus I,B+,19,1,PI,"Trent,Lee",,
1265,Sum 2026,UMNTC,UMNTC,MATH,1271,001,Calculus I,C,19,1,PI,"Trent,Lee",,
1265,Sum 2026,UMNTC,UMNTC,MATH,1271,001,Calculus I,C+,19,1,PI,"Trent,Lee",,
1265,Sum 2026,UMNTC,UMNTC,MATH,1271,001,Calculus I,C-,19,2,PI,"Trent,Lee",,
1265,Sum 2026,UMNTC,UMNTC,MATH,1271,001,Calculus I,D,19,1,PI,"Trent,Lee",,
1265,Sum 2026,UMNTC,UMNTC,MATH,1271,001,Calculus I,F,19,4,PI,"Trent,Lee",,
1265,Sum 2026,UMNTC,UMNTC,MATH,1271,001,Calculus I,W,19,1,PI,"Trent,Lee",,
1265,Sum 2026,UMNTC,UMNTC,MATH,1271,002,Calculus I,A,20,3,PI,"Marcus,Oliver Adam",,
1265,Sum 2026,UMNTC,UMNTC,MATH,1271,002,Calculus I,A-,20,1,PI,"Marcus,Oliver Adam",,
1265,Sum 2026,UMNTC,UMNTC,MATH,1271,002,Calculus I,B,20,2,PI,"Marcus,Oliver Adam",,
1265,Sum 2026,UMNTC,UMNTC,MATH,1271,002,Calculus I,B+,20,2,PI,"Marcus,Oliver Adam",,
1265,Sum 2026,UMNTC,UMNTC,MATH,1271,002,Calculus I,C,20,1,PI,"Marcus,Oliver Adam",,
1265,Sum 2026,UMNTC,UMNTC,MATH,1271,002,Calculus I,C-,20,1,PI,"Marcus,Oliver Adam",,
1265,Sum 2026,UMNTC,UMNTC,MATH,1271,002,Calculus I,D,20,4,PI,"Marcus,Oliver Adam",,
1265,Sum 2026,UMNTC,UMNTC,MATH,1271,002,Calculus I,F,20,2,PI,"Marcus,Oliver Adam",,
1265,Sum 2026,UMNTC,UMNTC,MATH,1271,002,Calculus I,W,20,4,PI,"Marcus,Oliver Adam",,
1265,Sum 2026,UMNTC,UMNTC,MATH,1271,003,Calculus I,A,41,29,PI,"Luo,David Chang",,
1265,Sum 2026,UMNTC,UMNTC,MATH,1271,003,Calculus I,A-,41,5,PI,"Luo,David Chang",,
1265,Sum 2026,UMNTC,UMNTC,MATH,1271,003,Calculus I,B,41,1,PI,"Luo,David Chang",,
1265,Sum 2026,UMNTC,UMNTC,MATH,1271,003,Calculus I,B+,41,1,PI,"Luo,David Chang",,
1265,Sum 2026,UMNTC,UMNTC,MATH,1271,003,Calculus I,B-,41,2,PI,"Luo,David Chang",,
1265,Sum 2026,UMNTC,UMNTC,MATH,1271,003,Calculus I,C+,41,1,PI,"Luo,David Chang",,
1265,Sum 2026,UMNTC,UMNTC,MATH,1271,003,Calculus I,D+,41,1,PI,"Luo,David Chang",,
1265,Sum 2026,UMNTC,UMNTC,MATH,1271,003,Calculus I,F,41,1,PI,"Luo,David Chang",,
1265,Sum 2026,UMNTC,UMNTC,MATH,1272,001,Calculus II,A,21,3,PI,"Fellman,Tasha Dove",,
1265,Sum 2026,UMNTC,UMNTC,MATH,1272,001,Calculus II,A-,21,2,PI,"Fellman,Tasha Dove",,
1265,Sum 2026,UMNTC,UMNTC,MATH,1272,001,Calculus II,B,21,2,PI,"Fellman,Tasha Dove",,
1265,Sum 2026,UMNTC,UMNTC,MATH,1272,001,Calculus II,B+,21,2,PI,"Fellman,Tasha Dove",,
1265,Sum 2026,UMNTC,UMNTC,MATH,1272,001,Calculus II,B-,21,3,PI,"Fellman,Tasha Dove",,
1265,Sum 2026,UMNTC,UMNTC,MATH,1272,001,Calculus II,C,21,2,PI,"Fellman,Tasha Dove",,
1265,Sum 2026,UMNTC,UMNTC,MATH,1272,001,Calculus II,C-,21,2,PI,"Fellman,Tasha Dove",,
1265,Sum 2026,UMNTC,UMNTC,MATH,1272,001,Calculus II,D,21,1,PI,"Fellman,Tasha Dove",,
1265,Sum 2026,UMNTC,UMNTC,MATH,1272,001,Calculus II,F,21,2,PI,"Fellman,Tasha Dove",,
1265,Sum 2026,UMNTC,UMNTC,MATH,1272,001,Calculus II,W,21,2,PI,"Fellman,Tasha Dove",,
1265,Sum 2026,UMNTC,UMNTC,MATH,1272,002,Calculus II,A,28,2,PI,"Plasek,Ashlen Artemis",,
1265,Sum 2026,UMNTC,UMNTC,MATH,1272,002,Calculus II,B,28,3,PI,"Plasek,Ashlen Artemis",,
1265,Sum 2026,UMNTC,UMNTC,MATH,1272,002,Calculus II,B+,28,3,PI,"Plasek,Ashlen Artemis",,
1265,Sum 2026,UMNTC,UMNTC,MATH,1272,002,Calculus II,B-,28,2,PI,"Plasek,Ashlen Artemis",,
1265,Sum 2026,UMNTC,UMNTC,MATH,1272,002,Calculus II,C,28,2,PI,"Plasek,Ashlen Artemis",,
1265,Sum 2026,UMNTC,UMNTC,MATH,1272,002,Calculus II,C+,28,5,PI,"Plasek,Ashlen Artemis",,
1265,Sum 2026,UMNTC,UMNTC,MATH,1272,002,Calculus II,C-,28,4,PI,"Plasek,Ashlen Artemis",,
1265,Sum 2026,UMNTC,UMNTC,MATH,1272,002,Calculus II,D,28,1,PI,"Plasek,Ashlen Artemis",,
1265,Sum 2026,UMNTC,UMNTC,MATH,1272,002,Calculus II,D+,28,4,PI,"Plasek,Ashlen Artemis",,
1265,Sum 2026,UMNTC,UMNTC,MATH,1272,002,Calculus II,F,28,2,PI,"Plasek,Ashlen Artemis",,
1265,Sum 2026,UMNTC,UMNTC,MATH,1272,003,Calculus II,A,31,15,PI,"Mukherjee,Sagnik",,
1265,Sum 2026,UMNTC,UMNTC,MATH,1272,003,Calculus II,A-,31,1,PI,"Mukherjee,Sagnik",,
1265,Sum 2026,UMNTC,UMNTC,MATH,1272,003,Calculus II,B,31,6,PI,"Mukherjee,Sagnik",,
1265,Sum 2026,UMNTC,UMNTC,MATH,1272,003,Calculus II,B+,31,3,PI,"Mukherjee,Sagnik",,
1265,Sum 2026,UMNTC,UMNTC,MATH,1272,003,Calculus II,B-,31,2,PI,"Mukherjee,Sagnik",,
1265,Sum 2026,UMNTC,UMNTC,MATH,1272,003,Calculus II,C,31,2,PI,"Mukherjee,Sagnik",,
1265,Sum 2026,UMNTC,UMNTC,MATH,1272,003,Calculus II,C+,31,2,PI,"Mukherjee,Sagnik",,
1265,Sum 2026,UMNTC,UMNTC,MATH,1272,004,Calculus II,A,27,6,PI,"Osco Huaricapcha,Carlos Alfredo",,
1265,Sum 2026,UMNTC,UMNTC,MATH,1272,004,Calculus II,A-,27,1,PI,"Osco Huaricapcha,Carlos Alfredo",,
1265,Sum 2026,UMNTC,UMNTC,MATH,1272,004,Calculus II,B,27,3,PI,"Osco Huaricapcha,Carlos Alfredo",,
1265,Sum 2026,UMNTC,UMNTC,MATH,1272,004,Calculus II,B+,27,5,PI,"Osco Huaricapcha,Carlos Alfredo",,
1265,Sum 2026,UMNTC,UMNTC,MATH,1272,004,Calculus II,B-,27,3,PI,"Osco Huaricapcha,Carlos Alfredo",,
1265,Sum 2026,UMNTC,UMNTC,MATH,1272,004,Calculus II,C,27,5,PI,"Osco Huaricapcha,Carlos Alfredo",,
1265,Sum 2026,UMNTC,UMNTC,MATH,1272,004,Calculus II,C+,27,1,PI,"Osco Huaricapcha,Carlos Alfredo",,
1265,Sum 2026,UMNTC,UMNTC,MATH,1272,004,Calculus II,C-,27,1,PI,"Osco Huaricapcha,Carlos Alfredo",,
1265,Sum 2026,UMNTC,UMNTC,MATH,1272,004,Calculus II,D,27,2,PI,"Osco Huaricapcha,Carlos Alfredo",,
1265,Sum 2026,UMNDL,UMNDL,MATH,1296,002,Calculus I,A,28,17,PI,"Pierson,Chad Michael",Instructor,cpierso1
1265,Sum 2026,UMNDL,UMNDL,MATH,1296,002,Calculus I,A-,28,2,PI,"Pierson,Chad Michael",Instructor,cpierso1
1265,Sum 2026,UMNDL,UMNDL,MATH,1296,002,Calculus I,B+,28,3,PI,"Pierson,Chad Michael",Instructor,cpierso1
1265,Sum 2026,UMNDL,UMNDL,MATH,1296,002,Calculus I,B-,28,1,PI,"Pierson,Chad Michael",Instructor,cpierso1
1265,Sum 2026,UMNDL,UMNDL,MATH,1296,002,Calculus I,D,28,1,PI,"Pierson,Chad Michael",Instructor,cpierso1
1265,Sum 2026,UMNDL,UMNDL,MATH,1296,002,Calculus I,F,28,2,PI,"Pierson,Chad Michael",Instructor,cpierso1
1265,Sum 2026,UMNDL,UMNDL,MATH,1296,002,Calculus I,W,28,2,PI,"Pierson,Chad Michael",Instructor,cpierso1
1265,Sum 2026,UMNDL,UMNDL,MATH,1296,004,Calculus I,A,21,8,PI,"Hovland,Seth Allen",Teaching Assistant Professor,hovl0070
1265,Sum 2026,UMNDL,UMNDL,MATH,1296,004,Calculus I,A-,21,4,PI,"Hovland,Seth Allen",Teaching Assistant Professor,hovl0070
1265,Sum 2026,UMNDL,UMNDL,MATH,1296,004,Calculus I,B+,21,1,PI,"Hovland,Seth Allen",Teaching Assistant Professor,hovl0070
1265,Sum 2026,UMNDL,UMNDL,MATH,1296,004,Calculus I,B-,21,2,PI,"Hovland,Seth Allen",Teaching Assistant Professor,hovl0070
1265,Sum 2026,UMNDL,UMNDL,MATH,1296,004,Calculus I,C,21,1,PI,"Hovland,Seth Allen",Teaching Assistant Professor,hovl0070
1265,Sum 2026,UMNDL,UMNDL,MATH,1296,004,Calculus I,D,21,1,PI,"Hovland,Seth Allen",Teaching Assistant Professor,hovl0070
1265,Sum 2026,UMNDL,UMNDL,MATH,1296,004,Calculus I,D+,21,1,PI,"Hovland,Seth Allen",Teaching Assistant Professor,hovl0070
1265,Sum 2026,UMNDL,UMNDL,MATH,1296,004,Calculus I,F,21,2,PI,"Hovland,Seth Allen",Teaching Assistant Professor,hovl0070
1265,Sum 2026,UMNDL,UMNDL,MATH,1296,004,Calculus I,W,21,1,PI,"Hovland,Seth Allen",Teaching Assistant Professor,hovl0070
1265,Sum 2026,UMNDL,UMNDL,MATH,1297,002,Calculus II,B,12,1,PI,"Schirle,Jessica",Teaching Assistant Professor,jschirle
1265,Sum 2026,UMNDL,UMNDL,MATH,1297,002,Calculus II,B+,12,2,PI,"Schirle,Jessica",Teaching Assistant Professor,jschirle
1265,Sum 2026,UMNDL,UMNDL,MATH,1297,002,Calculus II,B-,12,2,PI,"Schirle,Jessica",Teaching Assistant Professor,jschirle
1265,Sum 2026,UMNDL,UMNDL,MATH,1297,002,Calculus II,C+,12,3,PI,"Schirle,Jessica",Teaching Assistant Professor,jschirle
1265,Sum 2026,UMNDL,UMNDL,MATH,1297,002,Calculus II,D,12,1,PI,"Schirle,Jessica",Teaching Assistant Professor,jschirle
1265,Sum 2026,UMNDL,UMNDL,MATH,1297,002,Calculus II,F,12,2,PI,"Schirle,Jessica",Teaching Assistant Professor,jschirle
1265,Sum 2026,UMNDL,UMNDL,MATH,1297,002,Calculus II,W,12,1,PI,"Schirle,Jessica",Teaching Assistant Professor,jschirle
1265,Sum 2026,UMNDL,UMNDL,MATH,1297,004,Calculus II,A,28,5,PI,"Petersen,Kate",Professor,kpete
1265,Sum 2026,UMNDL,UMNDL,MATH,1297,004,Calculus II,B,28,3,PI,"Petersen,Kate",Professor,kpete
1265,Sum 2026,UMNDL,UMNDL,MATH,1297,004,Calculus II,B+,28,3,PI,"Petersen,Kate",Professor,kpete
1265,Sum 2026,UMNDL,UMNDL,MATH,1297,004,Calculus II,B-,28,2,PI,"Petersen,Kate",Professor,kpete
1265,Sum 2026,UMNDL,UMNDL,MATH,1297,004,Calculus II,C,28,3,PI,"Petersen,Kate",Professor,kpete
1265,Sum 2026,UMNDL,UMNDL,MATH,1297,004,Calculus II,C+,28,2,PI,"Petersen,Kate",Professor,kpete
1265,Sum 2026,UMNDL,UMNDL,MATH,1297,004,Calculus II,C-,28,2,PI,"Petersen,Kate",Professor,kpete
1265,Sum 2026,UMNDL,UMNDL,MATH,1297,004,Calculus II,D,28,2,PI,"Petersen,Kate",Professor,kpete
1265,Sum 2026,UMNDL,UMNDL,MATH,1297,004,Calculus II,F,28,4,PI,"Petersen,Kate",Professor,kpete
1265,Sum 2026,UMNDL,UMNDL,MATH,1297,004,Calculus II,W,28,2,PI,"Petersen,Kate",Professor,kpete
1265,Sum 2026,UMNTC,UMNTC,MATH,2243,001,Lin Alg & Diff Eqs,A,12,4,PI,"Cohen,Adam",,
1265,Sum 2026,UMNTC,UMNTC,MATH,2243,001,Lin Alg & Diff Eqs,A-,12,1,PI,"Cohen,Adam",,
1265,Sum 2026,UMNTC,UMNTC,MATH,2243,001,Lin Alg & Diff Eqs,B,12,1,PI,"Cohen,Adam",,
1265,Sum 2026,UMNTC,UMNTC,MATH,2243,001,Lin Alg & Diff Eqs,B+,12,3,PI,"Cohen,Adam",,
1265,Sum 2026,UMNTC,UMNTC,MATH,2243,001,Lin Alg & Diff Eqs,B-,12,1,PI,"Cohen,Adam",,
1265,Sum 2026,UMNTC,UMNTC,MATH,2243,001,Lin Alg & Diff Eqs,C+,12,1,PI,"Cohen,Adam",,
1265,Sum 2026,UMNTC,UMNTC,MATH,2243,001,Lin Alg & Diff Eqs,W,12,1,PI,"Cohen,Adam",,
1265,Sum 2026,UMNTC,UMNTC,MATH,2243,002,Lin Alg & Diff Eqs,A,16,4,PI,"Ge,Yuxuan",,
1265,Sum 2026,UMNTC,UMNTC,MATH,2243,002,Lin Alg & Diff Eqs,B,16,1,PI,"Ge,Yuxuan",,
1265,Sum 2026,UMNTC,UMNTC,MATH,2243,002,Lin Alg & Diff Eqs,B+,16,1,PI,"Ge,Yuxuan",,
1265,Sum 2026,UMNTC,UMNTC,MATH,2243,002,Lin Alg & Diff Eqs,B-,16,4,PI,"Ge,Yuxuan",,
1265,Sum 2026,UMNTC,UMNTC,MATH,2243,002,Lin Alg & Diff Eqs,C,16,3,PI,"Ge,Yuxuan",,
1265,Sum 2026,UMNTC,UMNTC,MATH,2243,002,Lin Alg & Diff Eqs,C-,16,3,PI,"Ge,Yuxuan",,
1265,Sum 2026,UMNTC,UMNTC,MATH,2243,003,Lin Alg & Diff Eqs,A,32,3,PI,"Brasic,Christine Stefica",,
1265,Sum 2026,UMNTC,UMNTC,MATH,2243,003,Lin Alg & Diff Eqs,A-,32,1,PI,"Brasic,Christine Stefica",,
1265,Sum 2026,UMNTC,UMNTC,MATH,2243,003,Lin Alg & Diff Eqs,B,32,7,PI,"Brasic,Christine Stefica",,
1265,Sum 2026,UMNTC,UMNTC,MATH,2243,003,Lin Alg & Diff Eqs,B+,32,3,PI,"Brasic,Christine Stefica",,
1265,Sum 2026,UMNTC,UMNTC,MATH,2243,003,Lin Alg & Diff Eqs,B-,32,1,PI,"Brasic,Christine Stefica",,
1265,Sum 2026,UMNTC,UMNTC,MATH,2243,003,Lin Alg & Diff Eqs,C,32,4,PI,"Brasic,Christine Stefica",,
1265,Sum 2026,UMNTC,UMNTC,MATH,2243,003,Lin Alg & Diff Eqs,C+,32,2,PI,"Brasic,Christine Stefica",,
1265,Sum 2026,UMNTC,UMNTC,MATH,2243,003,Lin Alg & Diff Eqs,C-,32,1,PI,"Brasic,Christine Stefica",,
1265,Sum 2026,UMNTC,UMNTC,MATH,2243,003,Lin Alg & Diff Eqs,D,32,1,PI,"Brasic,Christine Stefica",,
1265,Sum 2026,UMNTC,UMNTC,MATH,2243,003,Lin Alg & Diff Eqs,F,32,4,PI,"Brasic,Christine Stefica",,
1265,Sum 2026,UMNTC,UMNTC,MATH,2243,003,Lin Alg & Diff Eqs,W,32,5,PI,"Brasic,Christine Stefica",,
1265,Sum 2026,UMNTC,UMNTC,MATH,2263,002,Multivariable Calc,A,15,3,PI,"Credi,Garrett",,
1265,Sum 2026,UMNTC,UMNTC,MATH,2263,002,Multivariable Calc,B+,15,3,PI,"Credi,Garrett",,
1265,Sum 2026,UMNTC,UMNTC,MATH,2263,002,Multivariable Calc,B-,15,1,PI,"Credi,Garrett",,
1265,Sum 2026,UMNTC,UMNTC,MATH,2263,002,Multivariable Calc,C+,15,1,PI,"Credi,Garrett",,
1265,Sum 2026,UMNTC,UMNTC,MATH,2263,002,Multivariable Calc,C-,15,2,PI,"Credi,Garrett",,
1265,Sum 2026,UMNTC,UMNTC,MATH,2263,002,Multivariable Calc,D,15,2,PI,"Credi,Garrett",,
1265,Sum 2026,UMNTC,UMNTC,MATH,2263,002,Multivariable Calc,F,15,2,PI,"Credi,Garrett",,
1265,Sum 2026,UMNTC,UMNTC,MATH,2263,002,Multivariable Calc,W,15,1,PI,"Credi,Garrett",,
1265,Sum 2026,UMNTC,UMNTC,MATH,2263,003,Multivariable Calc,A,37,24,PI,"Medlock,Luna",,
1265,Sum 2026,UMNTC,UMNTC,MATH,2263,003,Multivariable Calc,A-,37,2,PI,"Medlock,Luna",,
1265,Sum 2026,UMNTC,UMNTC,MATH,2263,003,Multivariable Calc,B,37,6,PI,"Medlock,Luna",,
1265,Sum 2026,UMNTC,UMNTC,MATH,2263,003,Multivariable Calc,B+,37,3,PI,"Medlock,Luna",,
1265,Sum 2026,UMNTC,UMNTC,MATH,2263,003,Multivariable Calc,C+,37,1,PI,"Medlock,Luna",,
1265,Sum 2026,UMNTC,UMNTC,MATH,2263,003,Multivariable Calc,D+,37,1,PI,"Medlock,Luna",,
1265,Sum 2026,UMNDL,UMNDL,MATH,3280,002,Differential Equations,A,23,11,PI,"Fei,Guihua",Associate Professor,gfei
1265,Sum 2026,UMNDL,UMNDL,MATH,3280,002,Differential Equations,A-,23,3,PI,"Fei,Guihua",Associate Professor,gfei
1265,Sum 2026,UMNDL,UMNDL,MATH,3280,002,Differential Equations,B,23,4,PI,"Fei,Guihua",Associate Professor,gfei
1265,Sum 2026,UMNDL,UMNDL,MATH,3280,002,Differential Equations,B+,23,3,PI,"Fei,Guihua",Associate Professor,gfei
1265,Sum 2026,UMNDL,UMNDL,MATH,3280,002,Differential Equations,C+,23,1,PI,"Fei,Guihua",Associate Professor,gfei
1265,Sum 2026,UMNDL,UMNDL,MATH,3280,002,Differential Equations,W,23,1,PI,"Fei,Guihua",Associate Professor,gfei
1265,Sum 2026,UMNDL,UMNDL,MATH,3298,002,Calculus III,A,22,11,PI,"Colt,Diana Lynn",Teaching Assistant Professor,dcolt1
1265,Sum 2026,UMNDL,UMNDL,MATH,3298,002,Calculus III,A-,22,1,PI,"Colt,Diana Lynn",Teaching Assistant Professor,dcolt1
1265,Sum 2026,UMNDL,UMNDL,MATH,3298,002,Calculus III,B,22,4,PI,"Colt,Diana Lynn",Teaching Assistant Professor,dcolt1
1265,Sum 2026,UMNDL,UMNDL,MATH,3298,002,Calculus III,B+,22,2,PI,"Colt,Diana Lynn",Teaching Assistant Professor,dcolt1
1265,Sum 2026,UMNDL,UMNDL,MATH,3298,002,Calculus III,B-,22,1,PI,"Colt,Diana Lynn",Teaching Assistant Professor,dcolt1
1265,Sum 2026,UMNDL,UMNDL,MATH,3298,002,Calculus III,C,22,1,PI,"Colt,Diana Lynn",Teaching Assistant Professor,dcolt1
1265,Sum 2026,UMNDL,UMNDL,MATH,3298,002,Calculus III,C+,22,1,PI,"Colt,Diana Lynn",Teaching Assistant Professor,dcolt1
1265,Sum 2026,UMNDL,UMNDL,MATH,3298,002,Calculus III,F,22,1,PI,"Colt,Diana Lynn",Teaching Assistant Professor,dcolt1
1265,Sum 2026,UMNTC,UMNTC,MATH,4242,001,Applied Linear Algebra,A,25,7,PI,"Li,Nan",,
1265,Sum 2026,UMNTC,UMNTC,MATH,4242,001,Applied Linear Algebra,A-,25,3,PI,"Li,Nan",,
1265,Sum 2026,UMNTC,UMNTC,MATH,4242,001,Applied Linear Algebra,B,25,1,PI,"Li,Nan",,
1265,Sum 2026,UMNTC,UMNTC,MATH,4242,001,Applied Linear Algebra,B+,25,4,PI,"Li,Nan",,
1265,Sum 2026,UMNTC,UMNTC,MATH,4242,001,Applied Linear Algebra,B-,25,2,PI,"Li,Nan",,
1265,Sum 2026,UMNTC,UMNTC,MATH,4242,001,Applied Linear Algebra,C,25,2,PI,"Li,Nan",,
1265,Sum 2026,UMNTC,UMNTC,MATH,4242,001,Applied Linear Algebra,C+,25,1,PI,"Li,Nan",,
1265,Sum 2026,UMNTC,UMNTC,MATH,4242,001,Applied Linear Algebra,C-,25,2,PI,"Li,Nan",,
1265,Sum 2026,UMNTC,UMNTC,MATH,4242,001,Applied Linear Algebra,F,25,2,PI,"Li,Nan",,
1265,Sum 2026,UMNTC,UMNTC,MATH,4242,001,Applied Linear Algebra,W,25,1,PI,"Li,Nan",,
1265,Sum 2026,UMNTC,UMNTC,MBA,6031,070,Financial Acctg,A,31,11,PI,"Poch,Kendell Kaye",Senior Lecturer,beck0620
1265,Sum 2026,UMNTC,UMNTC,MBA,6031,070,Financial Acctg,A-,31,6,PI,"Poch,Kendell Kaye",Senior Lecturer,beck0620
1265,Sum 2026,UMNTC,UMNTC,MBA,6031,070,Financial Acctg,B,31,4,PI,"Poch,Kendell Kaye",Senior Lecturer,beck0620
1265,Sum 2026,UMNTC,UMNTC,MBA,6031,070,Financial Acctg,B+,31,7,PI,"Poch,Kendell Kaye",Senior Lecturer,beck0620
1265,Sum 2026,UMNTC,UMNTC,MBA,6031,070,Financial Acctg,B-,31,2,PI,"Poch,Kendell Kaye",Senior Lecturer,beck0620
1265,Sum 2026,UMNTC,UMNTC,MBA,6031,070,Financial Acctg,C,31,1,PI,"Poch,Kendell Kaye",Senior Lecturer,beck0620
1265,Sum 2026,UMNTC,UMNTC,MBA,6035,070,Managerial Acctg,A,35,12,PI,"Forester,Clayton L",Senior Lecturer,claytonf
1265,Sum 2026,UMNTC,UMNTC,MBA,6035,070,Managerial Acctg,A-,35,5,PI,"Forester,Clayton L",Senior Lecturer,claytonf
1265,Sum 2026,UMNTC,UMNTC,MBA,6035,070,Managerial Acctg,B,35,5,PI,"Forester,Clayton L",Senior Lecturer,claytonf
1265,Sum 2026,UMNTC,UMNTC,MBA,6035,070,Managerial Acctg,B+,35,6,PI,"Forester,Clayton L",Senior Lecturer,claytonf
1265,Sum 2026,UMNTC,UMNTC,MBA,6035,070,Managerial Acctg,B-,35,1,PI,"Forester,Clayton L",Senior Lecturer,claytonf
1265,Sum 2026,UMNTC,UMNTC,MBA,6035,070,Managerial Acctg,C,35,1,PI,"Forester,Clayton L",Senior Lecturer,claytonf
1265,Sum 2026,UMNTC,UMNTC,MBA,6035,070,Managerial Acctg,C+,35,4,PI,"Forester,Clayton L",Senior Lecturer,claytonf
1265,Sum 2026,UMNTC,UMNTC,MBA,6035,070,Managerial Acctg,F,35,1,PI,"Forester,Clayton L",Senior Lecturer,claytonf
1265,Sum 2026,UMNTC,UMNTC,MBA,6121,070,Data Analysis for Managers,A,31,23,PI,"Juneja,Bhupinder Singh",Senior Lecturer,junej003
1265,Sum 2026,UMNTC,UMNTC,MBA,6121,070,Data Analysis for Managers,A-,31,2,PI,"Juneja,Bhupinder Singh",Senior Lecturer,junej003
1265,Sum 2026,UMNTC,UMNTC,MBA,6121,070,Data Analysis for Managers,B,31,1,PI,"Juneja,Bhupinder Singh",Senior Lecturer,junej003
1265,Sum 2026,UMNTC,UMNTC,MBA,6121,070,Data Analysis for Managers,B+,31,3,PI,"Juneja,Bhupinder Singh",Senior Lecturer,junej003
1265,Sum 2026,UMNTC,UMNTC,MBA,6121,070,Data Analysis for Managers,C,31,1,PI,"Juneja,Bhupinder Singh",Senior Lecturer,junej003
1265,Sum 2026,UMNTC,UMNTC,MBA,6121,070,Data Analysis for Managers,D,31,1,PI,"Juneja,Bhupinder Singh",Senior Lecturer,junej003
1265,Sum 2026,UMNTC,UMNTC,MBA,6141,070,Managerial Economics,A,40,7,PI,"Waldfogel,Joel",Professor,jwaldfog
1265,Sum 2026,UMNTC,UMNTC,MBA,6141,070,Managerial Economics,A-,40,6,PI,"Waldfogel,Joel",Professor,jwaldfog
1265,Sum 2026,UMNTC,UMNTC,MBA,6141,070,Managerial Economics,B,40,9,PI,"Waldfogel,Joel",Professor,jwaldfog
1265,Sum 2026,UMNTC,UMNTC,MBA,6141,070,Managerial Economics,B+,40,13,PI,"Waldfogel,Joel",Professor,jwaldfog
1265,Sum 2026,UMNTC,UMNTC,MBA,6141,070,Managerial Economics,B-,40,2,PI,"Waldfogel,Joel",Professor,jwaldfog
1265,Sum 2026,UMNTC,UMNTC,MBA,6141,070,Managerial Economics,C,40,2,PI,"Waldfogel,Joel",Professor,jwaldfog
1265,Sum 2026,UMNTC,UMNTC,MBA,6141,070,Managerial Economics,C-,40,1,PI,"Waldfogel,Joel",Professor,jwaldfog
1265,Sum 2026,UMNTC,UMNTC,MBA,6211,070,Marketing Management,A,70,20,PI,"Nelson,Corey",Senior Lecturer,nels9420
1265,Sum 2026,UMNTC,UMNTC,MBA,6211,070,Marketing Management,A-,70,15,PI,"Nelson,Corey",Senior Lecturer,nels9420
1265,Sum 2026,UMNTC,UMNTC,MBA,6211,070,Marketing Management,B,70,13,PI,"Nelson,Corey",Senior Lecturer,nels9420
1265,Sum 2026,UMNTC,UMNTC,MBA,6211,070,Marketing Management,B+,70,13,PI,"Nelson,Corey",Senior Lecturer,nels9420
1265,Sum 2026,UMNTC,UMNTC,MBA,6211,070,Marketing Management,B-,70,5,PI,"Nelson,Corey",Senior Lecturer,nels9420
1265,Sum 2026,UMNTC,UMNTC,MBA,6211,070,Marketing Management,C+,70,2,PI,"Nelson,Corey",Senior Lecturer,nels9420
1265,Sum 2026,UMNTC,UMNTC,MBA,6211,070,Marketing Management,C-,70,1,PI,"Nelson,Corey",Senior Lecturer,nels9420
1265,Sum 2026,UMNTC,UMNTC,MBA,6211,070,Marketing Management,F,70,1,PI,"Nelson,Corey",Senior Lecturer,nels9420
1265,Sum 2026,UMNTC,UMNTC,MBA,6221,090,Supply Chain & Operations,A,19,5,PI,"Thomas,Peter",Senior Lecturer,thom8370
1265,Sum 2026,UMNTC,UMNTC,MBA,6221,090,Supply Chain & Operations,A-,19,12,PI,"Thomas,Peter",Senior Lecturer,thom8370
1265,Sum 2026,UMNTC,UMNTC,MBA,6221,090,Supply Chain & Operations,B,19,1,PI,"Thomas,Peter",Senior Lecturer,thom8370
1265,Sum 2026,UMNTC,UMNTC,MBA,6221,090,Supply Chain & Operations,B+,19,1,PI,"Thomas,Peter",Senior Lecturer,thom8370
1265,Sum 2026,UMNTC,UMNTC,MBA,6231,070,Financial Management,A,52,17,PI,"Moser,Helen",Senior Lecturer,moser092
1265,Sum 2026,UMNTC,UMNTC,MBA,6231,070,Financial Management,A-,52,9,PI,"Moser,Helen",Senior Lecturer,moser092
1265,Sum 2026,UMNTC,UMNTC,MBA,6231,070,Financial Management,B,52,14,PI,"Moser,Helen",Senior Lecturer,moser092
1265,Sum 2026,UMNTC,UMNTC,MBA,6231,070,Financial Management,B+,52,6,PI,"Moser,Helen",Senior Lecturer,moser092
1265,Sum 2026,UMNTC,UMNTC,MBA,6231,070,Financial Management,B-,52,3,PI,"Moser,Helen",Senior Lecturer,moser092
1265,Sum 2026,UMNTC,UMNTC,MBA,6231,070,Financial Management,C,52,1,PI,"Moser,Helen",Senior Lecturer,moser092
1265,Sum 2026,UMNTC,UMNTC,MBA,6231,070,Financial Management,C+,52,1,PI,"Moser,Helen",Senior Lecturer,moser092
1265,Sum 2026,UMNTC,UMNTC,MBA,6231,070,Financial Management,F,52,1,PI,"Moser,Helen",Senior Lecturer,moser092
1265,Sum 2026,UMNTC,UMNTC,MBA,6301,070,Strategic Mgmt,A,28,8,PI,"Kaufmann,Jeffrey Baer",Senior Lecturer,jbkaufma
1265,Sum 2026,UMNTC,UMNTC,MBA,6301,070,Strategic Mgmt,A-,28,6,PI,"Kaufmann,Jeffrey Baer",Senior Lecturer,jbkaufma
1265,Sum 2026,UMNTC,UMNTC,MBA,6301,070,Strategic Mgmt,B,28,5,PI,"Kaufmann,Jeffrey Baer",Senior Lecturer,jbkaufma
1265,Sum 2026,UMNTC,UMNTC,MBA,6301,070,Strategic Mgmt,B+,28,9,PI,"Kaufmann,Jeffrey Baer",Senior Lecturer,jbkaufma
1265,Sum 2026,UMNTC,UMNTC,MBA,6315,070,Business Ethics,A,67,12,PI,"Kaufmann,Jeffrey Baer",Senior Lecturer,jbkaufma
1265,Sum 2026,UMNTC,UMNTC,MBA,6315,070,Business Ethics,A-,67,10,PI,"Kaufmann,Jeffrey Baer",Senior Lecturer,jbkaufma
1265,Sum 2026,UMNTC,UMNTC,MBA,6315,070,Business Ethics,B,67,11,PI,"Kaufmann,Jeffrey Baer",Senior Lecturer,jbkaufma
1265,Sum 2026,UMNTC,UMNTC,MBA,6315,070,Business Ethics,B+,67,30,PI,"Kaufmann,Jeffrey Baer",Senior Lecturer,jbkaufma
1265,Sum 2026,UMNTC,UMNTC,MBA,6315,070,Business Ethics,B-,67,4,PI,"Kaufmann,Jeffrey Baer",Senior Lecturer,jbkaufma
1265,Sum 2026,UMNDL,UMNDL,MBA,8111,001,Business Ethics,A,21,19,PI,"Lukasavitz,Brian Thomas",Teaching Assistant Professor,blukasav
1265,Sum 2026,UMNDL,UMNDL,MBA,8111,001,Business Ethics,A-,21,2,PI,"Lukasavitz,Brian Thomas",Teaching Assistant Professor,blukasav
1265,Sum 2026,UMNDL,UMNDL,MBA,8211,001,Data Analysis,A,21,18,PI,"Ren,Yufei",Associate Professor,yren
1265,Sum 2026,UMNDL,UMNDL,MBA,8211,001,Data Analysis,A-,21,3,PI,"Ren,Yufei",Associate Professor,yren
1265,Sum 2026,UMNDL,UMNDL,MBA,8811,800,HR Challenges,A,14,9,PI,"David,Jannifer Gregory",Associate Professor,jdavid
1265,Sum 2026,UMNDL,UMNDL,MBA,8811,800,HR Challenges,A-,14,4,PI,"David,Jannifer Gregory",Associate Professor,jdavid
1265,Sum 2026,UMNDL,UMNDL,MBA,8811,800,HR Challenges,B+,14,1,PI,"David,Jannifer Gregory",Associate Professor,jdavid
1265,Sum 2026,UMNDL,UMNDL,MBA,8911,001,Strategic Management,A,29,14,PI,"Sinha,Kanhaiya Kumar",Associate Professor,sinhak
1265,Sum 2026,UMNDL,UMNDL,MBA,8911,001,Strategic Management,A-,29,10,PI,"Sinha,Kanhaiya Kumar",Associate Professor,sinhak
1265,Sum 2026,UMNDL,UMNDL,MBA,8911,001,Strategic Management,B,29,2,PI,"Sinha,Kanhaiya Kumar",Associate Professor,sinhak
1265,Sum 2026,UMNDL,UMNDL,MBA,8911,001,Strategic Management,B+,29,2,PI,"Sinha,Kanhaiya Kumar",Associate Professor,sinhak
1265,Sum 2026,UMNDL,UMNDL,MBA,8911,001,Strategic Management,C+,29,1,PI,"Sinha,Kanhaiya Kumar",Associate Professor,sinhak
1265,Sum 2026,UMNTC,UMNTC,MBT,6335,070,Taxation Small Business Corp,A,13,3,PI,"Brauer,David",Lecturer,brau0137
1265,Sum 2026,UMNTC,UMNTC,MBT,6335,070,Taxation Small Business Corp,A-,13,2,PI,"Brauer,David",Lecturer,brau0137
1265,Sum 2026,UMNTC,UMNTC,MBT,6335,070,Taxation Small Business Corp,B,13,5,PI,"Brauer,David",Lecturer,brau0137
1265,Sum 2026,UMNTC,UMNTC,MBT,6335,070,Taxation Small Business Corp,B+,13,3,PI,"Brauer,David",Lecturer,brau0137
1265,Sum 2026,UMNTC,UMNTC,ME,3333,001,Heat Transfer,A,25,5,PI,"Anderson,Matt James",Teaching Associate Professor,mja
1265,Sum 2026,UMNTC,UMNTC,ME,3333,001,Heat Transfer,A-,25,8,PI,"Anderson,Matt James",Teaching Associate Professor,mja
1265,Sum 2026,UMNTC,UMNTC,ME,3333,001,Heat Transfer,B,25,3,PI,"Anderson,Matt James",Teaching Associate Professor,mja
1265,Sum 2026,UMNTC,UMNTC,ME,3333,001,Heat Transfer,B+,25,2,PI,"Anderson,Matt James",Teaching Associate Professor,mja
1265,Sum 2026,UMNTC,UMNTC,ME,3333,001,Heat Transfer,B-,25,1,PI,"Anderson,Matt James",Teaching Associate Professor,mja
1265,Sum 2026,UMNTC,UMNTC,ME,3333,001,Heat Transfer,C,25,2,PI,"Anderson,Matt James",Teaching Associate Professor,mja
1265,Sum 2026,UMNTC,UMNTC,ME,3333,001,Heat Transfer,C+,25,2,PI,"Anderson,Matt James",Teaching Associate Professor,mja
1265,Sum 2026,UMNTC,UMNTC,ME,3333,001,Heat Transfer,F,25,2,PI,"Anderson,Matt James",Teaching Associate Professor,mja
1265,Sum 2026,UMNTC,UMNTC,ME,5281,001,Feedback Control Systems,A,12,7,PI,"Escobar Naranjo,Daniel",Teaching Assistant Professor,escob060
1265,Sum 2026,UMNTC,UMNTC,ME,5281,001,Feedback Control Systems,B+,12,1,PI,"Escobar Naranjo,Daniel",Teaching Assistant Professor,escob060
1265,Sum 2026,UMNTC,UMNTC,ME,5281,001,Feedback Control Systems,B-,12,1,PI,"Escobar Naranjo,Daniel",Teaching Assistant Professor,escob060
1265,Sum 2026,UMNTC,UMNTC,ME,5281,001,Feedback Control Systems,C,12,1,PI,"Escobar Naranjo,Daniel",Teaching Assistant Professor,escob060
1265,Sum 2026,UMNTC,UMNTC,ME,5281,001,Feedback Control Systems,C+,12,1,PI,"Escobar Naranjo,Daniel",Teaching Assistant Professor,escob060
1265,Sum 2026,UMNTC,UMNTC,ME,5281,001,Feedback Control Systems,C-,12,1,PI,"Escobar Naranjo,Daniel",Teaching Assistant Professor,escob060
1265,Sum 2026,UMNTC,UMNTC,MED,7500,081,Medicine Clerkship,N,34,1,PI,"Nikakhtar,Nersi",,
1265,Sum 2026,UMNTC,UMNTC,MED,7500,081,Medicine Clerkship,P,34,33,PI,"Nikakhtar,Nersi",,
1265,Sum 2026,UMNTC,UMNTC,MGMT,3001,070,Fund. of Mgmt,A,61,19,PI,"Baumann,Kelsey Blair",Teaching Specialist,bauma170
1265,Sum 2026,UMNTC,UMNTC,MGMT,3001,070,Fund. of Mgmt,A-,61,12,PI,"Baumann,Kelsey Blair",Teaching Specialist,bauma170
1265,Sum 2026,UMNTC,UMNTC,MGMT,3001,070,Fund. of Mgmt,B,61,7,PI,"Baumann,Kelsey Blair",Teaching Specialist,bauma170
1265,Sum 2026,UMNTC,UMNTC,MGMT,3001,070,Fund. of Mgmt,B+,61,15,PI,"Baumann,Kelsey Blair",Teaching Specialist,bauma170
1265,Sum 2026,UMNTC,UMNTC,MGMT,3001,070,Fund. of Mgmt,B-,61,2,PI,"Baumann,Kelsey Blair",Teaching Specialist,bauma170
1265,Sum 2026,UMNTC,UMNTC,MGMT,3001,070,Fund. of Mgmt,C,61,2,PI,"Baumann,Kelsey Blair",Teaching Specialist,bauma170
1265,Sum 2026,UMNTC,UMNTC,MGMT,3001,070,Fund. of Mgmt,C+,61,1,PI,"Baumann,Kelsey Blair",Teaching Specialist,bauma170
1265,Sum 2026,UMNTC,UMNTC,MGMT,3001,070,Fund. of Mgmt,F,61,1,PI,"Baumann,Kelsey Blair",Teaching Specialist,bauma170
1265,Sum 2026,UMNTC,UMNTC,MGMT,3001,070,Fund. of Mgmt,W,61,2,PI,"Baumann,Kelsey Blair",Teaching Specialist,bauma170
1265,Sum 2026,UMNCR,UMNCR,MGMT,3200,E90,Principles of Management,A,30,21,PI,"Lundbohm,Rachel Lea",Associate Professor,rlundboh
1265,Sum 2026,UMNCR,UMNCR,MGMT,3200,E90,Principles of Management,A-,30,5,PI,"Lundbohm,Rachel Lea",Associate Professor,rlundboh
1265,Sum 2026,UMNCR,UMNCR,MGMT,3200,E90,Principles of Management,B+,30,2,PI,"Lundbohm,Rachel Lea",Associate Professor,rlundboh
1265,Sum 2026,UMNCR,UMNCR,MGMT,3200,E90,Principles of Management,B-,30,1,PI,"Lundbohm,Rachel Lea",Associate Professor,rlundboh
1265,Sum 2026,UMNCR,UMNCR,MGMT,3200,E90,Principles of Management,W,30,1,PI,"Lundbohm,Rachel Lea",Associate Professor,rlundboh
1265,Sum 2026,UMNCR,UMNCR,MGMT,3200,E91,Principles of Management,A,23,13,PI,"Myers,Ken W",Associate Professor,kmyers
1265,Sum 2026,UMNCR,UMNCR,MGMT,3200,E91,Principles of Management,A-,23,1,PI,"Myers,Ken W",Associate Professor,kmyers
1265,Sum 2026,UMNCR,UMNCR,MGMT,3200,E91,Principles of Management,B+,23,1,PI,"Myers,Ken W",Associate Professor,kmyers
1265,Sum 2026,UMNCR,UMNCR,MGMT,3200,E91,Principles of Management,B-,23,1,PI,"Myers,Ken W",Associate Professor,kmyers
1265,Sum 2026,UMNCR,UMNCR,MGMT,3200,E91,Principles of Management,C-,23,1,PI,"Myers,Ken W",Associate Professor,kmyers
1265,Sum 2026,UMNCR,UMNCR,MGMT,3200,E91,Principles of Management,F,23,3,PI,"Myers,Ken W",Associate Professor,kmyers
1265,Sum 2026,UMNCR,UMNCR,MGMT,3200,E91,Principles of Management,W,23,3,PI,"Myers,Ken W",Associate Professor,kmyers
1265,Sum 2026,UMNCR,UMNCR,MGMT,3210,E90,Supervision and Leadership,A,30,17,PI,"Lundbohm,Rachel Lea",Associate Professor,rlundboh
1265,Sum 2026,UMNCR,UMNCR,MGMT,3210,E90,Supervision and Leadership,A-,30,5,PI,"Lundbohm,Rachel Lea",Associate Professor,rlundboh
1265,Sum 2026,UMNCR,UMNCR,MGMT,3210,E90,Supervision and Leadership,B,30,5,PI,"Lundbohm,Rachel Lea",Associate Professor,rlundboh
1265,Sum 2026,UMNCR,UMNCR,MGMT,3210,E90,Supervision and Leadership,B+,30,1,PI,"Lundbohm,Rachel Lea",Associate Professor,rlundboh
1265,Sum 2026,UMNCR,UMNCR,MGMT,3210,E90,Supervision and Leadership,B-,30,1,PI,"Lundbohm,Rachel Lea",Associate Professor,rlundboh
1265,Sum 2026,UMNCR,UMNCR,MGMT,3210,E90,Supervision and Leadership,C+,30,1,PI,"Lundbohm,Rachel Lea",Associate Professor,rlundboh
1265,Sum 2026,UMNCR,UMNCR,MGMT,3215,E90,Organizational Behavior,A,22,18,PI,"Kragness,Megan",Lecturer,krag0038
1265,Sum 2026,UMNCR,UMNCR,MGMT,3215,E90,Organizational Behavior,A-,22,2,PI,"Kragness,Megan",Lecturer,krag0038
1265,Sum 2026,UMNCR,UMNCR,MGMT,3215,E90,Organizational Behavior,D,22,1,PI,"Kragness,Megan",Lecturer,krag0038
1265,Sum 2026,UMNCR,UMNCR,MGMT,3215,E90,Organizational Behavior,F,22,1,PI,"Kragness,Megan",Lecturer,krag0038
1265,Sum 2026,UMNCR,UMNCR,MGMT,3220,E90,Human Resource Management,A,23,15,PI,"Kragness,Megan",Lecturer,krag0038
1265,Sum 2026,UMNCR,UMNCR,MGMT,3220,E90,Human Resource Management,A-,23,1,PI,"Kragness,Megan",Lecturer,krag0038
1265,Sum 2026,UMNCR,UMNCR,MGMT,3220,E90,Human Resource Management,B,23,1,PI,"Kragness,Megan",Lecturer,krag0038
1265,Sum 2026,UMNCR,UMNCR,MGMT,3220,E90,Human Resource Management,B+,23,1,PI,"Kragness,Megan",Lecturer,krag0038
1265,Sum 2026,UMNCR,UMNCR,MGMT,3220,E90,Human Resource Management,C+,23,1,PI,"Kragness,Megan",Lecturer,krag0038
1265,Sum 2026,UMNCR,UMNCR,MGMT,3220,E90,Human Resource Management,D,23,1,PI,"Kragness,Megan",Lecturer,krag0038
1265,Sum 2026,UMNCR,UMNCR,MGMT,3220,E90,Human Resource Management,F,23,2,PI,"Kragness,Megan",Lecturer,krag0038
1265,Sum 2026,UMNCR,UMNCR,MGMT,3220,E90,Human Resource Management,W,23,1,PI,"Kragness,Megan",Lecturer,krag0038
1265,Sum 2026,UMNCR,UMNCR,MGMT,3250,E90,Operations Management,A,12,4,PI,"Roter,Annette B",Assistant Professor,aroter
1265,Sum 2026,UMNCR,UMNCR,MGMT,3250,E90,Operations Management,A-,12,3,PI,"Roter,Annette B",Assistant Professor,aroter
1265,Sum 2026,UMNCR,UMNCR,MGMT,3250,E90,Operations Management,B+,12,2,PI,"Roter,Annette B",Assistant Professor,aroter
1265,Sum 2026,UMNCR,UMNCR,MGMT,3250,E90,Operations Management,C+,12,1,PI,"Roter,Annette B",Assistant Professor,aroter
1265,Sum 2026,UMNCR,UMNCR,MGMT,3250,E90,Operations Management,F,12,1,PI,"Roter,Annette B",Assistant Professor,aroter
1265,Sum 2026,UMNCR,UMNCR,MGMT,3250,E90,Operations Management,W,12,1,PI,"Roter,Annette B",Assistant Professor,aroter
1265,Sum 2026,UMNTC,UMNTC,MGMT,6084,050,Management of Teams,A,32,15,PI,"Madzar,Svjetlana",Senior Lecturer,smadzar
1265,Sum 2026,UMNTC,UMNTC,MGMT,6084,050,Management of Teams,A-,32,16,PI,"Madzar,Svjetlana",Senior Lecturer,smadzar
1265,Sum 2026,UMNTC,UMNTC,MGMT,6084,050,Management of Teams,B+,32,1,PI,"Madzar,Svjetlana",Senior Lecturer,smadzar
1265,Sum 2026,UMNTC,UMNTC,MGMT,6305,070,Int'l Envrmt of Business,A,68,18,PI,"Zaheer,Sri",Professor,szaheer
1265,Sum 2026,UMNTC,UMNTC,MGMT,6305,070,Int'l Envrmt of Business,A-,68,32,PI,"Zaheer,Sri",Professor,szaheer
1265,Sum 2026,UMNTC,UMNTC,MGMT,6305,070,Int'l Envrmt of Business,B+,68,18,PI,"Zaheer,Sri",Professor,szaheer
1265,Sum 2026,UMNDL,UMNDL,MGTS,3301,001,"Production,  Operations Mgmt",A,26,1,PI,"Zhang,Wenqing",Associate Professor,wqzhang
1265,Sum 2026,UMNDL,UMNDL,MGTS,3301,001,"Production,  Operations Mgmt",A-,26,5,PI,"Zhang,Wenqing",Associate Professor,wqzhang
1265,Sum 2026,UMNDL,UMNDL,MGTS,3301,001,"Production,  Operations Mgmt",B,26,5,PI,"Zhang,Wenqing",Associate Professor,wqzhang
1265,Sum 2026,UMNDL,UMNDL,MGTS,3301,001,"Production,  Operations Mgmt",B+,26,7,PI,"Zhang,Wenqing",Associate Professor,wqzhang
1265,Sum 2026,UMNDL,UMNDL,MGTS,3301,001,"Production,  Operations Mgmt",B-,26,5,PI,"Zhang,Wenqing",Associate Professor,wqzhang
1265,Sum 2026,UMNDL,UMNDL,MGTS,3301,001,"Production,  Operations Mgmt",C,26,1,PI,"Zhang,Wenqing",Associate Professor,wqzhang
1265,Sum 2026,UMNDL,UMNDL,MGTS,3301,001,"Production,  Operations Mgmt",C+,26,2,PI,"Zhang,Wenqing",Associate Professor,wqzhang
1265,Sum 2026,UMNDL,UMNDL,MGTS,3401,001,"Org Behavior, Mgmt",A,30,6,PI,"Loi,Lawrence",Assistant Professor,tloi
1265,Sum 2026,UMNDL,UMNDL,MGTS,3401,001,"Org Behavior, Mgmt",A-,30,2,PI,"Loi,Lawrence",Assistant Professor,tloi
1265,Sum 2026,UMNDL,UMNDL,MGTS,3401,001,"Org Behavior, Mgmt",B,30,3,PI,"Loi,Lawrence",Assistant Professor,tloi
1265,Sum 2026,UMNDL,UMNDL,MGTS,3401,001,"Org Behavior, Mgmt",B+,30,1,PI,"Loi,Lawrence",Assistant Professor,tloi
1265,Sum 2026,UMNDL,UMNDL,MGTS,3401,001,"Org Behavior, Mgmt",B-,30,4,PI,"Loi,Lawrence",Assistant Professor,tloi
1265,Sum 2026,UMNDL,UMNDL,MGTS,3401,001,"Org Behavior, Mgmt",C,30,3,PI,"Loi,Lawrence",Assistant Professor,tloi
1265,Sum 2026,UMNDL,UMNDL,MGTS,3401,001,"Org Behavior, Mgmt",C+,30,3,PI,"Loi,Lawrence",Assistant Professor,tloi
1265,Sum 2026,UMNDL,UMNDL,MGTS,3401,001,"Org Behavior, Mgmt",C-,30,4,PI,"Loi,Lawrence",Assistant Professor,tloi
1265,Sum 2026,UMNDL,UMNDL,MGTS,3401,001,"Org Behavior, Mgmt",D+,30,4,PI,"Loi,Lawrence",Assistant Professor,tloi
1265,Sum 2026,UMNDL,UMNDL,MGTS,3801,001,Human Resource Mgmt,A,27,12,PI,"Xiu,Lin",Professor,lxiu
1265,Sum 2026,UMNDL,UMNDL,MGTS,3801,001,Human Resource Mgmt,A-,27,6,PI,"Xiu,Lin",Professor,lxiu
1265,Sum 2026,UMNDL,UMNDL,MGTS,3801,001,Human Resource Mgmt,B,27,4,PI,"Xiu,Lin",Professor,lxiu
1265,Sum 2026,UMNDL,UMNDL,MGTS,3801,001,Human Resource Mgmt,B+,27,3,PI,"Xiu,Lin",Professor,lxiu
1265,Sum 2026,UMNDL,UMNDL,MGTS,3801,001,Human Resource Mgmt,C,27,2,PI,"Xiu,Lin",Professor,lxiu
1265,Sum 2026,UMNDL,UMNDL,MGTS,4431,001,Leadership Studies,A,22,10,PI,"Cragun,Ormonde",Assistant Professor,ocragun
1265,Sum 2026,UMNDL,UMNDL,MGTS,4431,001,Leadership Studies,A-,22,4,PI,"Cragun,Ormonde",Assistant Professor,ocragun
1265,Sum 2026,UMNDL,UMNDL,MGTS,4431,001,Leadership Studies,B,22,5,PI,"Cragun,Ormonde",Assistant Professor,ocragun
1265,Sum 2026,UMNDL,UMNDL,MGTS,4431,001,Leadership Studies,B+,22,2,PI,"Cragun,Ormonde",Assistant Professor,ocragun
1265,Sum 2026,UMNDL,UMNDL,MGTS,4431,001,Leadership Studies,B-,22,1,PI,"Cragun,Ormonde",Assistant Professor,ocragun
1265,Sum 2026,UMNDL,UMNDL,MGTS,4481,001,Strategic Mgmt,A,30,18,PI,"Liang,Xin",Professor,xliang
1265,Sum 2026,UMNDL,UMNDL,MGTS,4481,001,Strategic Mgmt,A-,30,2,PI,"Liang,Xin",Professor,xliang
1265,Sum 2026,UMNDL,UMNDL,MGTS,4481,001,Strategic Mgmt,B,30,2,PI,"Liang,Xin",Professor,xliang
1265,Sum 2026,UMNDL,UMNDL,MGTS,4481,001,Strategic Mgmt,B+,30,2,PI,"Liang,Xin",Professor,xliang
1265,Sum 2026,UMNDL,UMNDL,MGTS,4481,001,Strategic Mgmt,C,30,3,PI,"Liang,Xin",Professor,xliang
1265,Sum 2026,UMNDL,UMNDL,MGTS,4481,001,Strategic Mgmt,C+,30,1,PI,"Liang,Xin",Professor,xliang
1265,Sum 2026,UMNDL,UMNDL,MGTS,4481,001,Strategic Mgmt,D,30,1,PI,"Liang,Xin",Professor,xliang
1265,Sum 2026,UMNDL,UMNDL,MGTS,4481,001,Strategic Mgmt,F,30,1,PI,"Liang,Xin",Professor,xliang
1265,Sum 2026,UMNDL,UMNDL,MGTS,4481,002,Strategic Mgmt,A,19,3,PI,"Karadag,Reha",Assistant Professor,rkaradag
1265,Sum 2026,UMNDL,UMNDL,MGTS,4481,002,Strategic Mgmt,A-,19,6,PI,"Karadag,Reha",Assistant Professor,rkaradag
1265,Sum 2026,UMNDL,UMNDL,MGTS,4481,002,Strategic Mgmt,B,19,1,PI,"Karadag,Reha",Assistant Professor,rkaradag
1265,Sum 2026,UMNDL,UMNDL,MGTS,4481,002,Strategic Mgmt,B+,19,2,PI,"Karadag,Reha",Assistant Professor,rkaradag
1265,Sum 2026,UMNDL,UMNDL,MGTS,4481,002,Strategic Mgmt,B-,19,6,PI,"Karadag,Reha",Assistant Professor,rkaradag
1265,Sum 2026,UMNDL,UMNDL,MGTS,4481,002,Strategic Mgmt,C-,19,1,PI,"Karadag,Reha",Assistant Professor,rkaradag
1265,Sum 2026,UMNTC,UMNTC,MICB,3301,002,Biology of Microorganisms,A,29,3,PI,"Mohr,Christian D",Assistant Professor,mohrx005
1265,Sum 2026,UMNTC,UMNTC,MICB,3301,002,Biology of Microorganisms,A-,29,4,PI,"Mohr,Christian D",Assistant Professor,mohrx005
1265,Sum 2026,UMNTC,UMNTC,MICB,3301,002,Biology of Microorganisms,B,29,1,PI,"Mohr,Christian D",Assistant Professor,mohrx005
1265,Sum 2026,UMNTC,UMNTC,MICB,3301,002,Biology of Microorganisms,B-,29,3,PI,"Mohr,Christian D",Assistant Professor,mohrx005
1265,Sum 2026,UMNTC,UMNTC,MICB,3301,002,Biology of Microorganisms,C,29,5,PI,"Mohr,Christian D",Assistant Professor,mohrx005
1265,Sum 2026,UMNTC,UMNTC,MICB,3301,002,Biology of Microorganisms,C+,29,3,PI,"Mohr,Christian D",Assistant Professor,mohrx005
1265,Sum 2026,UMNTC,UMNTC,MICB,3301,002,Biology of Microorganisms,C-,29,2,PI,"Mohr,Christian D",Assistant Professor,mohrx005
1265,Sum 2026,UMNTC,UMNTC,MICB,3301,002,Biology of Microorganisms,F,29,3,PI,"Mohr,Christian D",Assistant Professor,mohrx005
1265,Sum 2026,UMNTC,UMNTC,MICB,3301,002,Biology of Microorganisms,W,29,5,PI,"Mohr,Christian D",Assistant Professor,mohrx005
1265,Sum 2026,UMNTC,UMNTC,MICB,3303,001,Biology of Microorg (w/o lab),A,14,3,PI,"Mohr,Christian D",Assistant Professor,mohrx005
1265,Sum 2026,UMNTC,UMNTC,MICB,3303,001,Biology of Microorg (w/o lab),A-,14,1,PI,"Mohr,Christian D",Assistant Professor,mohrx005
1265,Sum 2026,UMNTC,UMNTC,MICB,3303,001,Biology of Microorg (w/o lab),B,14,2,PI,"Mohr,Christian D",Assistant Professor,mohrx005
1265,Sum 2026,UMNTC,UMNTC,MICB,3303,001,Biology of Microorg (w/o lab),B+,14,3,PI,"Mohr,Christian D",Assistant Professor,mohrx005
1265,Sum 2026,UMNTC,UMNTC,MICB,3303,001,Biology of Microorg (w/o lab),C,14,1,PI,"Mohr,Christian D",Assistant Professor,mohrx005
1265,Sum 2026,UMNTC,UMNTC,MICB,3303,001,Biology of Microorg (w/o lab),C-,14,1,PI,"Mohr,Christian D",Assistant Professor,mohrx005
1265,Sum 2026,UMNTC,UMNTC,MICB,3303,001,Biology of Microorg (w/o lab),D,14,1,PI,"Mohr,Christian D",Assistant Professor,mohrx005
1265,Sum 2026,UMNTC,UMNTC,MICB,3303,001,Biology of Microorg (w/o lab),F,14,2,PI,"Mohr,Christian D",Assistant Professor,mohrx005
1265,Sum 2026,UMNDL,UMNDL,MIS,2201,001,IT in Business,A,25,13,PI,"Lee,Seung Chan",Associate Professor,slee
1265,Sum 2026,UMNDL,UMNDL,MIS,2201,001,IT in Business,A-,25,3,PI,"Lee,Seung Chan",Associate Professor,slee
1265,Sum 2026,UMNDL,UMNDL,MIS,2201,001,IT in Business,B,25,1,PI,"Lee,Seung Chan",Associate Professor,slee
1265,Sum 2026,UMNDL,UMNDL,MIS,2201,001,IT in Business,B+,25,1,PI,"Lee,Seung Chan",Associate Professor,slee
1265,Sum 2026,UMNDL,UMNDL,MIS,2201,001,IT in Business,B-,25,2,PI,"Lee,Seung Chan",Associate Professor,slee
1265,Sum 2026,UMNDL,UMNDL,MIS,2201,001,IT in Business,C+,25,1,PI,"Lee,Seung Chan",Associate Professor,slee
1265,Sum 2026,UMNDL,UMNDL,MIS,2201,001,IT in Business,F,25,4,PI,"Lee,Seung Chan",Associate Professor,slee
1265,Sum 2026,UMNTC,UMNTC,MKTG,3001,070,Principles  of Mktg,A,40,11,PI,"Nelson,Corey",Senior Lecturer,nels9420
1265,Sum 2026,UMNTC,UMNTC,MKTG,3001,070,Principles  of Mktg,A-,40,3,PI,"Nelson,Corey",Senior Lecturer,nels9420
1265,Sum 2026,UMNTC,UMNTC,MKTG,3001,070,Principles  of Mktg,B,40,9,PI,"Nelson,Corey",Senior Lecturer,nels9420
1265,Sum 2026,UMNTC,UMNTC,MKTG,3001,070,Principles  of Mktg,B+,40,4,PI,"Nelson,Corey",Senior Lecturer,nels9420
1265,Sum 2026,UMNTC,UMNTC,MKTG,3001,070,Principles  of Mktg,B-,40,3,PI,"Nelson,Corey",Senior Lecturer,nels9420
1265,Sum 2026,UMNTC,UMNTC,MKTG,3001,070,Principles  of Mktg,C,40,3,PI,"Nelson,Corey",Senior Lecturer,nels9420
1265,Sum 2026,UMNTC,UMNTC,MKTG,3001,070,Principles  of Mktg,C+,40,2,PI,"Nelson,Corey",Senior Lecturer,nels9420
1265,Sum 2026,UMNTC,UMNTC,MKTG,3001,070,Principles  of Mktg,C-,40,1,PI,"Nelson,Corey",Senior Lecturer,nels9420
1265,Sum 2026,UMNTC,UMNTC,MKTG,3001,070,Principles  of Mktg,D,40,1,PI,"Nelson,Corey",Senior Lecturer,nels9420
1265,Sum 2026,UMNTC,UMNTC,MKTG,3001,070,Principles  of Mktg,F,40,2,PI,"Nelson,Corey",Senior Lecturer,nels9420
1265,Sum 2026,UMNTC,UMNTC,MKTG,3001,070,Principles  of Mktg,W,40,1,PI,"Nelson,Corey",Senior Lecturer,nels9420
1265,Sum 2026,UMNCR,UMNCR,MKTG,3300,E90,Principles of Marketing,A,28,16,PI,"Bergman,Courtney M",Lecturer,cbergman
1265,Sum 2026,UMNCR,UMNCR,MKTG,3300,E90,Principles of Marketing,A-,28,1,PI,"Bergman,Courtney M",Lecturer,cbergman
1265,Sum 2026,UMNCR,UMNCR,MKTG,3300,E90,Principles of Marketing,B,28,3,PI,"Bergman,Courtney M",Lecturer,cbergman
1265,Sum 2026,UMNCR,UMNCR,MKTG,3300,E90,Principles of Marketing,B+,28,2,PI,"Bergman,Courtney M",Lecturer,cbergman
1265,Sum 2026,UMNCR,UMNCR,MKTG,3300,E90,Principles of Marketing,B-,28,2,PI,"Bergman,Courtney M",Lecturer,cbergman
1265,Sum 2026,UMNCR,UMNCR,MKTG,3300,E90,Principles of Marketing,D,28,2,PI,"Bergman,Courtney M",Lecturer,cbergman
1265,Sum 2026,UMNCR,UMNCR,MKTG,3300,E90,Principles of Marketing,F,28,1,PI,"Bergman,Courtney M",Lecturer,cbergman
1265,Sum 2026,UMNCR,UMNCR,MKTG,3300,E90,Principles of Marketing,W,28,1,PI,"Bergman,Courtney M",Lecturer,cbergman
1265,Sum 2026,UMNCR,UMNCR,MKTG,3300,E91,Principles of Marketing,A,13,7,PI,"Fattal Anas,Al",Assistant Professor,aalfatta
1265,Sum 2026,UMNCR,UMNCR,MKTG,3300,E91,Principles of Marketing,A-,13,2,PI,"Fattal Anas,Al",Assistant Professor,aalfatta
1265,Sum 2026,UMNCR,UMNCR,MKTG,3300,E91,Principles of Marketing,B,13,1,PI,"Fattal Anas,Al",Assistant Professor,aalfatta
1265,Sum 2026,UMNCR,UMNCR,MKTG,3300,E91,Principles of Marketing,C+,13,1,PI,"Fattal Anas,Al",Assistant Professor,aalfatta
1265,Sum 2026,UMNCR,UMNCR,MKTG,3300,E91,Principles of Marketing,C-,13,1,PI,"Fattal Anas,Al",Assistant Professor,aalfatta
1265,Sum 2026,UMNCR,UMNCR,MKTG,3300,E91,Principles of Marketing,D,13,1,PI,"Fattal Anas,Al",Assistant Professor,aalfatta
1265,Sum 2026,UMNCR,UMNCR,MKTG,3310,E90,Consumer Behavior,A,11,3,PI,"Fattal Anas,Al",Assistant Professor,aalfatta
1265,Sum 2026,UMNCR,UMNCR,MKTG,3310,E90,Consumer Behavior,A-,11,3,PI,"Fattal Anas,Al",Assistant Professor,aalfatta
1265,Sum 2026,UMNCR,UMNCR,MKTG,3310,E90,Consumer Behavior,B,11,1,PI,"Fattal Anas,Al",Assistant Professor,aalfatta
1265,Sum 2026,UMNCR,UMNCR,MKTG,3310,E90,Consumer Behavior,B+,11,2,PI,"Fattal Anas,Al",Assistant Professor,aalfatta
1265,Sum 2026,UMNCR,UMNCR,MKTG,3310,E90,Consumer Behavior,B-,11,2,PI,"Fattal Anas,Al",Assistant Professor,aalfatta
1265,Sum 2026,UMNDL,UMNDL,MKTG,3701,001,Principles of Marketing,A,21,7,PI,"Gardner,Jessica Jo",Instructor,jjgardne
1265,Sum 2026,UMNDL,UMNDL,MKTG,3701,001,Principles of Marketing,A-,21,4,PI,"Gardner,Jessica Jo",Instructor,jjgardne
1265,Sum 2026,UMNDL,UMNDL,MKTG,3701,001,Principles of Marketing,B,21,3,PI,"Gardner,Jessica Jo",Instructor,jjgardne
1265,Sum 2026,UMNDL,UMNDL,MKTG,3701,001,Principles of Marketing,B+,21,3,PI,"Gardner,Jessica Jo",Instructor,jjgardne
1265,Sum 2026,UMNDL,UMNDL,MKTG,3701,001,Principles of Marketing,B-,21,1,PI,"Gardner,Jessica Jo",Instructor,jjgardne
1265,Sum 2026,UMNDL,UMNDL,MKTG,3701,001,Principles of Marketing,C+,21,2,PI,"Gardner,Jessica Jo",Instructor,jjgardne
1265,Sum 2026,UMNDL,UMNDL,MKTG,3701,001,Principles of Marketing,C-,21,1,PI,"Gardner,Jessica Jo",Instructor,jjgardne
1265,Sum 2026,UMNDL,UMNDL,MKTG,3721,001,Social Media Marketing,A,22,12,PI,"Ryoo,Yuhosua",Assistant Professor,yryoo
1265,Sum 2026,UMNDL,UMNDL,MKTG,3721,001,Social Media Marketing,A-,22,1,PI,"Ryoo,Yuhosua",Assistant Professor,yryoo
1265,Sum 2026,UMNDL,UMNDL,MKTG,3721,001,Social Media Marketing,B,22,3,PI,"Ryoo,Yuhosua",Assistant Professor,yryoo
1265,Sum 2026,UMNDL,UMNDL,MKTG,3721,001,Social Media Marketing,B+,22,3,PI,"Ryoo,Yuhosua",Assistant Professor,yryoo
1265,Sum 2026,UMNDL,UMNDL,MKTG,3721,001,Social Media Marketing,B-,22,1,PI,"Ryoo,Yuhosua",Assistant Professor,yryoo
1265,Sum 2026,UMNDL,UMNDL,MKTG,3721,001,Social Media Marketing,C,22,2,PI,"Ryoo,Yuhosua",Assistant Professor,yryoo
1265,Sum 2026,UMNDL,UMNDL,MKTG,3751,001,Marketing Ethics,A,31,2,PI,"Lunde,Matthew Bradley",Assistant Professor,mlunde
1265,Sum 2026,UMNDL,UMNDL,MKTG,3751,001,Marketing Ethics,A-,31,7,PI,"Lunde,Matthew Bradley",Assistant Professor,mlunde
1265,Sum 2026,UMNDL,UMNDL,MKTG,3751,001,Marketing Ethics,B,31,6,PI,"Lunde,Matthew Bradley",Assistant Professor,mlunde
1265,Sum 2026,UMNDL,UMNDL,MKTG,3751,001,Marketing Ethics,B+,31,14,PI,"Lunde,Matthew Bradley",Assistant Professor,mlunde
1265,Sum 2026,UMNDL,UMNDL,MKTG,3751,001,Marketing Ethics,B-,31,1,PI,"Lunde,Matthew Bradley",Assistant Professor,mlunde
1265,Sum 2026,UMNDL,UMNDL,MKTG,3751,001,Marketing Ethics,D,31,1,PI,"Lunde,Matthew Bradley",Assistant Professor,mlunde
1265,Sum 2026,UMNDL,UMNDL,MKTG,3797,001,Marketing Internship,A,12,8,PI,"Kitson,Marte Christofa Thabes",SS Pro 5,mkitson
1265,Sum 2026,UMNDL,UMNDL,MKTG,3797,001,Marketing Internship,A-,12,1,PI,"Kitson,Marte Christofa Thabes",SS Pro 5,mkitson
1265,Sum 2026,UMNDL,UMNDL,MKTG,3797,001,Marketing Internship,B,12,1,PI,"Kitson,Marte Christofa Thabes",SS Pro 5,mkitson
1265,Sum 2026,UMNDL,UMNDL,MKTG,3797,001,Marketing Internship,B+,12,1,PI,"Kitson,Marte Christofa Thabes",SS Pro 5,mkitson
1265,Sum 2026,UMNDL,UMNDL,MKTG,3797,001,Marketing Internship,D,12,1,PI,"Kitson,Marte Christofa Thabes",SS Pro 5,mkitson
1265,Sum 2026,UMNDL,UMNDL,MKTG,4774,001,International Marketing,A,25,11,PI,"Norman,Sherri Lynne",Instructor,slnorman
1265,Sum 2026,UMNDL,UMNDL,MKTG,4774,001,International Marketing,A-,25,2,PI,"Norman,Sherri Lynne",Instructor,slnorman
1265,Sum 2026,UMNDL,UMNDL,MKTG,4774,001,International Marketing,B,25,4,PI,"Norman,Sherri Lynne",Instructor,slnorman
1265,Sum 2026,UMNDL,UMNDL,MKTG,4774,001,International Marketing,B+,25,1,PI,"Norman,Sherri Lynne",Instructor,slnorman
1265,Sum 2026,UMNDL,UMNDL,MKTG,4774,001,International Marketing,B-,25,2,PI,"Norman,Sherri Lynne",Instructor,slnorman
1265,Sum 2026,UMNDL,UMNDL,MKTG,4774,001,International Marketing,C+,25,4,PI,"Norman,Sherri Lynne",Instructor,slnorman
1265,Sum 2026,UMNDL,UMNDL,MKTG,4774,001,International Marketing,D,25,1,PI,"Norman,Sherri Lynne",Instructor,slnorman
1265,Sum 2026,UMNTC,UMNTC,MKTG,6082,070,Brand Strategy,A,35,19,PI,"Lainsbury,Andrew David",Ed Dir 1-Ed Ops/Admin,lain0009
1265,Sum 2026,UMNTC,UMNTC,MKTG,6082,070,Brand Strategy,A-,35,9,PI,"Lainsbury,Andrew David",Ed Dir 1-Ed Ops/Admin,lain0009
1265,Sum 2026,UMNTC,UMNTC,MKTG,6082,070,Brand Strategy,B,35,1,PI,"Lainsbury,Andrew David",Ed Dir 1-Ed Ops/Admin,lain0009
1265,Sum 2026,UMNTC,UMNTC,MKTG,6082,070,Brand Strategy,B+,35,6,PI,"Lainsbury,Andrew David",Ed Dir 1-Ed Ops/Admin,lain0009
1265,Sum 2026,UMNTC,UMNTC,MKTG,6088,070,Strategic Marketing,A,32,16,PI,"Hopkins,David K",Ed Dir 1-Ed Ops/Admin,hopk0027
1265,Sum 2026,UMNTC,UMNTC,MKTG,6088,070,Strategic Marketing,A-,32,13,PI,"Hopkins,David K",Ed Dir 1-Ed Ops/Admin,hopk0027
1265,Sum 2026,UMNTC,UMNTC,MKTG,6088,070,Strategic Marketing,B,32,1,PI,"Hopkins,David K",Ed Dir 1-Ed Ops/Admin,hopk0027
1265,Sum 2026,UMNTC,UMNTC,MKTG,6088,070,Strategic Marketing,B+,32,2,PI,"Hopkins,David K",Ed Dir 1-Ed Ops/Admin,hopk0027
1265,Sum 2026,UMNTC,UMNTC,MLSP,5011W,001,Prof Issues Health Care Comm,A,26,17,PI,"Contreras,Victoria",Teaching Specialist,contr066
1265,Sum 2026,UMNTC,UMNTC,MLSP,5011W,001,Prof Issues Health Care Comm,A-,26,1,PI,"Contreras,Victoria",Teaching Specialist,contr066
1265,Sum 2026,UMNTC,UMNTC,MLSP,5011W,001,Prof Issues Health Care Comm,B,26,2,PI,"Contreras,Victoria",Teaching Specialist,contr066
1265,Sum 2026,UMNTC,UMNTC,MLSP,5011W,001,Prof Issues Health Care Comm,B+,26,2,PI,"Contreras,Victoria",Teaching Specialist,contr066
1265,Sum 2026,UMNTC,UMNTC,MLSP,5011W,001,Prof Issues Health Care Comm,B-,26,1,PI,"Contreras,Victoria",Teaching Specialist,contr066
1265,Sum 2026,UMNTC,UMNTC,MLSP,5011W,001,Prof Issues Health Care Comm,C,26,1,PI,"Contreras,Victoria",Teaching Specialist,contr066
1265,Sum 2026,UMNTC,UMNTC,MLSP,5011W,001,Prof Issues Health Care Comm,C+,26,1,PI,"Contreras,Victoria",Teaching Specialist,contr066
1265,Sum 2026,UMNTC,UMNTC,MLSP,5011W,001,Prof Issues Health Care Comm,F,26,1,PI,"Contreras,Victoria",Teaching Specialist,contr066
1265,Sum 2026,UMNTC,UMNTC,MLSP,5014W,001,Lab Oper in Health Care,A,24,19,PI,"Yue,Andrew Robin",Ed Pro 4-Ed Prog Dev & Implmt,yuex0004
1265,Sum 2026,UMNTC,UMNTC,MLSP,5014W,001,Lab Oper in Health Care,A-,24,2,PI,"Yue,Andrew Robin",Ed Pro 4-Ed Prog Dev & Implmt,yuex0004
1265,Sum 2026,UMNTC,UMNTC,MLSP,5014W,001,Lab Oper in Health Care,B+,24,3,PI,"Yue,Andrew Robin",Ed Pro 4-Ed Prog Dev & Implmt,yuex0004
1265,Sum 2026,UMNTC,UMNTC,MLSP,5311,002,Laboratory Techniques,A,23,4,PI,"Gartzke,Hannah Cho",Instructor,hgartzke
1265,Sum 2026,UMNTC,UMNTC,MLSP,5311,002,Laboratory Techniques,A-,23,6,PI,"Gartzke,Hannah Cho",Instructor,hgartzke
1265,Sum 2026,UMNTC,UMNTC,MLSP,5311,002,Laboratory Techniques,B,23,3,PI,"Gartzke,Hannah Cho",Instructor,hgartzke
1265,Sum 2026,UMNTC,UMNTC,MLSP,5311,002,Laboratory Techniques,B+,23,4,PI,"Gartzke,Hannah Cho",Instructor,hgartzke
1265,Sum 2026,UMNTC,UMNTC,MLSP,5311,002,Laboratory Techniques,B-,23,4,PI,"Gartzke,Hannah Cho",Instructor,hgartzke
1265,Sum 2026,UMNTC,UMNTC,MLSP,5311,002,Laboratory Techniques,C,23,1,PI,"Gartzke,Hannah Cho",Instructor,hgartzke
1265,Sum 2026,UMNTC,UMNTC,MLSP,5311,002,Laboratory Techniques,C+,23,1,PI,"Gartzke,Hannah Cho",Instructor,hgartzke
1265,Sum 2026,UMNTC,UMNTC,MLSP,5511,001,Principles of Immunobiology,A,26,12,PI,"Johnson,Rachel M",Associate Professor,rmjohns
1265,Sum 2026,UMNTC,UMNTC,MLSP,5511,001,Principles of Immunobiology,A-,26,7,PI,"Johnson,Rachel M",Associate Professor,rmjohns
1265,Sum 2026,UMNTC,UMNTC,MLSP,5511,001,Principles of Immunobiology,B,26,5,PI,"Johnson,Rachel M",Associate Professor,rmjohns
1265,Sum 2026,UMNTC,UMNTC,MLSP,5511,001,Principles of Immunobiology,B+,26,1,PI,"Johnson,Rachel M",Associate Professor,rmjohns
1265,Sum 2026,UMNTC,UMNTC,MLSP,5511,001,Principles of Immunobiology,B-,26,1,PI,"Johnson,Rachel M",Associate Professor,rmjohns
1265,Sum 2026,UMNTC,UMNTC,MONT,4303,500,Adolescent Psychology,A,17,15,PI,"Klimes-Dougan,Bonnie",Professor,klimes
1265,Sum 2026,UMNTC,UMNTC,MONT,4303,500,Adolescent Psychology,B+,17,2,PI,"Klimes-Dougan,Bonnie",Professor,klimes
1265,Sum 2026,UMNTC,UMNTC,MORT,3379,001,Clinical Funeral Srvc Rotation,A,20,19,PI,"Rowell,Carrie Ann",Teaching Specialist,carowell
1265,Sum 2026,UMNTC,UMNTC,MORT,3379,001,Clinical Funeral Srvc Rotation,A-,20,1,PI,"Rowell,Carrie Ann",Teaching Specialist,carowell
1265,Sum 2026,UMNTC,UMNTC,MSBA,6155,001,Generative AI for Business,A,32,12,PI,"Gupta,Alok",Professor,gupta037
1265,Sum 2026,UMNTC,UMNTC,MSBA,6155,001,Generative AI for Business,A-,32,10,PI,"Gupta,Alok",Professor,gupta037
1265,Sum 2026,UMNTC,UMNTC,MSBA,6155,001,Generative AI for Business,B+,32,9,PI,"Gupta,Alok",Professor,gupta037
1265,Sum 2026,UMNTC,UMNTC,MSBA,6155,001,Generative AI for Business,B-,32,1,PI,"Gupta,Alok",Professor,gupta037
1265,Sum 2026,UMNTC,UMNTC,MSBA,6345,001,Agile Project Management,A,59,44,PI,"Bard,Melodie Talia",BD Spec 1-Bus Dev Gnrlst,mtbard
1265,Sum 2026,UMNTC,UMNTC,MSBA,6345,001,Agile Project Management,A-,59,9,PI,"Bard,Melodie Talia",BD Spec 1-Bus Dev Gnrlst,mtbard
1265,Sum 2026,UMNTC,UMNTC,MSBA,6345,001,Agile Project Management,B+,59,5,PI,"Bard,Melodie Talia",BD Spec 1-Bus Dev Gnrlst,mtbard
1265,Sum 2026,UMNTC,UMNTC,MSBA,6345,001,Agile Project Management,B-,59,1,PI,"Bard,Melodie Talia",BD Spec 1-Bus Dev Gnrlst,mtbard
1265,Sum 2026,UMNTC,UMNTC,MSBA,6431,001,Times Series Forecasting,A,59,47,PI,"Bi,Xuan",Associate Professor,xbi
1265,Sum 2026,UMNTC,UMNTC,MSBA,6431,001,Times Series Forecasting,A-,59,7,PI,"Bi,Xuan",Associate Professor,xbi
1265,Sum 2026,UMNTC,UMNTC,MSBA,6431,001,Times Series Forecasting,B,59,1,PI,"Bi,Xuan",Associate Professor,xbi
1265,Sum 2026,UMNTC,UMNTC,MSBA,6431,001,Times Series Forecasting,B+,59,2,PI,"Bi,Xuan",Associate Professor,xbi
1265,Sum 2026,UMNTC,UMNTC,MSBA,6431,001,Times Series Forecasting,B-,59,1,PI,"Bi,Xuan",Associate Professor,xbi
1265,Sum 2026,UMNTC,UMNTC,MSBA,6431,001,Times Series Forecasting,C,59,1,PI,"Bi,Xuan",Associate Professor,xbi
1265,Sum 2026,UMNTC,UMNTC,MSBA,6511,001,BA Experiential Learning,A,59,54,PI,"Thomas,Lee C",M&C Pro 5-Comm Gen,thom1221
1265,Sum 2026,UMNTC,UMNTC,MSBA,6511,001,BA Experiential Learning,A-,59,5,PI,"Thomas,Lee C",M&C Pro 5-Comm Gen,thom1221
1265,Sum 2026,UMNTC,UMNTC,MSF,6031,001,Financial Accounting,A,22,16,PI,"Johnson,Scott",Senior Lecturer,johnson2
1265,Sum 2026,UMNTC,UMNTC,MSF,6031,001,Financial Accounting,A-,22,2,PI,"Johnson,Scott",Senior Lecturer,johnson2
1265,Sum 2026,UMNTC,UMNTC,MSF,6031,001,Financial Accounting,B+,22,4,PI,"Johnson,Scott",Senior Lecturer,johnson2
1265,Sum 2026,UMNTC,UMNTC,MSF,6221,001,"Finance I: Risk, Return, Value",A,24,12,PI,"Jin,Zhenhu",Senior Lecturer,jin00266
1265,Sum 2026,UMNTC,UMNTC,MSF,6221,001,"Finance I: Risk, Return, Value",A-,24,10,PI,"Jin,Zhenhu",Senior Lecturer,jin00266
1265,Sum 2026,UMNTC,UMNTC,MSF,6221,001,"Finance I: Risk, Return, Value",B+,24,2,PI,"Jin,Zhenhu",Senior Lecturer,jin00266
1265,Sum 2026,UMNTC,UMNTC,MSF,6421,001,Computing for Finance,A,25,8,PI,"Nantell,Timothy J",Senior Lecturer,tnantell
1265,Sum 2026,UMNTC,UMNTC,MSF,6421,001,Computing for Finance,A-,25,12,PI,"Nantell,Timothy J",Senior Lecturer,tnantell
1265,Sum 2026,UMNTC,UMNTC,MSF,6421,001,Computing for Finance,B,25,1,PI,"Nantell,Timothy J",Senior Lecturer,tnantell
1265,Sum 2026,UMNTC,UMNTC,MSF,6421,001,Computing for Finance,B+,25,4,PI,"Nantell,Timothy J",Senior Lecturer,tnantell
1265,Sum 2026,UMNTC,UMNTC,MSF,6921,001,Introduction to Python,A,23,11,PI,"Sougstad,Ryan Scott",Senior Lecturer,sougs002
1265,Sum 2026,UMNTC,UMNTC,MSF,6921,001,Introduction to Python,A-,23,3,PI,"Sougstad,Ryan Scott",Senior Lecturer,sougs002
1265,Sum 2026,UMNTC,UMNTC,MSF,6921,001,Introduction to Python,B,23,7,PI,"Sougstad,Ryan Scott",Senior Lecturer,sougs002
1265,Sum 2026,UMNTC,UMNTC,MSF,6921,001,Introduction to Python,B+,23,2,PI,"Sougstad,Ryan Scott",Senior Lecturer,sougs002
1265,Sum 2026,UMNTC,UMNTC,MTHE,5366,001,Tech-Assist Math Instruction,A,22,21,PI,"Wyberg,Terrence R",Senior Lecturer,wyber001
1265,Sum 2026,UMNTC,UMNTC,MTHE,5366,001,Tech-Assist Math Instruction,C-,22,1,PI,"Wyberg,Terrence R",Senior Lecturer,wyber001
1265,Sum 2026,UMNDL,UMNDL,MU,1001,080,Intro to Music,A,24,20,PI,"Rubin,Justin Henry",Professor,jrubin1
1265,Sum 2026,UMNDL,UMNDL,MU,1001,080,Intro to Music,A-,24,1,PI,"Rubin,Justin Henry",Professor,jrubin1
1265,Sum 2026,UMNDL,UMNDL,MU,1001,080,Intro to Music,C,24,1,PI,"Rubin,Justin Henry",Professor,jrubin1
1265,Sum 2026,UMNDL,UMNDL,MU,1001,080,Intro to Music,C+,24,2,PI,"Rubin,Justin Henry",Professor,jrubin1
1265,Sum 2026,UMNDL,UMNDL,MU,1004,080,Music in Film,A,16,15,PI,"Rubin,Justin Henry",Professor,jrubin1
1265,Sum 2026,UMNDL,UMNDL,MU,1004,080,Music in Film,B,16,1,PI,"Rubin,Justin Henry",Professor,jrubin1
1265,Sum 2026,UMNDL,UMNDL,MU,1005,080,Jazz Studies,A,37,11,PI,"Edmund,David Charles",Associate Professor,dcedmund
1265,Sum 2026,UMNDL,UMNDL,MU,1005,080,Jazz Studies,A-,37,8,PI,"Edmund,David Charles",Associate Professor,dcedmund
1265,Sum 2026,UMNDL,UMNDL,MU,1005,080,Jazz Studies,B,37,8,PI,"Edmund,David Charles",Associate Professor,dcedmund
1265,Sum 2026,UMNDL,UMNDL,MU,1005,080,Jazz Studies,B+,37,2,PI,"Edmund,David Charles",Associate Professor,dcedmund
1265,Sum 2026,UMNDL,UMNDL,MU,1005,080,Jazz Studies,B-,37,4,PI,"Edmund,David Charles",Associate Professor,dcedmund
1265,Sum 2026,UMNDL,UMNDL,MU,1005,080,Jazz Studies,C,37,3,PI,"Edmund,David Charles",Associate Professor,dcedmund
1265,Sum 2026,UMNDL,UMNDL,MU,1005,080,Jazz Studies,D+,37,1,PI,"Edmund,David Charles",Associate Professor,dcedmund
1265,Sum 2026,UMNDL,UMNDL,MU,2003,001,American Music,A,27,20,PI,"Jorge,Bernabe",Teaching Assistant Professor,bjorge
1265,Sum 2026,UMNDL,UMNDL,MU,2003,001,American Music,B,27,1,PI,"Jorge,Bernabe",Teaching Assistant Professor,bjorge
1265,Sum 2026,UMNDL,UMNDL,MU,2003,001,American Music,C,27,1,PI,"Jorge,Bernabe",Teaching Assistant Professor,bjorge
1265,Sum 2026,UMNDL,UMNDL,MU,2003,001,American Music,D,27,1,PI,"Jorge,Bernabe",Teaching Assistant Professor,bjorge
1265,Sum 2026,UMNDL,UMNDL,MU,2003,001,American Music,F,27,4,PI,"Jorge,Bernabe",Teaching Assistant Professor,bjorge
1265,Sum 2026,UMNTC,UMNTC,MUS,1013,301,Rock I: Rock Music to 1970,A,21,12,PI,"Sharifi,Amin",,
1265,Sum 2026,UMNTC,UMNTC,MUS,1013,301,Rock I: Rock Music to 1970,A-,21,1,PI,"Sharifi,Amin",,
1265,Sum 2026,UMNTC,UMNTC,MUS,1013,301,Rock I: Rock Music to 1970,B-,21,1,PI,"Sharifi,Amin",,
1265,Sum 2026,UMNTC,UMNTC,MUS,1013,301,Rock I: Rock Music to 1970,D,21,3,PI,"Sharifi,Amin",,
1265,Sum 2026,UMNTC,UMNTC,MUS,1013,301,Rock I: Rock Music to 1970,F,21,3,PI,"Sharifi,Amin",,
1265,Sum 2026,UMNTC,UMNTC,MUS,1013,301,Rock I: Rock Music to 1970,W,21,1,PI,"Sharifi,Amin",,
1265,Sum 2026,UMNTC,UMNTC,MUS,1013,302,Rock I: Rock Music to 1970,A,10,3,PI,"Frost,Jacob Glen",,
1265,Sum 2026,UMNTC,UMNTC,MUS,1013,302,Rock I: Rock Music to 1970,A-,10,3,PI,"Frost,Jacob Glen",,
1265,Sum 2026,UMNTC,UMNTC,MUS,1013,302,Rock I: Rock Music to 1970,B+,10,3,PI,"Frost,Jacob Glen",,
1265,Sum 2026,UMNTC,UMNTC,MUS,1013,302,Rock I: Rock Music to 1970,W,10,1,PI,"Frost,Jacob Glen",,
1265,Sum 2026,UMNTC,UMNTC,MUS,1013,303,Rock I: Rock Music to 1970,A,27,9,PI,"Teixeira,Frederico",,
1265,Sum 2026,UMNTC,UMNTC,MUS,1013,303,Rock I: Rock Music to 1970,B,27,2,PI,"Teixeira,Frederico",,
1265,Sum 2026,UMNTC,UMNTC,MUS,1013,303,Rock I: Rock Music to 1970,B+,27,2,PI,"Teixeira,Frederico",,
1265,Sum 2026,UMNTC,UMNTC,MUS,1013,303,Rock I: Rock Music to 1970,B-,27,2,PI,"Teixeira,Frederico",,
1265,Sum 2026,UMNTC,UMNTC,MUS,1013,303,Rock I: Rock Music to 1970,C+,27,1,PI,"Teixeira,Frederico",,
1265,Sum 2026,UMNTC,UMNTC,MUS,1013,303,Rock I: Rock Music to 1970,D,27,2,PI,"Teixeira,Frederico",,
1265,Sum 2026,UMNTC,UMNTC,MUS,1013,303,Rock I: Rock Music to 1970,F,27,2,PI,"Teixeira,Frederico",,
1265,Sum 2026,UMNTC,UMNTC,MUS,1013,303,Rock I: Rock Music to 1970,W,27,7,PI,"Teixeira,Frederico",,
1265,Sum 2026,UMNTC,UMNTC,MUS,1015W,301,Music and Movies,A,20,13,PI,"Aleksandric,Momcilo",,
1265,Sum 2026,UMNTC,UMNTC,MUS,1015W,301,Music and Movies,A-,20,1,PI,"Aleksandric,Momcilo",,
1265,Sum 2026,UMNTC,UMNTC,MUS,1015W,301,Music and Movies,B+,20,1,PI,"Aleksandric,Momcilo",,
1265,Sum 2026,UMNTC,UMNTC,MUS,1015W,301,Music and Movies,B-,20,1,PI,"Aleksandric,Momcilo",,
1265,Sum 2026,UMNTC,UMNTC,MUS,1015W,301,Music and Movies,F,20,2,PI,"Aleksandric,Momcilo",,
1265,Sum 2026,UMNTC,UMNTC,MUS,1015W,301,Music and Movies,W,20,2,PI,"Aleksandric,Momcilo",,
1265,Sum 2026,UMNMO,UMNMO,MUS,1039,098,Music and Social Justice,A,20,2,PI,"Odello,Denise M",Associate Professor,odell059
1265,Sum 2026,UMNMO,UMNMO,MUS,1039,098,Music and Social Justice,A-,20,4,PI,"Odello,Denise M",Associate Professor,odell059
1265,Sum 2026,UMNMO,UMNMO,MUS,1039,098,Music and Social Justice,B,20,1,PI,"Odello,Denise M",Associate Professor,odell059
1265,Sum 2026,UMNMO,UMNMO,MUS,1039,098,Music and Social Justice,B+,20,6,PI,"Odello,Denise M",Associate Professor,odell059
1265,Sum 2026,UMNMO,UMNMO,MUS,1039,098,Music and Social Justice,C+,20,1,PI,"Odello,Denise M",Associate Professor,odell059
1265,Sum 2026,UMNMO,UMNMO,MUS,1039,098,Music and Social Justice,C-,20,1,PI,"Odello,Denise M",Associate Professor,odell059
1265,Sum 2026,UMNMO,UMNMO,MUS,1039,098,Music and Social Justice,D,20,1,PI,"Odello,Denise M",Associate Professor,odell059
1265,Sum 2026,UMNMO,UMNMO,MUS,1039,098,Music and Social Justice,F,20,2,PI,"Odello,Denise M",Associate Professor,odell059
1265,Sum 2026,UMNMO,UMNMO,MUS,1039,098,Music and Social Justice,W,20,2,PI,"Odello,Denise M",Associate Professor,odell059
1265,Sum 2026,UMNTC,UMNTC,NSCI,3101,001,Neurobio I: Mol Cell Systems,A,31,6,PI,"Lanier,Lorene M",Associate Dean,lanier
1265,Sum 2026,UMNTC,UMNTC,NSCI,3101,001,Neurobio I: Mol Cell Systems,A-,31,3,PI,"Lanier,Lorene M",Associate Dean,lanier
1265,Sum 2026,UMNTC,UMNTC,NSCI,3101,001,Neurobio I: Mol Cell Systems,B,31,5,PI,"Lanier,Lorene M",Associate Dean,lanier
1265,Sum 2026,UMNTC,UMNTC,NSCI,3101,001,Neurobio I: Mol Cell Systems,B+,31,2,PI,"Lanier,Lorene M",Associate Dean,lanier
1265,Sum 2026,UMNTC,UMNTC,NSCI,3101,001,Neurobio I: Mol Cell Systems,C,31,3,PI,"Lanier,Lorene M",Associate Dean,lanier
1265,Sum 2026,UMNTC,UMNTC,NSCI,3101,001,Neurobio I: Mol Cell Systems,C+,31,1,PI,"Lanier,Lorene M",Associate Dean,lanier
1265,Sum 2026,UMNTC,UMNTC,NSCI,3101,001,Neurobio I: Mol Cell Systems,C-,31,2,PI,"Lanier,Lorene M",Associate Dean,lanier
1265,Sum 2026,UMNTC,UMNTC,NSCI,3101,001,Neurobio I: Mol Cell Systems,D,31,1,PI,"Lanier,Lorene M",Associate Dean,lanier
1265,Sum 2026,UMNTC,UMNTC,NSCI,3101,001,Neurobio I: Mol Cell Systems,F,31,3,PI,"Lanier,Lorene M",Associate Dean,lanier
1265,Sum 2026,UMNTC,UMNTC,NSCI,3101,001,Neurobio I: Mol Cell Systems,W,31,5,PI,"Lanier,Lorene M",Associate Dean,lanier
1265,Sum 2026,UMNTC,UMNTC,NURS,5038,002,NursRole TransAcrsCareSettings,A,12,11,SI,"Ellenberger,Mary",Teaching Specialist,ellen081
1265,Sum 2026,UMNTC,UMNTC,NURS,5038,002,NursRole TransAcrsCareSettings,C-,12,1,SI,"Ellenberger,Mary",Teaching Specialist,ellen081
1265,Sum 2026,UMNTC,UMNTC,NURS,5115,001,Nurs Informatics & Dig Health,A,81,78,PI,"Michalowski,Martin",Associate Professor,martinm
1265,Sum 2026,UMNTC,UMNTC,NURS,5115,001,Nurs Informatics & Dig Health,A-,81,1,PI,"Michalowski,Martin",Associate Professor,martinm
1265,Sum 2026,UMNTC,UMNTC,NURS,5115,001,Nurs Informatics & Dig Health,B+,81,2,PI,"Michalowski,Martin",Associate Professor,martinm
1265,Sum 2026,UMNTC,UMNTC,NURS,5115,002,Nurs Informatics & Dig Health,A,97,95,PI,"Chi,Chih-Lin",Associate Professor,cchi
1265,Sum 2026,UMNTC,UMNTC,NURS,5115,002,Nurs Informatics & Dig Health,A-,97,2,PI,"Chi,Chih-Lin",Associate Professor,cchi
1265,Sum 2026,UMNTC,UMNTC,NURS,5200,002,Holistic Health & Therapeutics,A,17,3,PI,"Hayden,Ann Marie",Clinical Associate Professor,ahayden
1265,Sum 2026,UMNTC,UMNTC,NURS,5200,002,Holistic Health & Therapeutics,A-,17,5,PI,"Hayden,Ann Marie",Clinical Associate Professor,ahayden
1265,Sum 2026,UMNTC,UMNTC,NURS,5200,002,Holistic Health & Therapeutics,B,17,4,PI,"Hayden,Ann Marie",Clinical Associate Professor,ahayden
1265,Sum 2026,UMNTC,UMNTC,NURS,5200,002,Holistic Health & Therapeutics,B+,17,5,PI,"Hayden,Ann Marie",Clinical Associate Professor,ahayden
1265,Sum 2026,UMNTC,UMNTC,NURS,5200,003,Holistic Health & Therapeutics,A,40,8,PI,"Hayden,Ann Marie",Clinical Associate Professor,ahayden
1265,Sum 2026,UMNTC,UMNTC,NURS,5200,003,Holistic Health & Therapeutics,A-,40,16,PI,"Hayden,Ann Marie",Clinical Associate Professor,ahayden
1265,Sum 2026,UMNTC,UMNTC,NURS,5200,003,Holistic Health & Therapeutics,B,40,7,PI,"Hayden,Ann Marie",Clinical Associate Professor,ahayden
1265,Sum 2026,UMNTC,UMNTC,NURS,5200,003,Holistic Health & Therapeutics,B+,40,8,PI,"Hayden,Ann Marie",Clinical Associate Professor,ahayden
1265,Sum 2026,UMNTC,UMNTC,NURS,5200,003,Holistic Health & Therapeutics,B-,40,1,PI,"Hayden,Ann Marie",Clinical Associate Professor,ahayden
1265,Sum 2026,UMNTC,UMNTC,NURS,5200,004,Holistic Health & Therapeutics,A,19,7,PI,"Hayden,Ann Marie",Clinical Associate Professor,ahayden
1265,Sum 2026,UMNTC,UMNTC,NURS,5200,004,Holistic Health & Therapeutics,A-,19,8,PI,"Hayden,Ann Marie",Clinical Associate Professor,ahayden
1265,Sum 2026,UMNTC,UMNTC,NURS,5200,004,Holistic Health & Therapeutics,B,19,1,PI,"Hayden,Ann Marie",Clinical Associate Professor,ahayden
1265,Sum 2026,UMNTC,UMNTC,NURS,5200,004,Holistic Health & Therapeutics,B+,19,3,PI,"Hayden,Ann Marie",Clinical Associate Professor,ahayden
1265,Sum 2026,UMNTC,UMNTC,NURS,6111,001,Intro Diagnostic Reasoning,A,62,56,PI,"Smith,Sheila Kathleen",Clinical Professor,smit0171
1265,Sum 2026,UMNTC,UMNTC,NURS,6111,001,Intro Diagnostic Reasoning,A-,62,6,PI,"Smith,Sheila Kathleen",Clinical Professor,smit0171
1265,Sum 2026,UMNTC,UMNTC,NURS,6601,001,Intro to Adv Psych Nurse Role,A,11,10,PI,"Hopfenspirger,Elizabeth Ann",Clinical Assistant Professor,koll0021
1265,Sum 2026,UMNTC,UMNTC,NURS,6601,001,Intro to Adv Psych Nurse Role,A-,11,1,PI,"Hopfenspirger,Elizabeth Ann",Clinical Assistant Professor,koll0021
1265,Sum 2026,UMNTC,UMNTC,NURS,6901,001,Basic Nurse Anesthesia Princip,A,19,11,SI,"Goldsmith,Trevor",Teaching Specialist,golds320
1265,Sum 2026,UMNTC,UMNTC,NURS,6901,001,Basic Nurse Anesthesia Princip,A-,19,6,SI,"Goldsmith,Trevor",Teaching Specialist,golds320
1265,Sum 2026,UMNTC,UMNTC,NURS,6901,001,Basic Nurse Anesthesia Princip,B,19,1,SI,"Goldsmith,Trevor",Teaching Specialist,golds320
1265,Sum 2026,UMNTC,UMNTC,NURS,6901,001,Basic Nurse Anesthesia Princip,B+,19,1,SI,"Goldsmith,Trevor",Teaching Specialist,golds320
1265,Sum 2026,UMNTC,UMNTC,NURS,6927,001,Rproductve Hlthcare Specfc Pop,A,10,5,SI,"Lessard,Kelsey Cronje Butts",Teaching Specialist,butt0044
1265,Sum 2026,UMNTC,UMNTC,NURS,6927,001,Rproductve Hlthcare Specfc Pop,A-,10,3,SI,"Lessard,Kelsey Cronje Butts",Teaching Specialist,butt0044
1265,Sum 2026,UMNTC,UMNTC,NURS,6927,001,Rproductve Hlthcare Specfc Pop,B+,10,1,SI,"Lessard,Kelsey Cronje Butts",Teaching Specialist,butt0044
1265,Sum 2026,UMNTC,UMNTC,NURS,6927,001,Rproductve Hlthcare Specfc Pop,B-,10,1,SI,"Lessard,Kelsey Cronje Butts",Teaching Specialist,butt0044
1265,Sum 2026,UMNTC,UMNTC,NURS,6928,001,Repro Health in Spc Pop Pract,N,10,1,SI,"Lessard,Kelsey Cronje Butts",Teaching Specialist,butt0044
1265,Sum 2026,UMNTC,UMNTC,NURS,6928,001,Repro Health in Spc Pop Pract,S,10,9,SI,"Lessard,Kelsey Cronje Butts",Teaching Specialist,butt0044
1265,Sum 2026,UMNTC,UMNTC,NURS,7102,001,Scholrly Dissem Adv Nurs Pract,A,20,11,PI,"Looman,Wendy Sue",Professor,looma003
1265,Sum 2026,UMNTC,UMNTC,NURS,7102,001,Scholrly Dissem Adv Nurs Pract,A-,20,7,PI,"Looman,Wendy Sue",Professor,looma003
1265,Sum 2026,UMNTC,UMNTC,NURS,7102,001,Scholrly Dissem Adv Nurs Pract,B+,20,2,PI,"Looman,Wendy Sue",Professor,looma003
1265,Sum 2026,UMNTC,UMNTC,NURS,7205,003,HealthEconFinan in AdvNursPrac,A,44,42,PI,"Bhimani,Rozina Hasanali",Associate Professor,bhim0001
1265,Sum 2026,UMNTC,UMNTC,NURS,7205,003,HealthEconFinan in AdvNursPrac,B+,44,1,PI,"Bhimani,Rozina Hasanali",Associate Professor,bhim0001
1265,Sum 2026,UMNTC,UMNTC,NURS,7205,003,HealthEconFinan in AdvNursPrac,W,44,1,PI,"Bhimani,Rozina Hasanali",Associate Professor,bhim0001
1265,Sum 2026,UMNTC,UMNTC,NURS,7502,001,HealthCareOlderAdultsforAGNP,A,11,9,PI,"Smith,Sheila Kathleen",Clinical Professor,smit0171
1265,Sum 2026,UMNTC,UMNTC,NURS,7502,001,HealthCareOlderAdultsforAGNP,A-,11,2,PI,"Smith,Sheila Kathleen",Clinical Professor,smit0171
1265,Sum 2026,UMNTC,UMNTC,NURS,7515,001,HealthCareChildforFNPWellChild,A,19,3,PI,"Herman RN,Jenna",Clinical Associate Professor,herma489
1265,Sum 2026,UMNTC,UMNTC,NURS,7515,001,HealthCareChildforFNPWellChild,A-,19,6,PI,"Herman RN,Jenna",Clinical Associate Professor,herma489
1265,Sum 2026,UMNTC,UMNTC,NURS,7515,001,HealthCareChildforFNPWellChild,B,19,4,PI,"Herman RN,Jenna",Clinical Associate Professor,herma489
1265,Sum 2026,UMNTC,UMNTC,NURS,7515,001,HealthCareChildforFNPWellChild,B+,19,6,PI,"Herman RN,Jenna",Clinical Associate Professor,herma489
1265,Sum 2026,UMNTC,UMNTC,NURS,7518,001,Health Care of OlderAdult FNP,A,13,9,PI,"Hayden,Ann Marie",Clinical Associate Professor,ahayden
1265,Sum 2026,UMNTC,UMNTC,NURS,7518,001,Health Care of OlderAdult FNP,A-,13,4,PI,"Hayden,Ann Marie",Clinical Associate Professor,ahayden
1265,Sum 2026,UMNTC,UMNTC,OLPD,1303,001,Lead in Organizational Context,A,20,7,PI,"Dillard,Nicole",Assistant Professor,ndillard
1265,Sum 2026,UMNTC,UMNTC,OLPD,1303,001,Lead in Organizational Context,A-,20,5,PI,"Dillard,Nicole",Assistant Professor,ndillard
1265,Sum 2026,UMNTC,UMNTC,OLPD,1303,001,Lead in Organizational Context,B,20,2,PI,"Dillard,Nicole",Assistant Professor,ndillard
1265,Sum 2026,UMNTC,UMNTC,OLPD,1303,001,Lead in Organizational Context,C-,20,1,PI,"Dillard,Nicole",Assistant Professor,ndillard
1265,Sum 2026,UMNTC,UMNTC,OLPD,1303,001,Lead in Organizational Context,D,20,2,PI,"Dillard,Nicole",Assistant Professor,ndillard
1265,Sum 2026,UMNTC,UMNTC,OLPD,1303,001,Lead in Organizational Context,D+,20,1,PI,"Dillard,Nicole",Assistant Professor,ndillard
1265,Sum 2026,UMNTC,UMNTC,OLPD,1303,001,Lead in Organizational Context,F,20,1,PI,"Dillard,Nicole",Assistant Professor,ndillard
1265,Sum 2026,UMNTC,UMNTC,OLPD,1303,001,Lead in Organizational Context,W,20,1,PI,"Dillard,Nicole",Assistant Professor,ndillard
1265,Sum 2026,UMNTC,UMNTC,OLPD,2811,001,Societies of the Future: Work,A,26,6,PI,"Fitzgerald-Sisk,Meg",Senior Lecturer,mfsisk
1265,Sum 2026,UMNTC,UMNTC,OLPD,2811,001,Societies of the Future: Work,A-,26,1,PI,"Fitzgerald-Sisk,Meg",Senior Lecturer,mfsisk
1265,Sum 2026,UMNTC,UMNTC,OLPD,2811,001,Societies of the Future: Work,B,26,5,PI,"Fitzgerald-Sisk,Meg",Senior Lecturer,mfsisk
1265,Sum 2026,UMNTC,UMNTC,OLPD,2811,001,Societies of the Future: Work,B+,26,1,PI,"Fitzgerald-Sisk,Meg",Senior Lecturer,mfsisk
1265,Sum 2026,UMNTC,UMNTC,OLPD,2811,001,Societies of the Future: Work,B-,26,1,PI,"Fitzgerald-Sisk,Meg",Senior Lecturer,mfsisk
1265,Sum 2026,UMNTC,UMNTC,OLPD,2811,001,Societies of the Future: Work,C,26,1,PI,"Fitzgerald-Sisk,Meg",Senior Lecturer,mfsisk
1265,Sum 2026,UMNTC,UMNTC,OLPD,2811,001,Societies of the Future: Work,C+,26,1,PI,"Fitzgerald-Sisk,Meg",Senior Lecturer,mfsisk
1265,Sum 2026,UMNTC,UMNTC,OLPD,2811,001,Societies of the Future: Work,D,26,2,PI,"Fitzgerald-Sisk,Meg",Senior Lecturer,mfsisk
1265,Sum 2026,UMNTC,UMNTC,OLPD,2811,001,Societies of the Future: Work,D+,26,1,PI,"Fitzgerald-Sisk,Meg",Senior Lecturer,mfsisk
1265,Sum 2026,UMNTC,UMNTC,OLPD,2811,001,Societies of the Future: Work,F,26,5,PI,"Fitzgerald-Sisk,Meg",Senior Lecturer,mfsisk
1265,Sum 2026,UMNTC,UMNTC,OLPD,2811,001,Societies of the Future: Work,W,26,2,PI,"Fitzgerald-Sisk,Meg",Senior Lecturer,mfsisk
1265,Sum 2026,UMNTC,UMNTC,OLPD,3308,001,Data-Driven Decision-Making,A,28,4,PI,"Kim,Sehoon",Associate Professor,kimsh
1265,Sum 2026,UMNTC,UMNTC,OLPD,3308,001,Data-Driven Decision-Making,A-,28,6,PI,"Kim,Sehoon",Associate Professor,kimsh
1265,Sum 2026,UMNTC,UMNTC,OLPD,3308,001,Data-Driven Decision-Making,B,28,1,PI,"Kim,Sehoon",Associate Professor,kimsh
1265,Sum 2026,UMNTC,UMNTC,OLPD,3308,001,Data-Driven Decision-Making,B+,28,5,PI,"Kim,Sehoon",Associate Professor,kimsh
1265,Sum 2026,UMNTC,UMNTC,OLPD,3308,001,Data-Driven Decision-Making,B-,28,1,PI,"Kim,Sehoon",Associate Professor,kimsh
1265,Sum 2026,UMNTC,UMNTC,OLPD,3308,001,Data-Driven Decision-Making,C+,28,1,PI,"Kim,Sehoon",Associate Professor,kimsh
1265,Sum 2026,UMNTC,UMNTC,OLPD,3308,001,Data-Driven Decision-Making,C-,28,9,PI,"Kim,Sehoon",Associate Professor,kimsh
1265,Sum 2026,UMNTC,UMNTC,OLPD,3308,001,Data-Driven Decision-Making,F,28,1,PI,"Kim,Sehoon",Associate Professor,kimsh
1265,Sum 2026,UMNTC,UMNTC,OLPD,3609,001,Profession & Pract of BME/HRD,A,21,14,PI,"Lauritsen,Jessica Susan",Lecturer,lauri119
1265,Sum 2026,UMNTC,UMNTC,OLPD,3609,001,Profession & Pract of BME/HRD,A-,21,1,PI,"Lauritsen,Jessica Susan",Lecturer,lauri119
1265,Sum 2026,UMNTC,UMNTC,OLPD,3609,001,Profession & Pract of BME/HRD,B,21,2,PI,"Lauritsen,Jessica Susan",Lecturer,lauri119
1265,Sum 2026,UMNTC,UMNTC,OLPD,3609,001,Profession & Pract of BME/HRD,B-,21,1,PI,"Lauritsen,Jessica Susan",Lecturer,lauri119
1265,Sum 2026,UMNTC,UMNTC,OLPD,3609,001,Profession & Pract of BME/HRD,C,21,1,PI,"Lauritsen,Jessica Susan",Lecturer,lauri119
1265,Sum 2026,UMNTC,UMNTC,OLPD,3609,001,Profession & Pract of BME/HRD,C+,21,1,PI,"Lauritsen,Jessica Susan",Lecturer,lauri119
1265,Sum 2026,UMNTC,UMNTC,OLPD,3609,001,Profession & Pract of BME/HRD,F,21,1,PI,"Lauritsen,Jessica Susan",Lecturer,lauri119
1265,Sum 2026,UMNTC,UMNTC,OLPD,3641,001,Intro to Org Develop,A,31,6,PI,"Dalla Martha Rodriguez,Ana Carolina",Ed Pro 5-Ed Prog Dev & Implmt,rodr0667
1265,Sum 2026,UMNTC,UMNTC,OLPD,3641,001,Intro to Org Develop,A-,31,6,PI,"Dalla Martha Rodriguez,Ana Carolina",Ed Pro 5-Ed Prog Dev & Implmt,rodr0667
1265,Sum 2026,UMNTC,UMNTC,OLPD,3641,001,Intro to Org Develop,B,31,3,PI,"Dalla Martha Rodriguez,Ana Carolina",Ed Pro 5-Ed Prog Dev & Implmt,rodr0667
1265,Sum 2026,UMNTC,UMNTC,OLPD,3641,001,Intro to Org Develop,B+,31,4,PI,"Dalla Martha Rodriguez,Ana Carolina",Ed Pro 5-Ed Prog Dev & Implmt,rodr0667
1265,Sum 2026,UMNTC,UMNTC,OLPD,3641,001,Intro to Org Develop,B-,31,5,PI,"Dalla Martha Rodriguez,Ana Carolina",Ed Pro 5-Ed Prog Dev & Implmt,rodr0667
1265,Sum 2026,UMNTC,UMNTC,OLPD,3641,001,Intro to Org Develop,C,31,3,PI,"Dalla Martha Rodriguez,Ana Carolina",Ed Pro 5-Ed Prog Dev & Implmt,rodr0667
1265,Sum 2026,UMNTC,UMNTC,OLPD,3641,001,Intro to Org Develop,C+,31,1,PI,"Dalla Martha Rodriguez,Ana Carolina",Ed Pro 5-Ed Prog Dev & Implmt,rodr0667
1265,Sum 2026,UMNTC,UMNTC,OLPD,3641,001,Intro to Org Develop,C-,31,1,PI,"Dalla Martha Rodriguez,Ana Carolina",Ed Pro 5-Ed Prog Dev & Implmt,rodr0667
1265,Sum 2026,UMNTC,UMNTC,OLPD,3641,001,Intro to Org Develop,W,31,2,PI,"Dalla Martha Rodriguez,Ana Carolina",Ed Pro 5-Ed Prog Dev & Implmt,rodr0667
1265,Sum 2026,UMNTC,UMNTC,OLPD,3828,001,Diversity in the Workplace,A,26,14,PI,"Sisco,Stephanie",Assistant Professor,pleasant
1265,Sum 2026,UMNTC,UMNTC,OLPD,3828,001,Diversity in the Workplace,A-,26,3,PI,"Sisco,Stephanie",Assistant Professor,pleasant
1265,Sum 2026,UMNTC,UMNTC,OLPD,3828,001,Diversity in the Workplace,B,26,4,PI,"Sisco,Stephanie",Assistant Professor,pleasant
1265,Sum 2026,UMNTC,UMNTC,OLPD,3828,001,Diversity in the Workplace,B+,26,3,PI,"Sisco,Stephanie",Assistant Professor,pleasant
1265,Sum 2026,UMNTC,UMNTC,OLPD,3828,001,Diversity in the Workplace,F,26,2,PI,"Sisco,Stephanie",Assistant Professor,pleasant
1265,Sum 2026,UMNTC,UMNTC,OLPD,4696,001,Bsnss Mrktng Ed/Human Rsrc Dev,N,30,1,PI,"Siering,Taylor Cavallo",Lecturer,sieri004
1265,Sum 2026,UMNTC,UMNTC,OLPD,4696,001,Bsnss Mrktng Ed/Human Rsrc Dev,S,30,29,PI,"Siering,Taylor Cavallo",Lecturer,sieri004
1265,Sum 2026,UMNTC,UMNTC,OLPD,4696,002,Bsnss Mrktng Ed/Human Rsrc Dev,N,29,3,PI,"Fairchild,Susan",,
1265,Sum 2026,UMNTC,UMNTC,OLPD,4696,002,Bsnss Mrktng Ed/Human Rsrc Dev,S,29,24,PI,"Fairchild,Susan",,
1265,Sum 2026,UMNTC,UMNTC,OLPD,4696,002,Bsnss Mrktng Ed/Human Rsrc Dev,W,29,2,PI,"Fairchild,Susan",,
1265,Sum 2026,UMNTC,UMNTC,OLPD,5005,001,School and Society,A,23,17,PI,"Finnegan,Shannon",,
1265,Sum 2026,UMNTC,UMNTC,OLPD,5005,001,School and Society,A-,23,2,PI,"Finnegan,Shannon",,
1265,Sum 2026,UMNTC,UMNTC,OLPD,5005,001,School and Society,B,23,3,PI,"Finnegan,Shannon",,
1265,Sum 2026,UMNTC,UMNTC,OLPD,5005,001,School and Society,B+,23,1,PI,"Finnegan,Shannon",,
1265,Sum 2026,UMNTC,UMNTC,OLPD,5005,002,School and Society,A,20,10,PI,"Finnegan,Shannon",,
1265,Sum 2026,UMNTC,UMNTC,OLPD,5005,002,School and Society,A-,20,7,PI,"Finnegan,Shannon",,
1265,Sum 2026,UMNTC,UMNTC,OLPD,5005,002,School and Society,B,20,2,PI,"Finnegan,Shannon",,
1265,Sum 2026,UMNTC,UMNTC,OLPD,5005,002,School and Society,B+,20,1,PI,"Finnegan,Shannon",,
1265,Sum 2026,UMNTC,UMNTC,OLPD,5009,001,Human Relations,A,46,42,PI,"Dunnigan,Ellisha Lenae",,
1265,Sum 2026,UMNTC,UMNTC,OLPD,5009,001,Human Relations,A-,46,2,PI,"Dunnigan,Ellisha Lenae",,
1265,Sum 2026,UMNTC,UMNTC,OLPD,5009,001,Human Relations,B,46,1,PI,"Dunnigan,Ellisha Lenae",,
1265,Sum 2026,UMNTC,UMNTC,OLPD,5009,001,Human Relations,B-,46,1,PI,"Dunnigan,Ellisha Lenae",,
1265,Sum 2026,UMNTC,UMNTC,OLPD,5080,001,Special Topics: OLPD,A,11,9,PI,"Rajendran,Aditi",Assistant Professor,araj
1265,Sum 2026,UMNTC,UMNTC,OLPD,5080,001,Special Topics: OLPD,A-,11,2,PI,"Rajendran,Aditi",Assistant Professor,araj
1265,Sum 2026,UMNTC,UMNTC,OLPD,5201,001,Strategies,A,19,15,PI,"Sisco,Stephanie",Assistant Professor,pleasant
1265,Sum 2026,UMNTC,UMNTC,OLPD,5201,001,Strategies,A-,19,3,PI,"Sisco,Stephanie",Assistant Professor,pleasant
1265,Sum 2026,UMNTC,UMNTC,OLPD,5201,001,Strategies,B-,19,1,PI,"Sisco,Stephanie",Assistant Professor,pleasant
1265,Sum 2026,UMNTC,UMNTC,OLPD,5202,001,Adult  Lrng & Devp,A,18,14,PI,"Collins,Joshua C.",Associate Professor,collinsj
1265,Sum 2026,UMNTC,UMNTC,OLPD,5202,001,Adult  Lrng & Devp,A-,18,2,PI,"Collins,Joshua C.",Associate Professor,collinsj
1265,Sum 2026,UMNTC,UMNTC,OLPD,5202,001,Adult  Lrng & Devp,B+,18,2,PI,"Collins,Joshua C.",Associate Professor,collinsj
1265,Sum 2026,UMNTC,UMNTC,OLPD,5501,001,Principles & Methods of Eval,A,13,5,PI,"Yeh,Stuart S.",Professor,yehxx008
1265,Sum 2026,UMNTC,UMNTC,OLPD,5501,001,Principles & Methods of Eval,A-,13,4,PI,"Yeh,Stuart S.",Professor,yehxx008
1265,Sum 2026,UMNTC,UMNTC,OLPD,5501,001,Principles & Methods of Eval,B,13,1,PI,"Yeh,Stuart S.",Professor,yehxx008
1265,Sum 2026,UMNTC,UMNTC,OLPD,5501,001,Principles & Methods of Eval,B-,13,1,PI,"Yeh,Stuart S.",Professor,yehxx008
1265,Sum 2026,UMNTC,UMNTC,OLPD,5501,001,Principles & Methods of Eval,F,13,1,PI,"Yeh,Stuart S.",Professor,yehxx008
1265,Sum 2026,UMNTC,UMNTC,OLPD,5501,001,Principles & Methods of Eval,S,13,1,PI,"Yeh,Stuart S.",Professor,yehxx008
1265,Sum 2026,UMNTC,UMNTC,OLPD,5605,001,Strategic Plan/HR,A,18,15,PI,"Dalla Martha Rodriguez,Ana Carolina",Ed Pro 5-Ed Prog Dev & Implmt,rodr0667
1265,Sum 2026,UMNTC,UMNTC,OLPD,5605,001,Strategic Plan/HR,A-,18,1,PI,"Dalla Martha Rodriguez,Ana Carolina",Ed Pro 5-Ed Prog Dev & Implmt,rodr0667
1265,Sum 2026,UMNTC,UMNTC,OLPD,5605,001,Strategic Plan/HR,B-,18,1,PI,"Dalla Martha Rodriguez,Ana Carolina",Ed Pro 5-Ed Prog Dev & Implmt,rodr0667
1265,Sum 2026,UMNTC,UMNTC,OLPD,5605,001,Strategic Plan/HR,D+,18,1,PI,"Dalla Martha Rodriguez,Ana Carolina",Ed Pro 5-Ed Prog Dev & Implmt,rodr0667
1265,Sum 2026,UMNTC,UMNTC,OLPD,5607,001,Organization Development,A,19,13,PI,"Collins,Joshua C.",Associate Professor,collinsj
1265,Sum 2026,UMNTC,UMNTC,OLPD,5607,001,Organization Development,A-,19,5,PI,"Collins,Joshua C.",Associate Professor,collinsj
1265,Sum 2026,UMNTC,UMNTC,OLPD,5607,001,Organization Development,B+,19,1,PI,"Collins,Joshua C.",Associate Professor,collinsj
1265,Sum 2026,UMNTC,UMNTC,OLPD,5819,001,Eval & Using Research,A,14,11,PI,"Dillard,Nicole",Assistant Professor,ndillard
1265,Sum 2026,UMNTC,UMNTC,OLPD,5819,001,Eval & Using Research,A-,14,2,PI,"Dillard,Nicole",Assistant Professor,ndillard
1265,Sum 2026,UMNTC,UMNTC,OLPD,5819,001,Eval & Using Research,C,14,1,PI,"Dillard,Nicole",Assistant Professor,ndillard
1265,Sum 2026,UMNTC,UMNTC,OT,1003,001,Intro:Occup Therap,A,20,14,PI,"Jacobs,Cindy",Instructor,pell0063
1265,Sum 2026,UMNTC,UMNTC,OT,1003,001,Intro:Occup Therap,A-,20,1,PI,"Jacobs,Cindy",Instructor,pell0063
1265,Sum 2026,UMNTC,UMNTC,OT,1003,001,Intro:Occup Therap,C+,20,1,PI,"Jacobs,Cindy",Instructor,pell0063
1265,Sum 2026,UMNTC,UMNTC,OT,1003,001,Intro:Occup Therap,C-,20,1,PI,"Jacobs,Cindy",Instructor,pell0063
1265,Sum 2026,UMNTC,UMNTC,OT,1003,001,Intro:Occup Therap,D+,20,1,PI,"Jacobs,Cindy",Instructor,pell0063
1265,Sum 2026,UMNTC,UMNTC,OT,1003,001,Intro:Occup Therap,F,20,1,PI,"Jacobs,Cindy",Instructor,pell0063
1265,Sum 2026,UMNTC,UMNTC,OT,1003,001,Intro:Occup Therap,N,20,1,PI,"Jacobs,Cindy",Instructor,pell0063
1265,Sum 2026,UMNTC,UMNTC,OT,7332,001,Quantitative Rsrch OcptnlThrpy,A,17,15,PI,"Schaber PhD,Patricia Louise",Professor,schab002
1265,Sum 2026,UMNTC,UMNTC,OT,7332,001,Quantitative Rsrch OcptnlThrpy,A-,17,2,PI,"Schaber PhD,Patricia Louise",Professor,schab002
1265,Sum 2026,UMNTC,UMNTC,OT,7332,002,Quantitative Rsrch OcptnlThrpy,A,24,14,PI,"Schaber PhD,Patricia Louise",Professor,schab002
1265,Sum 2026,UMNTC,UMNTC,OT,7332,002,Quantitative Rsrch OcptnlThrpy,A-,24,8,PI,"Schaber PhD,Patricia Louise",Professor,schab002
1265,Sum 2026,UMNTC,UMNTC,OT,7332,002,Quantitative Rsrch OcptnlThrpy,B,24,2,PI,"Schaber PhD,Patricia Louise",Professor,schab002
1265,Sum 2026,UMNTC,UMNTC,OT,7343,001,Structures and Functions III,A,17,2,PI,"Fredrickson,Abigail Marie",Associate Professor,fredr147
1265,Sum 2026,UMNTC,UMNTC,OT,7343,001,Structures and Functions III,A-,17,11,PI,"Fredrickson,Abigail Marie",Associate Professor,fredr147
1265,Sum 2026,UMNTC,UMNTC,OT,7343,001,Structures and Functions III,B,17,3,PI,"Fredrickson,Abigail Marie",Associate Professor,fredr147
1265,Sum 2026,UMNTC,UMNTC,OT,7343,001,Structures and Functions III,B+,17,1,PI,"Fredrickson,Abigail Marie",Associate Professor,fredr147
1265,Sum 2026,UMNTC,UMNTC,OT,7343,002,Structures and Functions III,A,24,1,PI,"Fredrickson,Abigail Marie",Associate Professor,fredr147
1265,Sum 2026,UMNTC,UMNTC,OT,7343,002,Structures and Functions III,A-,24,4,PI,"Fredrickson,Abigail Marie",Associate Professor,fredr147
1265,Sum 2026,UMNTC,UMNTC,OT,7343,002,Structures and Functions III,B,24,6,PI,"Fredrickson,Abigail Marie",Associate Professor,fredr147
1265,Sum 2026,UMNTC,UMNTC,OT,7343,002,Structures and Functions III,B+,24,6,PI,"Fredrickson,Abigail Marie",Associate Professor,fredr147
1265,Sum 2026,UMNTC,UMNTC,OT,7343,002,Structures and Functions III,B-,24,6,PI,"Fredrickson,Abigail Marie",Associate Professor,fredr147
1265,Sum 2026,UMNTC,UMNTC,OT,7343,002,Structures and Functions III,C+,24,1,PI,"Fredrickson,Abigail Marie",Associate Professor,fredr147
1265,Sum 2026,UMNTC,UMNTC,OT,7653,001,OT Capstone Preparation III,A,18,13,PI,"Jones,Terrianne Thielen",Associate Professor,jone1727
1265,Sum 2026,UMNTC,UMNTC,OT,7653,001,OT Capstone Preparation III,A-,18,3,PI,"Jones,Terrianne Thielen",Associate Professor,jone1727
1265,Sum 2026,UMNTC,UMNTC,OT,7653,001,OT Capstone Preparation III,B,18,1,PI,"Jones,Terrianne Thielen",Associate Professor,jone1727
1265,Sum 2026,UMNTC,UMNTC,OT,7653,001,OT Capstone Preparation III,C+,18,1,PI,"Jones,Terrianne Thielen",Associate Professor,jone1727
1265,Sum 2026,UMNTC,UMNTC,OT,7653,002,OT Capstone Preparation III,A,23,17,PI,"Jones,Terrianne Thielen",Associate Professor,jone1727
1265,Sum 2026,UMNTC,UMNTC,OT,7653,002,OT Capstone Preparation III,A-,23,3,PI,"Jones,Terrianne Thielen",Associate Professor,jone1727
1265,Sum 2026,UMNTC,UMNTC,OT,7653,002,OT Capstone Preparation III,B,23,2,PI,"Jones,Terrianne Thielen",Associate Professor,jone1727
1265,Sum 2026,UMNTC,UMNTC,OT,7653,002,OT Capstone Preparation III,B+,23,1,PI,"Jones,Terrianne Thielen",Associate Professor,jone1727
1265,Sum 2026,UMNTC,UMNTC,OT,7821,001,Systems of OT Practice,A,18,16,PI,"Schaber PhD,Patricia Louise",Professor,schab002
1265,Sum 2026,UMNTC,UMNTC,OT,7821,001,Systems of OT Practice,A-,18,2,PI,"Schaber PhD,Patricia Louise",Professor,schab002
1265,Sum 2026,UMNTC,UMNTC,OT,7821,002,Systems of OT Practice,A,25,21,PI,"Schaber PhD,Patricia Louise",Professor,schab002
1265,Sum 2026,UMNTC,UMNTC,OT,7821,002,Systems of OT Practice,A-,25,2,PI,"Schaber PhD,Patricia Louise",Professor,schab002
1265,Sum 2026,UMNTC,UMNTC,OT,7821,002,Systems of OT Practice,B,25,2,PI,"Schaber PhD,Patricia Louise",Professor,schab002
1265,Sum 2026,UMNTC,UMNTC,OT,7841,002,Program Development in OT,A,25,19,PI,"Sterner Sampers,Camille L.",Assistant Professor,samp0009
1265,Sum 2026,UMNTC,UMNTC,OT,7841,002,Program Development in OT,A-,25,5,PI,"Sterner Sampers,Camille L.",Assistant Professor,samp0009
1265,Sum 2026,UMNTC,UMNTC,OT,7841,002,Program Development in OT,B+,25,1,PI,"Sterner Sampers,Camille L.",Assistant Professor,samp0009
1265,Sum 2026,UMNTC,UMNTC,OT,7842,001,Teaching and Learning in OT,A,18,14,PI,"Anderson,Diane R",Associate Professor,ander230
1265,Sum 2026,UMNTC,UMNTC,OT,7842,001,Teaching and Learning in OT,A-,18,3,PI,"Anderson,Diane R",Associate Professor,ander230
1265,Sum 2026,UMNTC,UMNTC,OT,7842,001,Teaching and Learning in OT,B+,18,1,PI,"Anderson,Diane R",Associate Professor,ander230
1265,Sum 2026,UMNTC,UMNTC,OT,7842,002,Teaching and Learning in OT,A,25,11,PI,"Anderson,Diane R",Associate Professor,ander230
1265,Sum 2026,UMNTC,UMNTC,OT,7842,002,Teaching and Learning in OT,A-,25,10,PI,"Anderson,Diane R",Associate Professor,ander230
1265,Sum 2026,UMNTC,UMNTC,OT,7842,002,Teaching and Learning in OT,B,25,1,PI,"Anderson,Diane R",Associate Professor,ander230
1265,Sum 2026,UMNTC,UMNTC,OT,7842,002,Teaching and Learning in OT,B+,25,3,PI,"Anderson,Diane R",Associate Professor,ander230
1265,Sum 2026,UMNTC,UMNTC,OT,7852,001,Trauma Informed Care for OT,A,23,16,PI,"Harrison,Andrea Cardenas",Lecturer,harrisoa
1265,Sum 2026,UMNTC,UMNTC,OT,7852,001,Trauma Informed Care for OT,A-,23,7,PI,"Harrison,Andrea Cardenas",Lecturer,harrisoa
1265,Sum 2026,UMNTC,UMNTC,OT,7858,001,Hand Therapy,A,12,11,PI,"McGee,Corey Weston",Associate Professor,mcge0062
1265,Sum 2026,UMNTC,UMNTC,OT,7858,001,Hand Therapy,A-,12,1,PI,"McGee,Corey Weston",Associate Professor,mcge0062
1265,Sum 2026,UMNTC,UMNTC,OT,7891,009,Independent Study in OT,A,13,6,PI,"Schaber PhD,Patricia Louise",Professor,schab002
1265,Sum 2026,UMNTC,UMNTC,OT,7891,009,Independent Study in OT,S,13,4,PI,"Schaber PhD,Patricia Louise",Professor,schab002
1265,Sum 2026,UMNTC,UMNTC,OT,7891,009,Independent Study in OT,W,13,3,PI,"Schaber PhD,Patricia Louise",Professor,schab002
1265,Sum 2026,UMNTC,UMNTC,OUE,1087,001,The First Year Experience,A,31,14,PI,"Shada,Andrea",SS Pro 3-Career Development,slon0010
1265,Sum 2026,UMNTC,UMNTC,OUE,1087,001,The First Year Experience,A-,31,9,PI,"Shada,Andrea",SS Pro 3-Career Development,slon0010
1265,Sum 2026,UMNTC,UMNTC,OUE,1087,001,The First Year Experience,B,31,6,PI,"Shada,Andrea",SS Pro 3-Career Development,slon0010
1265,Sum 2026,UMNTC,UMNTC,OUE,1087,001,The First Year Experience,B+,31,1,PI,"Shada,Andrea",SS Pro 3-Career Development,slon0010
1265,Sum 2026,UMNTC,UMNTC,OUE,1087,001,The First Year Experience,C+,31,1,PI,"Shada,Andrea",SS Pro 3-Career Development,slon0010
1265,Sum 2026,UMNTC,UMNTC,OUE,3205,001,Law School Exploration,A,14,10,PI,"Reichelt,Erin Kristine",SS Pro 5-Career Development,kauf0101
1265,Sum 2026,UMNTC,UMNTC,OUE,3205,001,Law School Exploration,A-,14,3,PI,"Reichelt,Erin Kristine",SS Pro 5-Career Development,kauf0101
1265,Sum 2026,UMNTC,UMNTC,OUE,3205,001,Law School Exploration,B+,14,1,PI,"Reichelt,Erin Kristine",SS Pro 5-Career Development,kauf0101
1265,Sum 2026,UMNTC,UMNTC,PA,8081,001,Capstone Workshop,A,12,9,PI,"Entenza,Jeannie",Lecturer,jeannie
1265,Sum 2026,UMNTC,UMNTC,PA,8081,001,Capstone Workshop,B+,12,3,PI,"Entenza,Jeannie",Lecturer,jeannie
1265,Sum 2026,UMNTC,UMNTC,PDES,3790,500,Prodct Desgn Experience Abroad,A,21,12,PI,"Kudrowitz,Barry",Professor,barryk
1265,Sum 2026,UMNTC,UMNTC,PDES,3790,500,Prodct Desgn Experience Abroad,A-,21,5,PI,"Kudrowitz,Barry",Professor,barryk
1265,Sum 2026,UMNTC,UMNTC,PDES,3790,500,Prodct Desgn Experience Abroad,B+,21,3,PI,"Kudrowitz,Barry",Professor,barryk
1265,Sum 2026,UMNTC,UMNTC,PDES,3790,500,Prodct Desgn Experience Abroad,F,21,1,PI,"Kudrowitz,Barry",Professor,barryk
1265,Sum 2026,UMNTC,UMNTC,PE,1014,001,Conditioning,A,30,19,PI,"Wicker,Olivia Joy",M&C Pro 4-Mktg & Comm Gen,wick0294
1265,Sum 2026,UMNTC,UMNTC,PE,1014,001,Conditioning,A-,30,4,PI,"Wicker,Olivia Joy",M&C Pro 4-Mktg & Comm Gen,wick0294
1265,Sum 2026,UMNTC,UMNTC,PE,1014,001,Conditioning,B,30,1,PI,"Wicker,Olivia Joy",M&C Pro 4-Mktg & Comm Gen,wick0294
1265,Sum 2026,UMNTC,UMNTC,PE,1014,001,Conditioning,B+,30,1,PI,"Wicker,Olivia Joy",M&C Pro 4-Mktg & Comm Gen,wick0294
1265,Sum 2026,UMNTC,UMNTC,PE,1014,001,Conditioning,B-,30,1,PI,"Wicker,Olivia Joy",M&C Pro 4-Mktg & Comm Gen,wick0294
1265,Sum 2026,UMNTC,UMNTC,PE,1014,001,Conditioning,C+,30,1,PI,"Wicker,Olivia Joy",M&C Pro 4-Mktg & Comm Gen,wick0294
1265,Sum 2026,UMNTC,UMNTC,PE,1014,001,Conditioning,C-,30,1,PI,"Wicker,Olivia Joy",M&C Pro 4-Mktg & Comm Gen,wick0294
1265,Sum 2026,UMNTC,UMNTC,PE,1014,001,Conditioning,F,30,1,PI,"Wicker,Olivia Joy",M&C Pro 4-Mktg & Comm Gen,wick0294
1265,Sum 2026,UMNTC,UMNTC,PE,1014,001,Conditioning,W,30,1,PI,"Wicker,Olivia Joy",M&C Pro 4-Mktg & Comm Gen,wick0294
1265,Sum 2026,UMNTC,UMNTC,PE,1016,001,Posture & Individual Exercise,A,31,24,PI,"Frayeh,Amanda Lee",Teaching Specialist,will3956
1265,Sum 2026,UMNTC,UMNTC,PE,1016,001,Posture & Individual Exercise,A-,31,1,PI,"Frayeh,Amanda Lee",Teaching Specialist,will3956
1265,Sum 2026,UMNTC,UMNTC,PE,1016,001,Posture & Individual Exercise,B,31,1,PI,"Frayeh,Amanda Lee",Teaching Specialist,will3956
1265,Sum 2026,UMNTC,UMNTC,PE,1016,001,Posture & Individual Exercise,B+,31,1,PI,"Frayeh,Amanda Lee",Teaching Specialist,will3956
1265,Sum 2026,UMNTC,UMNTC,PE,1016,001,Posture & Individual Exercise,C,31,1,PI,"Frayeh,Amanda Lee",Teaching Specialist,will3956
1265,Sum 2026,UMNTC,UMNTC,PE,1016,001,Posture & Individual Exercise,F,31,1,PI,"Frayeh,Amanda Lee",Teaching Specialist,will3956
1265,Sum 2026,UMNTC,UMNTC,PE,1016,001,Posture & Individual Exercise,W,31,2,PI,"Frayeh,Amanda Lee",Teaching Specialist,will3956
1265,Sum 2026,UMNTC,UMNTC,PHAR,1002,001,Medical Terminology,A,80,71,PI,"Milone PharmD,Anna S",Senior Lecturer,amilone
1265,Sum 2026,UMNTC,UMNTC,PHAR,1002,001,Medical Terminology,A-,80,3,PI,"Milone PharmD,Anna S",Senior Lecturer,amilone
1265,Sum 2026,UMNTC,UMNTC,PHAR,1002,001,Medical Terminology,B+,80,1,PI,"Milone PharmD,Anna S",Senior Lecturer,amilone
1265,Sum 2026,UMNTC,UMNTC,PHAR,1002,001,Medical Terminology,C,80,1,PI,"Milone PharmD,Anna S",Senior Lecturer,amilone
1265,Sum 2026,UMNTC,UMNTC,PHAR,1002,001,Medical Terminology,D+,80,1,PI,"Milone PharmD,Anna S",Senior Lecturer,amilone
1265,Sum 2026,UMNTC,UMNTC,PHAR,1002,001,Medical Terminology,W,80,3,PI,"Milone PharmD,Anna S",Senior Lecturer,amilone
1265,Sum 2026,UMNTC,UMNTC,PHAR,1004,001,Common Prescrip Drugs & Dis,A,42,28,PI,"Milone PharmD,Anna S",Senior Lecturer,amilone
1265,Sum 2026,UMNTC,UMNTC,PHAR,1004,001,Common Prescrip Drugs & Dis,A-,42,4,PI,"Milone PharmD,Anna S",Senior Lecturer,amilone
1265,Sum 2026,UMNTC,UMNTC,PHAR,1004,001,Common Prescrip Drugs & Dis,B,42,3,PI,"Milone PharmD,Anna S",Senior Lecturer,amilone
1265,Sum 2026,UMNTC,UMNTC,PHAR,1004,001,Common Prescrip Drugs & Dis,B+,42,2,PI,"Milone PharmD,Anna S",Senior Lecturer,amilone
1265,Sum 2026,UMNTC,UMNTC,PHAR,1004,001,Common Prescrip Drugs & Dis,B-,42,1,PI,"Milone PharmD,Anna S",Senior Lecturer,amilone
1265,Sum 2026,UMNTC,UMNTC,PHAR,1004,001,Common Prescrip Drugs & Dis,C+,42,2,PI,"Milone PharmD,Anna S",Senior Lecturer,amilone
1265,Sum 2026,UMNTC,UMNTC,PHAR,1004,001,Common Prescrip Drugs & Dis,S,42,1,PI,"Milone PharmD,Anna S",Senior Lecturer,amilone
1265,Sum 2026,UMNTC,UMNTC,PHAR,1004,001,Common Prescrip Drugs & Dis,W,42,1,PI,"Milone PharmD,Anna S",Senior Lecturer,amilone
1265,Sum 2026,UMNTC,UMNTC,PHAR,5201,001,Applied Medical Terminology,A,17,15,PI,"Milone PharmD,Anna S",Senior Lecturer,amilone
1265,Sum 2026,UMNTC,UMNTC,PHAR,5201,001,Applied Medical Terminology,A-,17,1,PI,"Milone PharmD,Anna S",Senior Lecturer,amilone
1265,Sum 2026,UMNTC,UMNTC,PHAR,5201,001,Applied Medical Terminology,B,17,1,PI,"Milone PharmD,Anna S",Senior Lecturer,amilone
1265,Sum 2026,UMNTC,UMNTC,PHAR,6800,001,Rehabilitation Pharmacotherapy,A,66,59,PI,"Milone PharmD,Anna S",Senior Lecturer,amilone
1265,Sum 2026,UMNTC,UMNTC,PHAR,6800,001,Rehabilitation Pharmacotherapy,A-,66,4,PI,"Milone PharmD,Anna S",Senior Lecturer,amilone
1265,Sum 2026,UMNTC,UMNTC,PHAR,6800,001,Rehabilitation Pharmacotherapy,B+,66,2,PI,"Milone PharmD,Anna S",Senior Lecturer,amilone
1265,Sum 2026,UMNTC,UMNTC,PHAR,6800,001,Rehabilitation Pharmacotherapy,W,66,1,PI,"Milone PharmD,Anna S",Senior Lecturer,amilone
1265,Sum 2026,UMNCR,UMNCR,PHIL,1001,E90,Introduction to Philosophy,A,29,10,PI,"Schaar,James D",Teaching Specialist,jschaar
1265,Sum 2026,UMNCR,UMNCR,PHIL,1001,E90,Introduction to Philosophy,A-,29,2,PI,"Schaar,James D",Teaching Specialist,jschaar
1265,Sum 2026,UMNCR,UMNCR,PHIL,1001,E90,Introduction to Philosophy,B,29,4,PI,"Schaar,James D",Teaching Specialist,jschaar
1265,Sum 2026,UMNCR,UMNCR,PHIL,1001,E90,Introduction to Philosophy,B+,29,1,PI,"Schaar,James D",Teaching Specialist,jschaar
1265,Sum 2026,UMNCR,UMNCR,PHIL,1001,E90,Introduction to Philosophy,B-,29,2,PI,"Schaar,James D",Teaching Specialist,jschaar
1265,Sum 2026,UMNCR,UMNCR,PHIL,1001,E90,Introduction to Philosophy,C,29,1,PI,"Schaar,James D",Teaching Specialist,jschaar
1265,Sum 2026,UMNCR,UMNCR,PHIL,1001,E90,Introduction to Philosophy,C+,29,1,PI,"Schaar,James D",Teaching Specialist,jschaar
1265,Sum 2026,UMNCR,UMNCR,PHIL,1001,E90,Introduction to Philosophy,C-,29,1,PI,"Schaar,James D",Teaching Specialist,jschaar
1265,Sum 2026,UMNCR,UMNCR,PHIL,1001,E90,Introduction to Philosophy,D,29,1,PI,"Schaar,James D",Teaching Specialist,jschaar
1265,Sum 2026,UMNCR,UMNCR,PHIL,1001,E90,Introduction to Philosophy,D+,29,1,PI,"Schaar,James D",Teaching Specialist,jschaar
1265,Sum 2026,UMNCR,UMNCR,PHIL,1001,E90,Introduction to Philosophy,F,29,3,PI,"Schaar,James D",Teaching Specialist,jschaar
1265,Sum 2026,UMNCR,UMNCR,PHIL,1001,E90,Introduction to Philosophy,W,29,2,PI,"Schaar,James D",Teaching Specialist,jschaar
1265,Sum 2026,UMNDL,UMNDL,PHIL,1003,080,Ethics and Society,A,15,9,PI,"Walsh,Sean P",Associate Professor,spwalsh
1265,Sum 2026,UMNDL,UMNDL,PHIL,1003,080,Ethics and Society,A-,15,3,PI,"Walsh,Sean P",Associate Professor,spwalsh
1265,Sum 2026,UMNDL,UMNDL,PHIL,1003,080,Ethics and Society,F,15,3,PI,"Walsh,Sean P",Associate Professor,spwalsh
1265,Sum 2026,UMNDL,UMNDL,PHIL,1008,080,Critical Thinking,A,22,6,PI,"Ford,Jason",Associate Professor,jford
1265,Sum 2026,UMNDL,UMNDL,PHIL,1008,080,Critical Thinking,A-,22,3,PI,"Ford,Jason",Associate Professor,jford
1265,Sum 2026,UMNDL,UMNDL,PHIL,1008,080,Critical Thinking,B,22,4,PI,"Ford,Jason",Associate Professor,jford
1265,Sum 2026,UMNDL,UMNDL,PHIL,1008,080,Critical Thinking,B+,22,5,PI,"Ford,Jason",Associate Professor,jford
1265,Sum 2026,UMNDL,UMNDL,PHIL,1008,080,Critical Thinking,B-,22,1,PI,"Ford,Jason",Associate Professor,jford
1265,Sum 2026,UMNDL,UMNDL,PHIL,1008,080,Critical Thinking,F,22,2,PI,"Ford,Jason",Associate Professor,jford
1265,Sum 2026,UMNDL,UMNDL,PHIL,1008,080,Critical Thinking,W,22,1,PI,"Ford,Jason",Associate Professor,jford
1265,Sum 2026,UMNTC,UMNTC,PHIL,1026W,101,Phil and Cul Div,A,17,12,PI,"O'Loughlin,Aila Kelleen",,
1265,Sum 2026,UMNTC,UMNTC,PHIL,1026W,101,Phil and Cul Div,C,17,1,PI,"O'Loughlin,Aila Kelleen",,
1265,Sum 2026,UMNTC,UMNTC,PHIL,1026W,101,Phil and Cul Div,D+,17,1,PI,"O'Loughlin,Aila Kelleen",,
1265,Sum 2026,UMNTC,UMNTC,PHIL,1026W,101,Phil and Cul Div,S,17,1,PI,"O'Loughlin,Aila Kelleen",,
1265,Sum 2026,UMNTC,UMNTC,PHIL,1026W,101,Phil and Cul Div,W,17,2,PI,"O'Loughlin,Aila Kelleen",,
1265,Sum 2026,UMNMO,UMNMO,PHIL,1101,098,Introduction to Philosophy,A,10,2,PI,"Collier,Mark David",Professor,mcollier
1265,Sum 2026,UMNMO,UMNMO,PHIL,1101,098,Introduction to Philosophy,A-,10,2,PI,"Collier,Mark David",Professor,mcollier
1265,Sum 2026,UMNMO,UMNMO,PHIL,1101,098,Introduction to Philosophy,B,10,1,PI,"Collier,Mark David",Professor,mcollier
1265,Sum 2026,UMNMO,UMNMO,PHIL,1101,098,Introduction to Philosophy,C,10,1,PI,"Collier,Mark David",Professor,mcollier
1265,Sum 2026,UMNMO,UMNMO,PHIL,1101,098,Introduction to Philosophy,F,10,1,PI,"Collier,Mark David",Professor,mcollier
1265,Sum 2026,UMNMO,UMNMO,PHIL,1101,098,Introduction to Philosophy,W,10,3,PI,"Collier,Mark David",Professor,mcollier
1265,Sum 2026,UMNMO,UMNMO,PHIL,2112,098,Professional Ethics,A,16,9,PI,"Demetriou,Daniel",Professor,ddemetri
1265,Sum 2026,UMNMO,UMNMO,PHIL,2112,098,Professional Ethics,A-,16,1,PI,"Demetriou,Daniel",Professor,ddemetri
1265,Sum 2026,UMNMO,UMNMO,PHIL,2112,098,Professional Ethics,B,16,2,PI,"Demetriou,Daniel",Professor,ddemetri
1265,Sum 2026,UMNMO,UMNMO,PHIL,2112,098,Professional Ethics,B+,16,1,PI,"Demetriou,Daniel",Professor,ddemetri
1265,Sum 2026,UMNMO,UMNMO,PHIL,2112,098,Professional Ethics,B-,16,1,PI,"Demetriou,Daniel",Professor,ddemetri
1265,Sum 2026,UMNMO,UMNMO,PHIL,2112,098,Professional Ethics,C+,16,1,PI,"Demetriou,Daniel",Professor,ddemetri
1265,Sum 2026,UMNMO,UMNMO,PHIL,2112,098,Professional Ethics,C-,16,1,PI,"Demetriou,Daniel",Professor,ddemetri
1265,Sum 2026,UMNTC,UMNTC,PHIL,3305,001,Medical Ethics,A,19,8,PI,"Kamberi,Daorsa",,
1265,Sum 2026,UMNTC,UMNTC,PHIL,3305,001,Medical Ethics,A-,19,2,PI,"Kamberi,Daorsa",,
1265,Sum 2026,UMNTC,UMNTC,PHIL,3305,001,Medical Ethics,B,19,3,PI,"Kamberi,Daorsa",,
1265,Sum 2026,UMNTC,UMNTC,PHIL,3305,001,Medical Ethics,B+,19,2,PI,"Kamberi,Daorsa",,
1265,Sum 2026,UMNTC,UMNTC,PHIL,3305,001,Medical Ethics,B-,19,2,PI,"Kamberi,Daorsa",,
1265,Sum 2026,UMNTC,UMNTC,PHIL,3305,001,Medical Ethics,D,19,1,PI,"Kamberi,Daorsa",,
1265,Sum 2026,UMNTC,UMNTC,PHIL,3305,001,Medical Ethics,W,19,1,PI,"Kamberi,Daorsa",,
1265,Sum 2026,UMNTC,UMNTC,PHIL,3607,001,Philosophy of Psychology,A,25,9,PI,"Mohamed,Nada",,
1265,Sum 2026,UMNTC,UMNTC,PHIL,3607,001,Philosophy of Psychology,A-,25,3,PI,"Mohamed,Nada",,
1265,Sum 2026,UMNTC,UMNTC,PHIL,3607,001,Philosophy of Psychology,B,25,7,PI,"Mohamed,Nada",,
1265,Sum 2026,UMNTC,UMNTC,PHIL,3607,001,Philosophy of Psychology,B+,25,1,PI,"Mohamed,Nada",,
1265,Sum 2026,UMNTC,UMNTC,PHIL,3607,001,Philosophy of Psychology,C,25,3,PI,"Mohamed,Nada",,
1265,Sum 2026,UMNTC,UMNTC,PHIL,3607,001,Philosophy of Psychology,C+,25,1,PI,"Mohamed,Nada",,
1265,Sum 2026,UMNTC,UMNTC,PHIL,3607,001,Philosophy of Psychology,C-,25,1,PI,"Mohamed,Nada",,
1265,Sum 2026,UMNDL,UMNDL,PHYS,1001,002,Intro to Physics I,A,48,7,PI,"Johnson,Darrin Eric",Instructor,djohns30
1265,Sum 2026,UMNDL,UMNDL,PHYS,1001,002,Intro to Physics I,A-,48,8,PI,"Johnson,Darrin Eric",Instructor,djohns30
1265,Sum 2026,UMNDL,UMNDL,PHYS,1001,002,Intro to Physics I,B,48,9,PI,"Johnson,Darrin Eric",Instructor,djohns30
1265,Sum 2026,UMNDL,UMNDL,PHYS,1001,002,Intro to Physics I,B+,48,3,PI,"Johnson,Darrin Eric",Instructor,djohns30
1265,Sum 2026,UMNDL,UMNDL,PHYS,1001,002,Intro to Physics I,B-,48,1,PI,"Johnson,Darrin Eric",Instructor,djohns30
1265,Sum 2026,UMNDL,UMNDL,PHYS,1001,002,Intro to Physics I,C,48,2,PI,"Johnson,Darrin Eric",Instructor,djohns30
1265,Sum 2026,UMNDL,UMNDL,PHYS,1001,002,Intro to Physics I,C+,48,4,PI,"Johnson,Darrin Eric",Instructor,djohns30
1265,Sum 2026,UMNDL,UMNDL,PHYS,1001,002,Intro to Physics I,C-,48,1,PI,"Johnson,Darrin Eric",Instructor,djohns30
1265,Sum 2026,UMNDL,UMNDL,PHYS,1001,002,Intro to Physics I,D+,48,2,PI,"Johnson,Darrin Eric",Instructor,djohns30
1265,Sum 2026,UMNDL,UMNDL,PHYS,1001,002,Intro to Physics I,F,48,8,PI,"Johnson,Darrin Eric",Instructor,djohns30
1265,Sum 2026,UMNDL,UMNDL,PHYS,1001,002,Intro to Physics I,W,48,3,PI,"Johnson,Darrin Eric",Instructor,djohns30
1265,Sum 2026,UMNDL,UMNDL,PHYS,1002,002,Intro to Physics II,A,30,8,PI,"Johnson,Darrin Eric",Instructor,djohns30
1265,Sum 2026,UMNDL,UMNDL,PHYS,1002,002,Intro to Physics II,A-,30,5,PI,"Johnson,Darrin Eric",Instructor,djohns30
1265,Sum 2026,UMNDL,UMNDL,PHYS,1002,002,Intro to Physics II,B,30,3,PI,"Johnson,Darrin Eric",Instructor,djohns30
1265,Sum 2026,UMNDL,UMNDL,PHYS,1002,002,Intro to Physics II,B+,30,3,PI,"Johnson,Darrin Eric",Instructor,djohns30
1265,Sum 2026,UMNDL,UMNDL,PHYS,1002,002,Intro to Physics II,B-,30,4,PI,"Johnson,Darrin Eric",Instructor,djohns30
1265,Sum 2026,UMNDL,UMNDL,PHYS,1002,002,Intro to Physics II,C,30,1,PI,"Johnson,Darrin Eric",Instructor,djohns30
1265,Sum 2026,UMNDL,UMNDL,PHYS,1002,002,Intro to Physics II,C+,30,2,PI,"Johnson,Darrin Eric",Instructor,djohns30
1265,Sum 2026,UMNDL,UMNDL,PHYS,1002,002,Intro to Physics II,F,30,2,PI,"Johnson,Darrin Eric",Instructor,djohns30
1265,Sum 2026,UMNDL,UMNDL,PHYS,1002,002,Intro to Physics II,W,30,2,PI,"Johnson,Darrin Eric",Instructor,djohns30
1265,Sum 2026,UMNCR,UMNCR,PHYS,1002,E90,Introductory Meteorology,A,22,7,PI,"Torgerson,Kelsey R",Lecturer,kwatkins
1265,Sum 2026,UMNCR,UMNCR,PHYS,1002,E90,Introductory Meteorology,A-,22,4,PI,"Torgerson,Kelsey R",Lecturer,kwatkins
1265,Sum 2026,UMNCR,UMNCR,PHYS,1002,E90,Introductory Meteorology,B,22,1,PI,"Torgerson,Kelsey R",Lecturer,kwatkins
1265,Sum 2026,UMNCR,UMNCR,PHYS,1002,E90,Introductory Meteorology,B+,22,4,PI,"Torgerson,Kelsey R",Lecturer,kwatkins
1265,Sum 2026,UMNCR,UMNCR,PHYS,1002,E90,Introductory Meteorology,B-,22,2,PI,"Torgerson,Kelsey R",Lecturer,kwatkins
1265,Sum 2026,UMNCR,UMNCR,PHYS,1002,E90,Introductory Meteorology,W,22,4,PI,"Torgerson,Kelsey R",Lecturer,kwatkins
1265,Sum 2026,UMNMO,UMNMO,PHYS,1007,001,Kapemni Astrophysic Camp,N,15,2,PI,"Boyd,Sylke",Associate Professor,sboyd
1265,Sum 2026,UMNMO,UMNMO,PHYS,1007,001,Kapemni Astrophysic Camp,S,15,13,PI,"Boyd,Sylke",Associate Professor,sboyd
1265,Sum 2026,UMNCR,UMNCR,PHYS,1012,E90,Introductory Physics,A,19,6,PI,"Smith,Dean D",Teaching Specialist,smith531
1265,Sum 2026,UMNCR,UMNCR,PHYS,1012,E90,Introductory Physics,B-,19,2,PI,"Smith,Dean D",Teaching Specialist,smith531
1265,Sum 2026,UMNCR,UMNCR,PHYS,1012,E90,Introductory Physics,C,19,3,PI,"Smith,Dean D",Teaching Specialist,smith531
1265,Sum 2026,UMNCR,UMNCR,PHYS,1012,E90,Introductory Physics,C+,19,2,PI,"Smith,Dean D",Teaching Specialist,smith531
1265,Sum 2026,UMNCR,UMNCR,PHYS,1012,E90,Introductory Physics,F,19,3,PI,"Smith,Dean D",Teaching Specialist,smith531
1265,Sum 2026,UMNCR,UMNCR,PHYS,1012,E90,Introductory Physics,W,19,3,PI,"Smith,Dean D",Teaching Specialist,smith531
1265,Sum 2026,UMNTC,UMNTC,PHYS,1221,102,Intro Phys for Life Sci I,A,18,5,PI,"Wynveen,Aaron S",Teaching Professor,wynveen
1265,Sum 2026,UMNTC,UMNTC,PHYS,1221,102,Intro Phys for Life Sci I,A-,18,1,PI,"Wynveen,Aaron S",Teaching Professor,wynveen
1265,Sum 2026,UMNTC,UMNTC,PHYS,1221,102,Intro Phys for Life Sci I,B,18,4,PI,"Wynveen,Aaron S",Teaching Professor,wynveen
1265,Sum 2026,UMNTC,UMNTC,PHYS,1221,102,Intro Phys for Life Sci I,B+,18,4,PI,"Wynveen,Aaron S",Teaching Professor,wynveen
1265,Sum 2026,UMNTC,UMNTC,PHYS,1221,102,Intro Phys for Life Sci I,B-,18,2,PI,"Wynveen,Aaron S",Teaching Professor,wynveen
1265,Sum 2026,UMNTC,UMNTC,PHYS,1221,102,Intro Phys for Life Sci I,C+,18,2,PI,"Wynveen,Aaron S",Teaching Professor,wynveen
1265,Sum 2026,UMNTC,UMNTC,PHYS,1221,104,Intro Phys for Life Sci I,A,19,1,PI,"Wynveen,Aaron S",Teaching Professor,wynveen
1265,Sum 2026,UMNTC,UMNTC,PHYS,1221,104,Intro Phys for Life Sci I,A-,19,2,PI,"Wynveen,Aaron S",Teaching Professor,wynveen
1265,Sum 2026,UMNTC,UMNTC,PHYS,1221,104,Intro Phys for Life Sci I,B,19,3,PI,"Wynveen,Aaron S",Teaching Professor,wynveen
1265,Sum 2026,UMNTC,UMNTC,PHYS,1221,104,Intro Phys for Life Sci I,B+,19,3,PI,"Wynveen,Aaron S",Teaching Professor,wynveen
1265,Sum 2026,UMNTC,UMNTC,PHYS,1221,104,Intro Phys for Life Sci I,B-,19,2,PI,"Wynveen,Aaron S",Teaching Professor,wynveen
1265,Sum 2026,UMNTC,UMNTC,PHYS,1221,104,Intro Phys for Life Sci I,C,19,2,PI,"Wynveen,Aaron S",Teaching Professor,wynveen
1265,Sum 2026,UMNTC,UMNTC,PHYS,1221,104,Intro Phys for Life Sci I,C-,19,3,PI,"Wynveen,Aaron S",Teaching Professor,wynveen
1265,Sum 2026,UMNTC,UMNTC,PHYS,1221,104,Intro Phys for Life Sci I,F,19,3,PI,"Wynveen,Aaron S",Teaching Professor,wynveen
1265,Sum 2026,UMNTC,UMNTC,PHYS,1221,106,Intro Phys for Life Sci I,A,18,3,PI,"Wynveen,Aaron S",Teaching Professor,wynveen
1265,Sum 2026,UMNTC,UMNTC,PHYS,1221,106,Intro Phys for Life Sci I,A-,18,3,PI,"Wynveen,Aaron S",Teaching Professor,wynveen
1265,Sum 2026,UMNTC,UMNTC,PHYS,1221,106,Intro Phys for Life Sci I,B,18,1,PI,"Wynveen,Aaron S",Teaching Professor,wynveen
1265,Sum 2026,UMNTC,UMNTC,PHYS,1221,106,Intro Phys for Life Sci I,B+,18,1,PI,"Wynveen,Aaron S",Teaching Professor,wynveen
1265,Sum 2026,UMNTC,UMNTC,PHYS,1221,106,Intro Phys for Life Sci I,B-,18,2,PI,"Wynveen,Aaron S",Teaching Professor,wynveen
1265,Sum 2026,UMNTC,UMNTC,PHYS,1221,106,Intro Phys for Life Sci I,C,18,1,PI,"Wynveen,Aaron S",Teaching Professor,wynveen
1265,Sum 2026,UMNTC,UMNTC,PHYS,1221,106,Intro Phys for Life Sci I,C+,18,2,PI,"Wynveen,Aaron S",Teaching Professor,wynveen
1265,Sum 2026,UMNTC,UMNTC,PHYS,1221,106,Intro Phys for Life Sci I,C-,18,2,PI,"Wynveen,Aaron S",Teaching Professor,wynveen
1265,Sum 2026,UMNTC,UMNTC,PHYS,1221,106,Intro Phys for Life Sci I,F,18,1,PI,"Wynveen,Aaron S",Teaching Professor,wynveen
1265,Sum 2026,UMNTC,UMNTC,PHYS,1221,106,Intro Phys for Life Sci I,W,18,2,PI,"Wynveen,Aaron S",Teaching Professor,wynveen
1265,Sum 2026,UMNTC,UMNTC,PHYS,1221,108,Intro Phys for Life Sci I,A,20,4,PI,"Wynveen,Aaron S",Teaching Professor,wynveen
1265,Sum 2026,UMNTC,UMNTC,PHYS,1221,108,Intro Phys for Life Sci I,A-,20,2,PI,"Wynveen,Aaron S",Teaching Professor,wynveen
1265,Sum 2026,UMNTC,UMNTC,PHYS,1221,108,Intro Phys for Life Sci I,B,20,2,PI,"Wynveen,Aaron S",Teaching Professor,wynveen
1265,Sum 2026,UMNTC,UMNTC,PHYS,1221,108,Intro Phys for Life Sci I,B+,20,4,PI,"Wynveen,Aaron S",Teaching Professor,wynveen
1265,Sum 2026,UMNTC,UMNTC,PHYS,1221,108,Intro Phys for Life Sci I,B-,20,5,PI,"Wynveen,Aaron S",Teaching Professor,wynveen
1265,Sum 2026,UMNTC,UMNTC,PHYS,1221,108,Intro Phys for Life Sci I,C+,20,1,PI,"Wynveen,Aaron S",Teaching Professor,wynveen
1265,Sum 2026,UMNTC,UMNTC,PHYS,1221,108,Intro Phys for Life Sci I,C-,20,1,PI,"Wynveen,Aaron S",Teaching Professor,wynveen
1265,Sum 2026,UMNTC,UMNTC,PHYS,1221,108,Intro Phys for Life Sci I,W,20,1,PI,"Wynveen,Aaron S",Teaching Professor,wynveen
1265,Sum 2026,UMNTC,UMNTC,PHYS,1221,110,Intro Phys for Life Sci I,A,16,2,PI,"Wynveen,Aaron S",Teaching Professor,wynveen
1265,Sum 2026,UMNTC,UMNTC,PHYS,1221,110,Intro Phys for Life Sci I,A-,16,1,PI,"Wynveen,Aaron S",Teaching Professor,wynveen
1265,Sum 2026,UMNTC,UMNTC,PHYS,1221,110,Intro Phys for Life Sci I,B+,16,4,PI,"Wynveen,Aaron S",Teaching Professor,wynveen
1265,Sum 2026,UMNTC,UMNTC,PHYS,1221,110,Intro Phys for Life Sci I,B-,16,2,PI,"Wynveen,Aaron S",Teaching Professor,wynveen
1265,Sum 2026,UMNTC,UMNTC,PHYS,1221,110,Intro Phys for Life Sci I,C,16,2,PI,"Wynveen,Aaron S",Teaching Professor,wynveen
1265,Sum 2026,UMNTC,UMNTC,PHYS,1221,110,Intro Phys for Life Sci I,C+,16,1,PI,"Wynveen,Aaron S",Teaching Professor,wynveen
1265,Sum 2026,UMNTC,UMNTC,PHYS,1221,110,Intro Phys for Life Sci I,C-,16,1,PI,"Wynveen,Aaron S",Teaching Professor,wynveen
1265,Sum 2026,UMNTC,UMNTC,PHYS,1221,110,Intro Phys for Life Sci I,F,16,3,PI,"Wynveen,Aaron S",Teaching Professor,wynveen
1265,Sum 2026,UMNTC,UMNTC,PHYS,1222,102,Intro Physics Life Science II,A,17,4,PI,"Wynveen,Aaron S",Teaching Professor,wynveen
1265,Sum 2026,UMNTC,UMNTC,PHYS,1222,102,Intro Physics Life Science II,A-,17,3,PI,"Wynveen,Aaron S",Teaching Professor,wynveen
1265,Sum 2026,UMNTC,UMNTC,PHYS,1222,102,Intro Physics Life Science II,B,17,4,PI,"Wynveen,Aaron S",Teaching Professor,wynveen
1265,Sum 2026,UMNTC,UMNTC,PHYS,1222,102,Intro Physics Life Science II,B+,17,4,PI,"Wynveen,Aaron S",Teaching Professor,wynveen
1265,Sum 2026,UMNTC,UMNTC,PHYS,1222,102,Intro Physics Life Science II,C,17,1,PI,"Wynveen,Aaron S",Teaching Professor,wynveen
1265,Sum 2026,UMNTC,UMNTC,PHYS,1222,102,Intro Physics Life Science II,C+,17,1,PI,"Wynveen,Aaron S",Teaching Professor,wynveen
1265,Sum 2026,UMNTC,UMNTC,PHYS,1222,106,Intro Physics Life Science II,A,16,2,PI,"Wynveen,Aaron S",Teaching Professor,wynveen
1265,Sum 2026,UMNTC,UMNTC,PHYS,1222,106,Intro Physics Life Science II,A-,16,1,PI,"Wynveen,Aaron S",Teaching Professor,wynveen
1265,Sum 2026,UMNTC,UMNTC,PHYS,1222,106,Intro Physics Life Science II,B,16,4,PI,"Wynveen,Aaron S",Teaching Professor,wynveen
1265,Sum 2026,UMNTC,UMNTC,PHYS,1222,106,Intro Physics Life Science II,B+,16,3,PI,"Wynveen,Aaron S",Teaching Professor,wynveen
1265,Sum 2026,UMNTC,UMNTC,PHYS,1222,106,Intro Physics Life Science II,B-,16,3,PI,"Wynveen,Aaron S",Teaching Professor,wynveen
1265,Sum 2026,UMNTC,UMNTC,PHYS,1222,106,Intro Physics Life Science II,C-,16,1,PI,"Wynveen,Aaron S",Teaching Professor,wynveen
1265,Sum 2026,UMNTC,UMNTC,PHYS,1222,106,Intro Physics Life Science II,W,16,2,PI,"Wynveen,Aaron S",Teaching Professor,wynveen
1265,Sum 2026,UMNTC,UMNTC,PHYS,1222,108,Intro Physics Life Science II,A,19,5,PI,"Wynveen,Aaron S",Teaching Professor,wynveen
1265,Sum 2026,UMNTC,UMNTC,PHYS,1222,108,Intro Physics Life Science II,B,19,1,PI,"Wynveen,Aaron S",Teaching Professor,wynveen
1265,Sum 2026,UMNTC,UMNTC,PHYS,1222,108,Intro Physics Life Science II,B+,19,4,PI,"Wynveen,Aaron S",Teaching Professor,wynveen
1265,Sum 2026,UMNTC,UMNTC,PHYS,1222,108,Intro Physics Life Science II,B-,19,1,PI,"Wynveen,Aaron S",Teaching Professor,wynveen
1265,Sum 2026,UMNTC,UMNTC,PHYS,1222,108,Intro Physics Life Science II,C,19,3,PI,"Wynveen,Aaron S",Teaching Professor,wynveen
1265,Sum 2026,UMNTC,UMNTC,PHYS,1222,108,Intro Physics Life Science II,C+,19,2,PI,"Wynveen,Aaron S",Teaching Professor,wynveen
1265,Sum 2026,UMNTC,UMNTC,PHYS,1222,108,Intro Physics Life Science II,F,19,1,PI,"Wynveen,Aaron S",Teaching Professor,wynveen
1265,Sum 2026,UMNTC,UMNTC,PHYS,1222,108,Intro Physics Life Science II,W,19,2,PI,"Wynveen,Aaron S",Teaching Professor,wynveen
1265,Sum 2026,UMNTC,UMNTC,PHYS,1301W,102,Phys for Sci and Engr I,A-,12,3,PI,"Sooriyan,Pamela",Post-Doctoral Associate,sooriyan
1265,Sum 2026,UMNTC,UMNTC,PHYS,1301W,102,Phys for Sci and Engr I,B,12,1,PI,"Sooriyan,Pamela",Post-Doctoral Associate,sooriyan
1265,Sum 2026,UMNTC,UMNTC,PHYS,1301W,102,Phys for Sci and Engr I,B+,12,1,PI,"Sooriyan,Pamela",Post-Doctoral Associate,sooriyan
1265,Sum 2026,UMNTC,UMNTC,PHYS,1301W,102,Phys for Sci and Engr I,C-,12,4,PI,"Sooriyan,Pamela",Post-Doctoral Associate,sooriyan
1265,Sum 2026,UMNTC,UMNTC,PHYS,1301W,102,Phys for Sci and Engr I,F,12,2,PI,"Sooriyan,Pamela",Post-Doctoral Associate,sooriyan
1265,Sum 2026,UMNTC,UMNTC,PHYS,1301W,102,Phys for Sci and Engr I,W,12,1,PI,"Sooriyan,Pamela",Post-Doctoral Associate,sooriyan
1265,Sum 2026,UMNTC,UMNTC,PHYS,1302W,102,Physics for Sci and Engr II,B+,13,2,PI,"Mahon,Devin J",Rsch Pro 6-High Energy Phys,mahon
1265,Sum 2026,UMNTC,UMNTC,PHYS,1302W,102,Physics for Sci and Engr II,B-,13,5,PI,"Mahon,Devin J",Rsch Pro 6-High Energy Phys,mahon
1265,Sum 2026,UMNTC,UMNTC,PHYS,1302W,102,Physics for Sci and Engr II,C+,13,3,PI,"Mahon,Devin J",Rsch Pro 6-High Energy Phys,mahon
1265,Sum 2026,UMNTC,UMNTC,PHYS,1302W,102,Physics for Sci and Engr II,C-,13,1,PI,"Mahon,Devin J",Rsch Pro 6-High Energy Phys,mahon
1265,Sum 2026,UMNTC,UMNTC,PHYS,1302W,102,Physics for Sci and Engr II,D+,13,1,PI,"Mahon,Devin J",Rsch Pro 6-High Energy Phys,mahon
1265,Sum 2026,UMNTC,UMNTC,PHYS,1302W,102,Physics for Sci and Engr II,F,13,1,PI,"Mahon,Devin J",Rsch Pro 6-High Energy Phys,mahon
1265,Sum 2026,UMNTC,UMNTC,PHYS,1302W,106,Physics for Sci and Engr II,A,17,2,PI,"Mahon,Devin J",Rsch Pro 6-High Energy Phys,mahon
1265,Sum 2026,UMNTC,UMNTC,PHYS,1302W,106,Physics for Sci and Engr II,A-,17,3,PI,"Mahon,Devin J",Rsch Pro 6-High Energy Phys,mahon
1265,Sum 2026,UMNTC,UMNTC,PHYS,1302W,106,Physics for Sci and Engr II,B,17,4,PI,"Mahon,Devin J",Rsch Pro 6-High Energy Phys,mahon
1265,Sum 2026,UMNTC,UMNTC,PHYS,1302W,106,Physics for Sci and Engr II,B+,17,2,PI,"Mahon,Devin J",Rsch Pro 6-High Energy Phys,mahon
1265,Sum 2026,UMNTC,UMNTC,PHYS,1302W,106,Physics for Sci and Engr II,B-,17,1,PI,"Mahon,Devin J",Rsch Pro 6-High Energy Phys,mahon
1265,Sum 2026,UMNTC,UMNTC,PHYS,1302W,106,Physics for Sci and Engr II,C,17,1,PI,"Mahon,Devin J",Rsch Pro 6-High Energy Phys,mahon
1265,Sum 2026,UMNTC,UMNTC,PHYS,1302W,106,Physics for Sci and Engr II,C+,17,1,PI,"Mahon,Devin J",Rsch Pro 6-High Energy Phys,mahon
1265,Sum 2026,UMNTC,UMNTC,PHYS,1302W,106,Physics for Sci and Engr II,C-,17,1,PI,"Mahon,Devin J",Rsch Pro 6-High Energy Phys,mahon
1265,Sum 2026,UMNTC,UMNTC,PHYS,1302W,106,Physics for Sci and Engr II,F,17,1,PI,"Mahon,Devin J",Rsch Pro 6-High Energy Phys,mahon
1265,Sum 2026,UMNTC,UMNTC,PHYS,1302W,106,Physics for Sci and Engr II,W,17,1,PI,"Mahon,Devin J",Rsch Pro 6-High Energy Phys,mahon
1265,Sum 2026,UMNTC,UMNTC,PHYS,5994,001,Directed Research,A,24,22,SI,,,
1265,Sum 2026,UMNTC,UMNTC,PHYS,5994,001,Directed Research,S,24,2,SI,,,
1265,Sum 2026,UMNTC,UMNTC,PMB,3812,001,Field Mycology,A,13,7,PI,"Salomon,Christine",Associate Professor,csalomon
1265,Sum 2026,UMNTC,UMNTC,PMB,3812,001,Field Mycology,A-,13,5,PI,"Salomon,Christine",Associate Professor,csalomon
1265,Sum 2026,UMNTC,UMNTC,PMB,3812,001,Field Mycology,B+,13,1,PI,"Salomon,Christine",Associate Professor,csalomon
1265,Sum 2026,UMNTC,UMNTC,POL,1026,001,U.S. Foreign Policy,A,11,9,PI,"Jasso Huezo,Ricardo",,
1265,Sum 2026,UMNTC,UMNTC,POL,1026,001,U.S. Foreign Policy,B,11,1,PI,"Jasso Huezo,Ricardo",,
1265,Sum 2026,UMNTC,UMNTC,POL,1026,001,U.S. Foreign Policy,B+,11,1,PI,"Jasso Huezo,Ricardo",,
1265,Sum 2026,UMNTC,UMNTC,POL,1201,001,Political Ideas,A,15,8,PI,"Lê,Adam",Lecturer,adamjle
1265,Sum 2026,UMNTC,UMNTC,POL,1201,001,Political Ideas,A-,15,1,PI,"Lê,Adam",Lecturer,adamjle
1265,Sum 2026,UMNTC,UMNTC,POL,1201,001,Political Ideas,B,15,1,PI,"Lê,Adam",Lecturer,adamjle
1265,Sum 2026,UMNTC,UMNTC,POL,1201,001,Political Ideas,B+,15,2,PI,"Lê,Adam",Lecturer,adamjle
1265,Sum 2026,UMNTC,UMNTC,POL,1201,001,Political Ideas,F,15,2,PI,"Lê,Adam",Lecturer,adamjle
1265,Sum 2026,UMNTC,UMNTC,POL,1201,001,Political Ideas,W,15,1,PI,"Lê,Adam",Lecturer,adamjle
1265,Sum 2026,UMNDL,UMNDL,POL,3025,001,Popular Culture and Politics,A,19,15,PI,"Rugeley,Cynthia R",Associate Professor,crugeley
1265,Sum 2026,UMNDL,UMNDL,POL,3025,001,Popular Culture and Politics,A-,19,2,PI,"Rugeley,Cynthia R",Associate Professor,crugeley
1265,Sum 2026,UMNDL,UMNDL,POL,3025,001,Popular Culture and Politics,B+,19,2,PI,"Rugeley,Cynthia R",Associate Professor,crugeley
1265,Sum 2026,UMNTC,UMNTC,POL,3080,001,Internship in Politics or Govt,A,16,15,PI,"Soper,Paul W",Senior Lecturer,psoper
1265,Sum 2026,UMNTC,UMNTC,POL,3080,001,Internship in Politics or Govt,W,16,1,PI,"Soper,Paul W",Senior Lecturer,psoper
1265,Sum 2026,UMNDL,UMNDL,POL,3110,001,Politics of Science and Tech,A,11,8,PI,"Haglin,Kathryn Marie",Associate Professor,khaglin
1265,Sum 2026,UMNDL,UMNDL,POL,3110,001,Politics of Science and Tech,A-,11,1,PI,"Haglin,Kathryn Marie",Associate Professor,khaglin
1265,Sum 2026,UMNDL,UMNDL,POL,3110,001,Politics of Science and Tech,C,11,1,PI,"Haglin,Kathryn Marie",Associate Professor,khaglin
1265,Sum 2026,UMNDL,UMNDL,POL,3110,001,Politics of Science and Tech,C-,11,1,PI,"Haglin,Kathryn Marie",Associate Professor,khaglin
1265,Sum 2026,UMNTC,UMNTC,POL,3235W,001,Democracy and Citizenship,A,19,6,PI,"Lê,Adam",Lecturer,adamjle
1265,Sum 2026,UMNTC,UMNTC,POL,3235W,001,Democracy and Citizenship,A-,19,4,PI,"Lê,Adam",Lecturer,adamjle
1265,Sum 2026,UMNTC,UMNTC,POL,3235W,001,Democracy and Citizenship,B,19,4,PI,"Lê,Adam",Lecturer,adamjle
1265,Sum 2026,UMNTC,UMNTC,POL,3235W,001,Democracy and Citizenship,B+,19,1,PI,"Lê,Adam",Lecturer,adamjle
1265,Sum 2026,UMNTC,UMNTC,POL,3235W,001,Democracy and Citizenship,B-,19,1,PI,"Lê,Adam",Lecturer,adamjle
1265,Sum 2026,UMNTC,UMNTC,POL,3235W,001,Democracy and Citizenship,C-,19,1,PI,"Lê,Adam",Lecturer,adamjle
1265,Sum 2026,UMNTC,UMNTC,POL,3235W,001,Democracy and Citizenship,D+,19,1,PI,"Lê,Adam",Lecturer,adamjle
1265,Sum 2026,UMNTC,UMNTC,POL,3235W,001,Democracy and Citizenship,F,19,1,PI,"Lê,Adam",Lecturer,adamjle
1265,Sum 2026,UMNTC,UMNTC,POL,3311,001,"Law, Justice & Film",A,18,8,PI,"Johnson,Timothy Russell",Professor,trj
1265,Sum 2026,UMNTC,UMNTC,POL,3311,001,"Law, Justice & Film",A-,18,5,PI,"Johnson,Timothy Russell",Professor,trj
1265,Sum 2026,UMNTC,UMNTC,POL,3311,001,"Law, Justice & Film",B,18,2,PI,"Johnson,Timothy Russell",Professor,trj
1265,Sum 2026,UMNTC,UMNTC,POL,3311,001,"Law, Justice & Film",B+,18,1,PI,"Johnson,Timothy Russell",Professor,trj
1265,Sum 2026,UMNTC,UMNTC,POL,3311,001,"Law, Justice & Film",C,18,1,PI,"Johnson,Timothy Russell",Professor,trj
1265,Sum 2026,UMNTC,UMNTC,POL,3311,001,"Law, Justice & Film",C-,18,1,PI,"Johnson,Timothy Russell",Professor,trj
1265,Sum 2026,UMNDL,UMNDL,POL,3652,001,Modern Political Thought,A,14,5,PI,"Walsh,Shannon Drysdale",Associate Professor,sdwalsh
1265,Sum 2026,UMNDL,UMNDL,POL,3652,001,Modern Political Thought,A-,14,4,PI,"Walsh,Shannon Drysdale",Associate Professor,sdwalsh
1265,Sum 2026,UMNDL,UMNDL,POL,3652,001,Modern Political Thought,B+,14,3,PI,"Walsh,Shannon Drysdale",Associate Professor,sdwalsh
1265,Sum 2026,UMNDL,UMNDL,POL,3652,001,Modern Political Thought,F,14,2,PI,"Walsh,Shannon Drysdale",Associate Professor,sdwalsh
1265,Sum 2026,UMNTC,UMNTC,POL,3766,001,Pol Psych of Mass Behavior,A,10,3,PI,"Collins PhD,Timothy Paul",Lecturer,tpcollin
1265,Sum 2026,UMNTC,UMNTC,POL,3766,001,Pol Psych of Mass Behavior,A-,10,2,PI,"Collins PhD,Timothy Paul",Lecturer,tpcollin
1265,Sum 2026,UMNTC,UMNTC,POL,3766,001,Pol Psych of Mass Behavior,B,10,1,PI,"Collins PhD,Timothy Paul",Lecturer,tpcollin
1265,Sum 2026,UMNTC,UMNTC,POL,3766,001,Pol Psych of Mass Behavior,C,10,2,PI,"Collins PhD,Timothy Paul",Lecturer,tpcollin
1265,Sum 2026,UMNTC,UMNTC,POL,3766,001,Pol Psych of Mass Behavior,D,10,1,PI,"Collins PhD,Timothy Paul",Lecturer,tpcollin
1265,Sum 2026,UMNTC,UMNTC,POL,3766,001,Pol Psych of Mass Behavior,D+,10,1,PI,"Collins PhD,Timothy Paul",Lecturer,tpcollin
1265,Sum 2026,UMNTC,UMNTC,POL,3835,001,International Relations,A,17,15,PI,"Manion,Megan Olivia",,
1265,Sum 2026,UMNTC,UMNTC,POL,3835,001,International Relations,B,17,1,PI,"Manion,Megan Olivia",,
1265,Sum 2026,UMNTC,UMNTC,POL,3835,001,International Relations,B+,17,1,PI,"Manion,Megan Olivia",,
1265,Sum 2026,UMNTC,UMNTC,POL,4991,001,Political Science Capstone,A,10,6,PI,"Belarmino,Karine",Lecturer,belar007
1265,Sum 2026,UMNTC,UMNTC,POL,4991,001,Political Science Capstone,A-,10,1,PI,"Belarmino,Karine",Lecturer,belar007
1265,Sum 2026,UMNTC,UMNTC,POL,4991,001,Political Science Capstone,B+,10,1,PI,"Belarmino,Karine",Lecturer,belar007
1265,Sum 2026,UMNTC,UMNTC,POL,4991,001,Political Science Capstone,C,10,1,PI,"Belarmino,Karine",Lecturer,belar007
1265,Sum 2026,UMNTC,UMNTC,POL,4991,001,Political Science Capstone,C+,10,1,PI,"Belarmino,Karine",Lecturer,belar007
1265,Sum 2026,UMNTC,UMNTC,PSY,1001,001,Intro Psych,A,102,68,PI,"Devaney,Mackenzie Rae",,
1265,Sum 2026,UMNTC,UMNTC,PSY,1001,001,Intro Psych,A-,102,6,PI,"Devaney,Mackenzie Rae",,
1265,Sum 2026,UMNTC,UMNTC,PSY,1001,001,Intro Psych,B,102,3,PI,"Devaney,Mackenzie Rae",,
1265,Sum 2026,UMNTC,UMNTC,PSY,1001,001,Intro Psych,B+,102,2,PI,"Devaney,Mackenzie Rae",,
1265,Sum 2026,UMNTC,UMNTC,PSY,1001,001,Intro Psych,B-,102,3,PI,"Devaney,Mackenzie Rae",,
1265,Sum 2026,UMNTC,UMNTC,PSY,1001,001,Intro Psych,C,102,3,PI,"Devaney,Mackenzie Rae",,
1265,Sum 2026,UMNTC,UMNTC,PSY,1001,001,Intro Psych,C+,102,4,PI,"Devaney,Mackenzie Rae",,
1265,Sum 2026,UMNTC,UMNTC,PSY,1001,001,Intro Psych,F,102,9,PI,"Devaney,Mackenzie Rae",,
1265,Sum 2026,UMNTC,UMNTC,PSY,1001,001,Intro Psych,W,102,4,PI,"Devaney,Mackenzie Rae",,
1265,Sum 2026,UMNCR,UMNCR,PSY,1001,E90,General Psychology,A,34,10,PI,"Edwards,Amber L",Teaching Specialist,edwardsa
1265,Sum 2026,UMNCR,UMNCR,PSY,1001,E90,General Psychology,B,34,2,PI,"Edwards,Amber L",Teaching Specialist,edwardsa
1265,Sum 2026,UMNCR,UMNCR,PSY,1001,E90,General Psychology,B+,34,3,PI,"Edwards,Amber L",Teaching Specialist,edwardsa
1265,Sum 2026,UMNCR,UMNCR,PSY,1001,E90,General Psychology,B-,34,2,PI,"Edwards,Amber L",Teaching Specialist,edwardsa
1265,Sum 2026,UMNCR,UMNCR,PSY,1001,E90,General Psychology,C,34,1,PI,"Edwards,Amber L",Teaching Specialist,edwardsa
1265,Sum 2026,UMNCR,UMNCR,PSY,1001,E90,General Psychology,C+,34,2,PI,"Edwards,Amber L",Teaching Specialist,edwardsa
1265,Sum 2026,UMNCR,UMNCR,PSY,1001,E90,General Psychology,C-,34,5,PI,"Edwards,Amber L",Teaching Specialist,edwardsa
1265,Sum 2026,UMNCR,UMNCR,PSY,1001,E90,General Psychology,D,34,4,PI,"Edwards,Amber L",Teaching Specialist,edwardsa
1265,Sum 2026,UMNCR,UMNCR,PSY,1001,E90,General Psychology,F,34,4,PI,"Edwards,Amber L",Teaching Specialist,edwardsa
1265,Sum 2026,UMNCR,UMNCR,PSY,1001,E90,General Psychology,W,34,1,PI,"Edwards,Amber L",Teaching Specialist,edwardsa
1265,Sum 2026,UMNDL,UMNDL,PSY,1003,051,General Psychology,A,18,8,PI,"LaCaille,Rick A",Professor,rlacaill
1265,Sum 2026,UMNDL,UMNDL,PSY,1003,051,General Psychology,A-,18,3,PI,"LaCaille,Rick A",Professor,rlacaill
1265,Sum 2026,UMNDL,UMNDL,PSY,1003,051,General Psychology,B,18,2,PI,"LaCaille,Rick A",Professor,rlacaill
1265,Sum 2026,UMNDL,UMNDL,PSY,1003,051,General Psychology,B+,18,2,PI,"LaCaille,Rick A",Professor,rlacaill
1265,Sum 2026,UMNDL,UMNDL,PSY,1003,051,General Psychology,B-,18,2,PI,"LaCaille,Rick A",Professor,rlacaill
1265,Sum 2026,UMNDL,UMNDL,PSY,1003,051,General Psychology,C-,18,1,PI,"LaCaille,Rick A",Professor,rlacaill
1265,Sum 2026,UMNDL,UMNDL,PSY,2003,050,"Psych: Discipline, Profession",A,11,4,PI,"Maslowski,Amy Kristine",Teaching Assistant Professor,maslo044
1265,Sum 2026,UMNDL,UMNDL,PSY,2003,050,"Psych: Discipline, Profession",A-,11,1,PI,"Maslowski,Amy Kristine",Teaching Assistant Professor,maslo044
1265,Sum 2026,UMNDL,UMNDL,PSY,2003,050,"Psych: Discipline, Profession",B,11,1,PI,"Maslowski,Amy Kristine",Teaching Assistant Professor,maslo044
1265,Sum 2026,UMNDL,UMNDL,PSY,2003,050,"Psych: Discipline, Profession",B+,11,2,PI,"Maslowski,Amy Kristine",Teaching Assistant Professor,maslo044
1265,Sum 2026,UMNDL,UMNDL,PSY,2003,050,"Psych: Discipline, Profession",B-,11,1,PI,"Maslowski,Amy Kristine",Teaching Assistant Professor,maslo044
1265,Sum 2026,UMNDL,UMNDL,PSY,2003,050,"Psych: Discipline, Profession",D,11,1,PI,"Maslowski,Amy Kristine",Teaching Assistant Professor,maslo044
1265,Sum 2026,UMNDL,UMNDL,PSY,2003,050,"Psych: Discipline, Profession",F,11,1,PI,"Maslowski,Amy Kristine",Teaching Assistant Professor,maslo044
1265,Sum 2026,UMNDL,UMNDL,PSY,2021,050,Developmental Psych,A,17,5,PI,"Maslowski,Amy Kristine",Teaching Assistant Professor,maslo044
1265,Sum 2026,UMNDL,UMNDL,PSY,2021,050,Developmental Psych,A-,17,2,PI,"Maslowski,Amy Kristine",Teaching Assistant Professor,maslo044
1265,Sum 2026,UMNDL,UMNDL,PSY,2021,050,Developmental Psych,B+,17,1,PI,"Maslowski,Amy Kristine",Teaching Assistant Professor,maslo044
1265,Sum 2026,UMNDL,UMNDL,PSY,2021,050,Developmental Psych,B-,17,2,PI,"Maslowski,Amy Kristine",Teaching Assistant Professor,maslo044
1265,Sum 2026,UMNDL,UMNDL,PSY,2021,050,Developmental Psych,C-,17,1,PI,"Maslowski,Amy Kristine",Teaching Assistant Professor,maslo044
1265,Sum 2026,UMNDL,UMNDL,PSY,2021,050,Developmental Psych,D,17,1,PI,"Maslowski,Amy Kristine",Teaching Assistant Professor,maslo044
1265,Sum 2026,UMNDL,UMNDL,PSY,2021,050,Developmental Psych,D+,17,1,PI,"Maslowski,Amy Kristine",Teaching Assistant Professor,maslo044
1265,Sum 2026,UMNDL,UMNDL,PSY,2021,050,Developmental Psych,F,17,2,PI,"Maslowski,Amy Kristine",Teaching Assistant Professor,maslo044
1265,Sum 2026,UMNDL,UMNDL,PSY,2021,050,Developmental Psych,W,17,2,PI,"Maslowski,Amy Kristine",Teaching Assistant Professor,maslo044
1265,Sum 2026,UMNDL,UMNDL,PSY,2100,050,Race and Racism in Childhood,A,25,13,PI,"Harms,Madeline Bess",Assistant Professor,harms124
1265,Sum 2026,UMNDL,UMNDL,PSY,2100,050,Race and Racism in Childhood,A-,25,3,PI,"Harms,Madeline Bess",Assistant Professor,harms124
1265,Sum 2026,UMNDL,UMNDL,PSY,2100,050,Race and Racism in Childhood,B,25,1,PI,"Harms,Madeline Bess",Assistant Professor,harms124
1265,Sum 2026,UMNDL,UMNDL,PSY,2100,050,Race and Racism in Childhood,B+,25,2,PI,"Harms,Madeline Bess",Assistant Professor,harms124
1265,Sum 2026,UMNDL,UMNDL,PSY,2100,050,Race and Racism in Childhood,B-,25,1,PI,"Harms,Madeline Bess",Assistant Professor,harms124
1265,Sum 2026,UMNDL,UMNDL,PSY,2100,050,Race and Racism in Childhood,C,25,1,PI,"Harms,Madeline Bess",Assistant Professor,harms124
1265,Sum 2026,UMNDL,UMNDL,PSY,2100,050,Race and Racism in Childhood,C+,25,1,PI,"Harms,Madeline Bess",Assistant Professor,harms124
1265,Sum 2026,UMNDL,UMNDL,PSY,2100,050,Race and Racism in Childhood,D,25,1,PI,"Harms,Madeline Bess",Assistant Professor,harms124
1265,Sum 2026,UMNDL,UMNDL,PSY,2100,050,Race and Racism in Childhood,F,25,1,PI,"Harms,Madeline Bess",Assistant Professor,harms124
1265,Sum 2026,UMNDL,UMNDL,PSY,2100,050,Race and Racism in Childhood,W,25,1,PI,"Harms,Madeline Bess",Assistant Professor,harms124
1265,Sum 2026,UMNDL,UMNDL,PSY,2105,050,Psych of Race in the Workplace,A,29,17,PI,"Luong,Alexandra",Associate Professor,aluong
1265,Sum 2026,UMNDL,UMNDL,PSY,2105,050,Psych of Race in the Workplace,A-,29,5,PI,"Luong,Alexandra",Associate Professor,aluong
1265,Sum 2026,UMNDL,UMNDL,PSY,2105,050,Psych of Race in the Workplace,B,29,2,PI,"Luong,Alexandra",Associate Professor,aluong
1265,Sum 2026,UMNDL,UMNDL,PSY,2105,050,Psych of Race in the Workplace,B-,29,1,PI,"Luong,Alexandra",Associate Professor,aluong
1265,Sum 2026,UMNDL,UMNDL,PSY,2105,050,Psych of Race in the Workplace,C,29,1,PI,"Luong,Alexandra",Associate Professor,aluong
1265,Sum 2026,UMNDL,UMNDL,PSY,2105,050,Psych of Race in the Workplace,D,29,2,PI,"Luong,Alexandra",Associate Professor,aluong
1265,Sum 2026,UMNDL,UMNDL,PSY,2105,050,Psych of Race in the Workplace,W,29,1,PI,"Luong,Alexandra",Associate Professor,aluong
1265,Sum 2026,UMNTC,UMNTC,PSY,3001W,001,Intro Research Methods,A,101,41,PI,"Nguyen,Hoang Viet",Post-Doctoral Associate,nguy2338
1265,Sum 2026,UMNTC,UMNTC,PSY,3001W,001,Intro Research Methods,A-,101,7,PI,"Nguyen,Hoang Viet",Post-Doctoral Associate,nguy2338
1265,Sum 2026,UMNTC,UMNTC,PSY,3001W,001,Intro Research Methods,B,101,8,PI,"Nguyen,Hoang Viet",Post-Doctoral Associate,nguy2338
1265,Sum 2026,UMNTC,UMNTC,PSY,3001W,001,Intro Research Methods,B+,101,14,PI,"Nguyen,Hoang Viet",Post-Doctoral Associate,nguy2338
1265,Sum 2026,UMNTC,UMNTC,PSY,3001W,001,Intro Research Methods,B-,101,8,PI,"Nguyen,Hoang Viet",Post-Doctoral Associate,nguy2338
1265,Sum 2026,UMNTC,UMNTC,PSY,3001W,001,Intro Research Methods,C,101,2,PI,"Nguyen,Hoang Viet",Post-Doctoral Associate,nguy2338
1265,Sum 2026,UMNTC,UMNTC,PSY,3001W,001,Intro Research Methods,C+,101,7,PI,"Nguyen,Hoang Viet",Post-Doctoral Associate,nguy2338
1265,Sum 2026,UMNTC,UMNTC,PSY,3001W,001,Intro Research Methods,C-,101,4,PI,"Nguyen,Hoang Viet",Post-Doctoral Associate,nguy2338
1265,Sum 2026,UMNTC,UMNTC,PSY,3001W,001,Intro Research Methods,D,101,2,PI,"Nguyen,Hoang Viet",Post-Doctoral Associate,nguy2338
1265,Sum 2026,UMNTC,UMNTC,PSY,3001W,001,Intro Research Methods,F,101,5,PI,"Nguyen,Hoang Viet",Post-Doctoral Associate,nguy2338
1265,Sum 2026,UMNTC,UMNTC,PSY,3001W,001,Intro Research Methods,W,101,3,PI,"Nguyen,Hoang Viet",Post-Doctoral Associate,nguy2338
1265,Sum 2026,UMNDL,UMNDL,PSY,3020,050,Statistical Methods,A,21,14,PI,"Mann,Kyle J",Assistant Professor,mannk
1265,Sum 2026,UMNDL,UMNDL,PSY,3020,050,Statistical Methods,A-,21,3,PI,"Mann,Kyle J",Assistant Professor,mannk
1265,Sum 2026,UMNDL,UMNDL,PSY,3020,050,Statistical Methods,B+,21,1,PI,"Mann,Kyle J",Assistant Professor,mannk
1265,Sum 2026,UMNDL,UMNDL,PSY,3020,050,Statistical Methods,B-,21,1,PI,"Mann,Kyle J",Assistant Professor,mannk
1265,Sum 2026,UMNDL,UMNDL,PSY,3020,050,Statistical Methods,C,21,1,PI,"Mann,Kyle J",Assistant Professor,mannk
1265,Sum 2026,UMNDL,UMNDL,PSY,3020,050,Statistical Methods,D+,21,1,PI,"Mann,Kyle J",Assistant Professor,mannk
1265,Sum 2026,UMNTC,UMNTC,PSY,3031,001,Intro Sensation and Perception,A,53,21,PI,"Chen,Qi",,
1265,Sum 2026,UMNTC,UMNTC,PSY,3031,001,Intro Sensation and Perception,A-,53,9,PI,"Chen,Qi",,
1265,Sum 2026,UMNTC,UMNTC,PSY,3031,001,Intro Sensation and Perception,B,53,1,PI,"Chen,Qi",,
1265,Sum 2026,UMNTC,UMNTC,PSY,3031,001,Intro Sensation and Perception,B+,53,4,PI,"Chen,Qi",,
1265,Sum 2026,UMNTC,UMNTC,PSY,3031,001,Intro Sensation and Perception,B-,53,4,PI,"Chen,Qi",,
1265,Sum 2026,UMNTC,UMNTC,PSY,3031,001,Intro Sensation and Perception,C,53,1,PI,"Chen,Qi",,
1265,Sum 2026,UMNTC,UMNTC,PSY,3031,001,Intro Sensation and Perception,C+,53,4,PI,"Chen,Qi",,
1265,Sum 2026,UMNTC,UMNTC,PSY,3031,001,Intro Sensation and Perception,C-,53,2,PI,"Chen,Qi",,
1265,Sum 2026,UMNTC,UMNTC,PSY,3031,001,Intro Sensation and Perception,D,53,1,PI,"Chen,Qi",,
1265,Sum 2026,UMNTC,UMNTC,PSY,3031,001,Intro Sensation and Perception,D+,53,1,PI,"Chen,Qi",,
1265,Sum 2026,UMNTC,UMNTC,PSY,3031,001,Intro Sensation and Perception,F,53,3,PI,"Chen,Qi",,
1265,Sum 2026,UMNTC,UMNTC,PSY,3031,001,Intro Sensation and Perception,S,53,1,PI,"Chen,Qi",,
1265,Sum 2026,UMNTC,UMNTC,PSY,3031,001,Intro Sensation and Perception,W,53,1,PI,"Chen,Qi",,
1265,Sum 2026,UMNTC,UMNTC,PSY,3051,001,Intro to Cognitive,A,95,39,PI,"Krech,Mikayla Noelle",,
1265,Sum 2026,UMNTC,UMNTC,PSY,3051,001,Intro to Cognitive,A-,95,13,PI,"Krech,Mikayla Noelle",,
1265,Sum 2026,UMNTC,UMNTC,PSY,3051,001,Intro to Cognitive,B,95,10,PI,"Krech,Mikayla Noelle",,
1265,Sum 2026,UMNTC,UMNTC,PSY,3051,001,Intro to Cognitive,B+,95,9,PI,"Krech,Mikayla Noelle",,
1265,Sum 2026,UMNTC,UMNTC,PSY,3051,001,Intro to Cognitive,B-,95,6,PI,"Krech,Mikayla Noelle",,
1265,Sum 2026,UMNTC,UMNTC,PSY,3051,001,Intro to Cognitive,C,95,5,PI,"Krech,Mikayla Noelle",,
1265,Sum 2026,UMNTC,UMNTC,PSY,3051,001,Intro to Cognitive,C+,95,5,PI,"Krech,Mikayla Noelle",,
1265,Sum 2026,UMNTC,UMNTC,PSY,3051,001,Intro to Cognitive,C-,95,3,PI,"Krech,Mikayla Noelle",,
1265,Sum 2026,UMNTC,UMNTC,PSY,3051,001,Intro to Cognitive,D+,95,1,PI,"Krech,Mikayla Noelle",,
1265,Sum 2026,UMNTC,UMNTC,PSY,3051,001,Intro to Cognitive,F,95,3,PI,"Krech,Mikayla Noelle",,
1265,Sum 2026,UMNTC,UMNTC,PSY,3051,001,Intro to Cognitive,W,95,1,PI,"Krech,Mikayla Noelle",,
1265,Sum 2026,UMNDL,UMNDL,PSY,3061,050,Physiological Psychology,A,16,9,PI,"Lloyd,Robert Lee",Associate Professor,rlloyd
1265,Sum 2026,UMNDL,UMNDL,PSY,3061,050,Physiological Psychology,A-,16,1,PI,"Lloyd,Robert Lee",Associate Professor,rlloyd
1265,Sum 2026,UMNDL,UMNDL,PSY,3061,050,Physiological Psychology,B,16,3,PI,"Lloyd,Robert Lee",Associate Professor,rlloyd
1265,Sum 2026,UMNDL,UMNDL,PSY,3061,050,Physiological Psychology,B+,16,1,PI,"Lloyd,Robert Lee",Associate Professor,rlloyd
1265,Sum 2026,UMNDL,UMNDL,PSY,3061,050,Physiological Psychology,B-,16,1,PI,"Lloyd,Robert Lee",Associate Professor,rlloyd
1265,Sum 2026,UMNDL,UMNDL,PSY,3061,050,Physiological Psychology,C-,16,1,PI,"Lloyd,Robert Lee",Associate Professor,rlloyd
1265,Sum 2026,UMNDL,UMNDL,PSY,3081,050,"History, Systems",A,13,8,PI,"Westrom,Savanna",Teaching Assistant Professor,swestrom
1265,Sum 2026,UMNDL,UMNDL,PSY,3081,050,"History, Systems",B,13,3,PI,"Westrom,Savanna",Teaching Assistant Professor,swestrom
1265,Sum 2026,UMNDL,UMNDL,PSY,3081,050,"History, Systems",C,13,1,PI,"Westrom,Savanna",Teaching Assistant Professor,swestrom
1265,Sum 2026,UMNDL,UMNDL,PSY,3081,050,"History, Systems",F,13,1,PI,"Westrom,Savanna",Teaching Assistant Professor,swestrom
1265,Sum 2026,UMNDL,UMNDL,PSY,3121,050,Abnormal Psy,A,23,9,PI,"LaCaille,Lara",Professor,llacaill
1265,Sum 2026,UMNDL,UMNDL,PSY,3121,050,Abnormal Psy,A-,23,3,PI,"LaCaille,Lara",Professor,llacaill
1265,Sum 2026,UMNDL,UMNDL,PSY,3121,050,Abnormal Psy,B,23,1,PI,"LaCaille,Lara",Professor,llacaill
1265,Sum 2026,UMNDL,UMNDL,PSY,3121,050,Abnormal Psy,B+,23,1,PI,"LaCaille,Lara",Professor,llacaill
1265,Sum 2026,UMNDL,UMNDL,PSY,3121,050,Abnormal Psy,B-,23,1,PI,"LaCaille,Lara",Professor,llacaill
1265,Sum 2026,UMNDL,UMNDL,PSY,3121,050,Abnormal Psy,C,23,3,PI,"LaCaille,Lara",Professor,llacaill
1265,Sum 2026,UMNDL,UMNDL,PSY,3121,050,Abnormal Psy,C+,23,1,PI,"LaCaille,Lara",Professor,llacaill
1265,Sum 2026,UMNDL,UMNDL,PSY,3121,050,Abnormal Psy,C-,23,2,PI,"LaCaille,Lara",Professor,llacaill
1265,Sum 2026,UMNDL,UMNDL,PSY,3121,050,Abnormal Psy,F,23,1,PI,"LaCaille,Lara",Professor,llacaill
1265,Sum 2026,UMNDL,UMNDL,PSY,3121,050,Abnormal Psy,W,23,1,PI,"LaCaille,Lara",Professor,llacaill
1265,Sum 2026,UMNDL,UMNDL,PSY,3201,050,Social Psych,A,16,5,PI,"Zimmerman PhD,Ian Daniel",Teaching Assistant Professor,izimmerm
1265,Sum 2026,UMNDL,UMNDL,PSY,3201,050,Social Psych,A-,16,3,PI,"Zimmerman PhD,Ian Daniel",Teaching Assistant Professor,izimmerm
1265,Sum 2026,UMNDL,UMNDL,PSY,3201,050,Social Psych,B,16,3,PI,"Zimmerman PhD,Ian Daniel",Teaching Assistant Professor,izimmerm
1265,Sum 2026,UMNDL,UMNDL,PSY,3201,050,Social Psych,B+,16,3,PI,"Zimmerman PhD,Ian Daniel",Teaching Assistant Professor,izimmerm
1265,Sum 2026,UMNDL,UMNDL,PSY,3201,050,Social Psych,C,16,1,PI,"Zimmerman PhD,Ian Daniel",Teaching Assistant Professor,izimmerm
1265,Sum 2026,UMNDL,UMNDL,PSY,3201,050,Social Psych,D,16,1,PI,"Zimmerman PhD,Ian Daniel",Teaching Assistant Professor,izimmerm
1265,Sum 2026,UMNDL,UMNDL,PSY,3231,050,Psych of Drug Use,A,20,4,PI,"Gilbertson,Rebecca",Associate Professor,gilbertr
1265,Sum 2026,UMNDL,UMNDL,PSY,3231,050,Psych of Drug Use,A-,20,6,PI,"Gilbertson,Rebecca",Associate Professor,gilbertr
1265,Sum 2026,UMNDL,UMNDL,PSY,3231,050,Psych of Drug Use,B,20,2,PI,"Gilbertson,Rebecca",Associate Professor,gilbertr
1265,Sum 2026,UMNDL,UMNDL,PSY,3231,050,Psych of Drug Use,B+,20,6,PI,"Gilbertson,Rebecca",Associate Professor,gilbertr
1265,Sum 2026,UMNDL,UMNDL,PSY,3231,050,Psych of Drug Use,F,20,2,PI,"Gilbertson,Rebecca",Associate Professor,gilbertr
1265,Sum 2026,UMNTC,UMNTC,PSY,3511,001,Intro Counseling Psych,A,95,12,PI,"Dejesus-Rodriguez,Ariana Eila",,
1265,Sum 2026,UMNTC,UMNTC,PSY,3511,001,Intro Counseling Psych,A-,95,8,PI,"Dejesus-Rodriguez,Ariana Eila",,
1265,Sum 2026,UMNTC,UMNTC,PSY,3511,001,Intro Counseling Psych,B,95,21,PI,"Dejesus-Rodriguez,Ariana Eila",,
1265,Sum 2026,UMNTC,UMNTC,PSY,3511,001,Intro Counseling Psych,B+,95,12,PI,"Dejesus-Rodriguez,Ariana Eila",,
1265,Sum 2026,UMNTC,UMNTC,PSY,3511,001,Intro Counseling Psych,B-,95,5,PI,"Dejesus-Rodriguez,Ariana Eila",,
1265,Sum 2026,UMNTC,UMNTC,PSY,3511,001,Intro Counseling Psych,C,95,3,PI,"Dejesus-Rodriguez,Ariana Eila",,
1265,Sum 2026,UMNTC,UMNTC,PSY,3511,001,Intro Counseling Psych,C+,95,10,PI,"Dejesus-Rodriguez,Ariana Eila",,
1265,Sum 2026,UMNTC,UMNTC,PSY,3511,001,Intro Counseling Psych,C-,95,2,PI,"Dejesus-Rodriguez,Ariana Eila",,
1265,Sum 2026,UMNTC,UMNTC,PSY,3511,001,Intro Counseling Psych,D,95,7,PI,"Dejesus-Rodriguez,Ariana Eila",,
1265,Sum 2026,UMNTC,UMNTC,PSY,3511,001,Intro Counseling Psych,F,95,8,PI,"Dejesus-Rodriguez,Ariana Eila",,
1265,Sum 2026,UMNTC,UMNTC,PSY,3511,001,Intro Counseling Psych,W,95,7,PI,"Dejesus-Rodriguez,Ariana Eila",,
1265,Sum 2026,UMNTC,UMNRO,PSY,3512,001,Abnormal Psychology,A,10,8,PI,"Harowski,Kathy J",Lecturer,kharowsk
1265,Sum 2026,UMNTC,UMNRO,PSY,3512,001,Abnormal Psychology,A-,10,1,PI,"Harowski,Kathy J",Lecturer,kharowsk
1265,Sum 2026,UMNTC,UMNRO,PSY,3512,001,Abnormal Psychology,B+,10,1,PI,"Harowski,Kathy J",Lecturer,kharowsk
1265,Sum 2026,UMNTC,UMNTC,PSY,3604,001,Intro to Psychopathology,A,127,83,PI,"Yan,Marvin Lee Wen-Hua",,
1265,Sum 2026,UMNTC,UMNTC,PSY,3604,001,Intro to Psychopathology,A-,127,14,PI,"Yan,Marvin Lee Wen-Hua",,
1265,Sum 2026,UMNTC,UMNTC,PSY,3604,001,Intro to Psychopathology,B,127,9,PI,"Yan,Marvin Lee Wen-Hua",,
1265,Sum 2026,UMNTC,UMNTC,PSY,3604,001,Intro to Psychopathology,B+,127,12,PI,"Yan,Marvin Lee Wen-Hua",,
1265,Sum 2026,UMNTC,UMNTC,PSY,3604,001,Intro to Psychopathology,B-,127,3,PI,"Yan,Marvin Lee Wen-Hua",,
1265,Sum 2026,UMNTC,UMNTC,PSY,3604,001,Intro to Psychopathology,C+,127,1,PI,"Yan,Marvin Lee Wen-Hua",,
1265,Sum 2026,UMNTC,UMNTC,PSY,3604,001,Intro to Psychopathology,C-,127,1,PI,"Yan,Marvin Lee Wen-Hua",,
1265,Sum 2026,UMNTC,UMNTC,PSY,3604,001,Intro to Psychopathology,F,127,3,PI,"Yan,Marvin Lee Wen-Hua",,
1265,Sum 2026,UMNTC,UMNTC,PSY,3604,001,Intro to Psychopathology,W,127,1,PI,"Yan,Marvin Lee Wen-Hua",,
1265,Sum 2026,UMNDL,UMNDL,PSY,3611,050,Learning and Behavior,A,13,6,PI,"Slowiak PhD,Julie M",Professor,jslowiak
1265,Sum 2026,UMNDL,UMNDL,PSY,3611,050,Learning and Behavior,A-,13,2,PI,"Slowiak PhD,Julie M",Professor,jslowiak
1265,Sum 2026,UMNDL,UMNDL,PSY,3611,050,Learning and Behavior,B+,13,2,PI,"Slowiak PhD,Julie M",Professor,jslowiak
1265,Sum 2026,UMNDL,UMNDL,PSY,3611,050,Learning and Behavior,C,13,1,PI,"Slowiak PhD,Julie M",Professor,jslowiak
1265,Sum 2026,UMNDL,UMNDL,PSY,3611,050,Learning and Behavior,F,13,1,PI,"Slowiak PhD,Julie M",Professor,jslowiak
1265,Sum 2026,UMNDL,UMNDL,PSY,3611,050,Learning and Behavior,W,13,1,PI,"Slowiak PhD,Julie M",Professor,jslowiak
1265,Sum 2026,UMNDL,UMNDL,PSY,3697,050,"Sensing, Perceiving",A,15,11,PI,"Tucker,Natalie Susan",Instructor,ntucker
1265,Sum 2026,UMNDL,UMNDL,PSY,3697,050,"Sensing, Perceiving",B,15,1,PI,"Tucker,Natalie Susan",Instructor,ntucker
1265,Sum 2026,UMNDL,UMNDL,PSY,3697,050,"Sensing, Perceiving",B+,15,1,PI,"Tucker,Natalie Susan",Instructor,ntucker
1265,Sum 2026,UMNDL,UMNDL,PSY,3697,050,"Sensing, Perceiving",C,15,1,PI,"Tucker,Natalie Susan",Instructor,ntucker
1265,Sum 2026,UMNDL,UMNDL,PSY,3697,050,"Sensing, Perceiving",F,15,1,PI,"Tucker,Natalie Susan",Instructor,ntucker
1265,Sum 2026,UMNTC,UMNTC,PSY,3801,001,Intro Psych Data Analysis,A,100,38,PI,"Priewe,Jett Nicole",,
1265,Sum 2026,UMNTC,UMNTC,PSY,3801,001,Intro Psych Data Analysis,A-,100,12,PI,"Priewe,Jett Nicole",,
1265,Sum 2026,UMNTC,UMNTC,PSY,3801,001,Intro Psych Data Analysis,B,100,8,PI,"Priewe,Jett Nicole",,
1265,Sum 2026,UMNTC,UMNTC,PSY,3801,001,Intro Psych Data Analysis,B+,100,6,PI,"Priewe,Jett Nicole",,
1265,Sum 2026,UMNTC,UMNTC,PSY,3801,001,Intro Psych Data Analysis,B-,100,1,PI,"Priewe,Jett Nicole",,
1265,Sum 2026,UMNTC,UMNTC,PSY,3801,001,Intro Psych Data Analysis,C,100,4,PI,"Priewe,Jett Nicole",,
1265,Sum 2026,UMNTC,UMNTC,PSY,3801,001,Intro Psych Data Analysis,C+,100,5,PI,"Priewe,Jett Nicole",,
1265,Sum 2026,UMNTC,UMNTC,PSY,3801,001,Intro Psych Data Analysis,C-,100,3,PI,"Priewe,Jett Nicole",,
1265,Sum 2026,UMNTC,UMNTC,PSY,3801,001,Intro Psych Data Analysis,D,100,4,PI,"Priewe,Jett Nicole",,
1265,Sum 2026,UMNTC,UMNTC,PSY,3801,001,Intro Psych Data Analysis,D+,100,2,PI,"Priewe,Jett Nicole",,
1265,Sum 2026,UMNTC,UMNTC,PSY,3801,001,Intro Psych Data Analysis,F,100,12,PI,"Priewe,Jett Nicole",,
1265,Sum 2026,UMNTC,UMNTC,PSY,3801,001,Intro Psych Data Analysis,W,100,5,PI,"Priewe,Jett Nicole",,
1265,Sum 2026,UMNTC,UMNTC,PSY,3901W,002,Capstone: Research Laboratory,A,16,3,PI,"Lee,Hyunsuk",,
1265,Sum 2026,UMNTC,UMNTC,PSY,3901W,002,Capstone: Research Laboratory,A-,16,3,PI,"Lee,Hyunsuk",,
1265,Sum 2026,UMNTC,UMNTC,PSY,3901W,002,Capstone: Research Laboratory,B,16,1,PI,"Lee,Hyunsuk",,
1265,Sum 2026,UMNTC,UMNTC,PSY,3901W,002,Capstone: Research Laboratory,B+,16,1,PI,"Lee,Hyunsuk",,
1265,Sum 2026,UMNTC,UMNTC,PSY,3901W,002,Capstone: Research Laboratory,B-,16,2,PI,"Lee,Hyunsuk",,
1265,Sum 2026,UMNTC,UMNTC,PSY,3901W,002,Capstone: Research Laboratory,C+,16,2,PI,"Lee,Hyunsuk",,
1265,Sum 2026,UMNTC,UMNTC,PSY,3901W,002,Capstone: Research Laboratory,F,16,3,PI,"Lee,Hyunsuk",,
1265,Sum 2026,UMNTC,UMNTC,PSY,3901W,002,Capstone: Research Laboratory,W,16,1,PI,"Lee,Hyunsuk",,
1265,Sum 2026,UMNTC,UMNTC,PSY,3902W,002,Capstone: Individual Interest,A,15,5,PI,"Hopkins,Lauren Ireland",,
1265,Sum 2026,UMNTC,UMNTC,PSY,3902W,002,Capstone: Individual Interest,A-,15,2,PI,"Hopkins,Lauren Ireland",,
1265,Sum 2026,UMNTC,UMNTC,PSY,3902W,002,Capstone: Individual Interest,B+,15,1,PI,"Hopkins,Lauren Ireland",,
1265,Sum 2026,UMNTC,UMNTC,PSY,3902W,002,Capstone: Individual Interest,B-,15,2,PI,"Hopkins,Lauren Ireland",,
1265,Sum 2026,UMNTC,UMNTC,PSY,3902W,002,Capstone: Individual Interest,C,15,1,PI,"Hopkins,Lauren Ireland",,
1265,Sum 2026,UMNTC,UMNTC,PSY,3902W,002,Capstone: Individual Interest,F,15,3,PI,"Hopkins,Lauren Ireland",,
1265,Sum 2026,UMNTC,UMNTC,PSY,3902W,002,Capstone: Individual Interest,W,15,1,PI,"Hopkins,Lauren Ireland",,
1265,Sum 2026,UMNTC,UMNTC,PSY,3902W,003,Capstone: Individual Interest,A,14,3,PI,"Hazboun,Michael Kamal Anton",,
1265,Sum 2026,UMNTC,UMNTC,PSY,3902W,003,Capstone: Individual Interest,A-,14,3,PI,"Hazboun,Michael Kamal Anton",,
1265,Sum 2026,UMNTC,UMNTC,PSY,3902W,003,Capstone: Individual Interest,B,14,1,PI,"Hazboun,Michael Kamal Anton",,
1265,Sum 2026,UMNTC,UMNTC,PSY,3902W,003,Capstone: Individual Interest,B+,14,4,PI,"Hazboun,Michael Kamal Anton",,
1265,Sum 2026,UMNTC,UMNTC,PSY,3902W,003,Capstone: Individual Interest,B-,14,2,PI,"Hazboun,Michael Kamal Anton",,
1265,Sum 2026,UMNTC,UMNTC,PSY,3902W,003,Capstone: Individual Interest,C+,14,1,PI,"Hazboun,Michael Kamal Anton",,
1265,Sum 2026,UMNTC,UMNTC,PSY,3902W,004,Capstone: Individual Interest,A,14,3,PI,"Hopkins,Lauren Ireland",,
1265,Sum 2026,UMNTC,UMNTC,PSY,3902W,004,Capstone: Individual Interest,A-,14,1,PI,"Hopkins,Lauren Ireland",,
1265,Sum 2026,UMNTC,UMNTC,PSY,3902W,004,Capstone: Individual Interest,B,14,2,PI,"Hopkins,Lauren Ireland",,
1265,Sum 2026,UMNTC,UMNTC,PSY,3902W,004,Capstone: Individual Interest,B+,14,1,PI,"Hopkins,Lauren Ireland",,
1265,Sum 2026,UMNTC,UMNTC,PSY,3902W,004,Capstone: Individual Interest,B-,14,1,PI,"Hopkins,Lauren Ireland",,
1265,Sum 2026,UMNTC,UMNTC,PSY,3902W,004,Capstone: Individual Interest,F,14,5,PI,"Hopkins,Lauren Ireland",,
1265,Sum 2026,UMNTC,UMNTC,PSY,3902W,004,Capstone: Individual Interest,W,14,1,PI,"Hopkins,Lauren Ireland",,
1265,Sum 2026,UMNTC,UMNTC,PSY,4521,001,Psychology of Stress & Trauma,A,72,26,PI,"Anders,Samantha Lee",Lecturer,ande8552
1265,Sum 2026,UMNTC,UMNTC,PSY,4521,001,Psychology of Stress & Trauma,A-,72,11,PI,"Anders,Samantha Lee",Lecturer,ande8552
1265,Sum 2026,UMNTC,UMNTC,PSY,4521,001,Psychology of Stress & Trauma,B,72,5,PI,"Anders,Samantha Lee",Lecturer,ande8552
1265,Sum 2026,UMNTC,UMNTC,PSY,4521,001,Psychology of Stress & Trauma,B+,72,3,PI,"Anders,Samantha Lee",Lecturer,ande8552
1265,Sum 2026,UMNTC,UMNTC,PSY,4521,001,Psychology of Stress & Trauma,B-,72,4,PI,"Anders,Samantha Lee",Lecturer,ande8552
1265,Sum 2026,UMNTC,UMNTC,PSY,4521,001,Psychology of Stress & Trauma,C,72,3,PI,"Anders,Samantha Lee",Lecturer,ande8552
1265,Sum 2026,UMNTC,UMNTC,PSY,4521,001,Psychology of Stress & Trauma,C+,72,6,PI,"Anders,Samantha Lee",Lecturer,ande8552
1265,Sum 2026,UMNTC,UMNTC,PSY,4521,001,Psychology of Stress & Trauma,C-,72,3,PI,"Anders,Samantha Lee",Lecturer,ande8552
1265,Sum 2026,UMNTC,UMNTC,PSY,4521,001,Psychology of Stress & Trauma,D,72,1,PI,"Anders,Samantha Lee",Lecturer,ande8552
1265,Sum 2026,UMNTC,UMNTC,PSY,4521,001,Psychology of Stress & Trauma,D+,72,2,PI,"Anders,Samantha Lee",Lecturer,ande8552
1265,Sum 2026,UMNTC,UMNTC,PSY,4521,001,Psychology of Stress & Trauma,F,72,3,PI,"Anders,Samantha Lee",Lecturer,ande8552
1265,Sum 2026,UMNTC,UMNTC,PSY,4521,001,Psychology of Stress & Trauma,W,72,5,PI,"Anders,Samantha Lee",Lecturer,ande8552
1265,Sum 2026,UMNTC,UMNTC,PT,6058,001,Anatomy for Physical Therapy,A,71,1,PI,"Hellem,Aaron Robert",Assistant Professor,hell0255
1265,Sum 2026,UMNTC,UMNTC,PT,6058,001,Anatomy for Physical Therapy,S,71,69,PI,"Hellem,Aaron Robert",Assistant Professor,hell0255
1265,Sum 2026,UMNTC,UMNTC,PT,6058,001,Anatomy for Physical Therapy,W,71,1,PI,"Hellem,Aaron Robert",Assistant Professor,hell0255
1265,Sum 2026,UMNTC,UMNTC,PT,6212,001,Becoming a PT,S,72,71,PI,"Sharp,Amanda Nicole",Associate Vice Provost,sharp
1265,Sum 2026,UMNTC,UMNTC,PT,6212,001,Becoming a PT,W,72,1,PI,"Sharp,Amanda Nicole",Associate Vice Provost,sharp
1265,Sum 2026,UMNTC,UMNTC,PT,6241,001,Move & Patho,A,66,65,PI,"North,Sara Elizabeth",Associate Professor,snorth
1265,Sum 2026,UMNTC,UMNTC,PT,6241,001,Move & Patho,B+,66,1,PI,"North,Sara Elizabeth",Associate Professor,snorth
1265,Sum 2026,UMNTC,UMNTC,PT,6250,001,Acute Care,A,65,13,PI,"Sutkowi-Hemstreet,Allyson Susanna",Assistant Professor,street07
1265,Sum 2026,UMNTC,UMNTC,PT,6250,001,Acute Care,A-,65,21,PI,"Sutkowi-Hemstreet,Allyson Susanna",Assistant Professor,street07
1265,Sum 2026,UMNTC,UMNTC,PT,6250,001,Acute Care,B,65,7,PI,"Sutkowi-Hemstreet,Allyson Susanna",Assistant Professor,street07
1265,Sum 2026,UMNTC,UMNTC,PT,6250,001,Acute Care,B+,65,21,PI,"Sutkowi-Hemstreet,Allyson Susanna",Assistant Professor,street07
1265,Sum 2026,UMNTC,UMNTC,PT,6250,001,Acute Care,B-,65,3,PI,"Sutkowi-Hemstreet,Allyson Susanna",Assistant Professor,street07
1265,Sum 2026,UMNTC,UMNTC,PT,6251,001,Integument,A,66,24,PI,"Koehler,Linda Ann",Associate Professor,koeh0139
1265,Sum 2026,UMNTC,UMNTC,PT,6251,001,Integument,A-,66,34,PI,"Koehler,Linda Ann",Associate Professor,koeh0139
1265,Sum 2026,UMNTC,UMNTC,PT,6251,001,Integument,B,66,1,PI,"Koehler,Linda Ann",Associate Professor,koeh0139
1265,Sum 2026,UMNTC,UMNTC,PT,6251,001,Integument,B+,66,6,PI,"Koehler,Linda Ann",Associate Professor,koeh0139
1265,Sum 2026,UMNTC,UMNTC,PT,6251,001,Integument,B-,66,1,PI,"Koehler,Linda Ann",Associate Professor,koeh0139
1265,Sum 2026,UMNTC,UMNTC,PT,6252,001,Pathophysiology,A,66,20,PI,"Fonkoue,Ida-Arlaine Tchuisseu",Assistant Professor,fonko001
1265,Sum 2026,UMNTC,UMNTC,PT,6252,001,Pathophysiology,A-,66,29,PI,"Fonkoue,Ida-Arlaine Tchuisseu",Assistant Professor,fonko001
1265,Sum 2026,UMNTC,UMNTC,PT,6252,001,Pathophysiology,B,66,6,PI,"Fonkoue,Ida-Arlaine Tchuisseu",Assistant Professor,fonko001
1265,Sum 2026,UMNTC,UMNTC,PT,6252,001,Pathophysiology,B+,66,11,PI,"Fonkoue,Ida-Arlaine Tchuisseu",Assistant Professor,fonko001
1265,Sum 2026,UMNTC,UMNTC,PT,6288,001,Pediatric Rehab,A,63,33,PI,"Stuyvenberg,Corri Lynn",Assistant Professor,stuyv006
1265,Sum 2026,UMNTC,UMNTC,PT,6288,001,Pediatric Rehab,A-,63,13,PI,"Stuyvenberg,Corri Lynn",Assistant Professor,stuyv006
1265,Sum 2026,UMNTC,UMNTC,PT,6288,001,Pediatric Rehab,B,63,4,PI,"Stuyvenberg,Corri Lynn",Assistant Professor,stuyv006
1265,Sum 2026,UMNTC,UMNTC,PT,6288,001,Pediatric Rehab,B+,63,13,PI,"Stuyvenberg,Corri Lynn",Assistant Professor,stuyv006
1265,Sum 2026,UMNTC,UMNTC,PT,6290,001,Cont PT Practice,A,63,53,PI,"Smith,Allison M",Assistant Professor,smithall
1265,Sum 2026,UMNTC,UMNTC,PT,6290,001,Cont PT Practice,A-,63,9,PI,"Smith,Allison M",Assistant Professor,smithall
1265,Sum 2026,UMNTC,UMNTC,PT,6290,001,Cont PT Practice,B+,63,1,PI,"Smith,Allison M",Assistant Professor,smithall
1265,Sum 2026,UMNTC,UMNTC,PT,6294,001,Clinical Integration,A,63,42,PI,"Olagbaiye,Carrie Ann",Assistant Professor,denie002
1265,Sum 2026,UMNTC,UMNTC,PT,6294,001,Clinical Integration,A-,63,9,PI,"Olagbaiye,Carrie Ann",Assistant Professor,denie002
1265,Sum 2026,UMNTC,UMNTC,PT,6294,001,Clinical Integration,B,63,4,PI,"Olagbaiye,Carrie Ann",Assistant Professor,denie002
1265,Sum 2026,UMNTC,UMNTC,PT,6294,001,Clinical Integration,B+,63,5,PI,"Olagbaiye,Carrie Ann",Assistant Professor,denie002
1265,Sum 2026,UMNTC,UMNTC,PT,6294,001,Clinical Integration,B-,63,2,PI,"Olagbaiye,Carrie Ann",Assistant Professor,denie002
1265,Sum 2026,UMNTC,UMNTC,PT,6294,001,Clinical Integration,C+,63,1,PI,"Olagbaiye,Carrie Ann",Assistant Professor,denie002
1265,Sum 2026,UMNTC,UMNTC,PT,6401,001,Peds Rehab Elec,A,15,12,PI,"Stuyvenberg,Corri Lynn",Assistant Professor,stuyv006
1265,Sum 2026,UMNTC,UMNTC,PT,6401,001,Peds Rehab Elec,A-,15,3,PI,"Stuyvenberg,Corri Lynn",Assistant Professor,stuyv006
1265,Sum 2026,UMNTC,UMNTC,PT,6405,001,Musculoskeletal,A,41,37,PI,"Kramer,Chris",Casual Nonexempt,kram0047
1265,Sum 2026,UMNTC,UMNTC,PT,6405,001,Musculoskeletal,A-,41,3,PI,"Kramer,Chris",Casual Nonexempt,kram0047
1265,Sum 2026,UMNTC,UMNTC,PT,6405,001,Musculoskeletal,B+,41,1,PI,"Kramer,Chris",Casual Nonexempt,kram0047
1265,Sum 2026,UMNTC,UMNRO,PUBH,2561,001,Intro to Public Health,A,17,13,PI,"Irlbeck,Abigail",Teaching Specialist,irlbe029
1265,Sum 2026,UMNTC,UMNRO,PUBH,2561,001,Intro to Public Health,A-,17,1,PI,"Irlbeck,Abigail",Teaching Specialist,irlbe029
1265,Sum 2026,UMNTC,UMNRO,PUBH,2561,001,Intro to Public Health,F,17,2,PI,"Irlbeck,Abigail",Teaching Specialist,irlbe029
1265,Sum 2026,UMNTC,UMNRO,PUBH,2561,001,Intro to Public Health,W,17,1,PI,"Irlbeck,Abigail",Teaching Specialist,irlbe029
1265,Sum 2026,UMNTC,UMNTC,PUBH,3106,320,Making Sense of Health Studies,A,32,19,PI,"Maldonado,George",Associate Professor,gmphd
1265,Sum 2026,UMNTC,UMNTC,PUBH,3106,320,Making Sense of Health Studies,A-,32,8,PI,"Maldonado,George",Associate Professor,gmphd
1265,Sum 2026,UMNTC,UMNTC,PUBH,3106,320,Making Sense of Health Studies,B,32,1,PI,"Maldonado,George",Associate Professor,gmphd
1265,Sum 2026,UMNTC,UMNTC,PUBH,3106,320,Making Sense of Health Studies,B+,32,4,PI,"Maldonado,George",Associate Professor,gmphd
1265,Sum 2026,UMNTC,UMNTC,PUBH,6020,320,Social & Behavioral Science,A,26,22,PI,"Bailey,Zinzi",Associate Professor,zbailey
1265,Sum 2026,UMNTC,UMNTC,PUBH,6020,320,Social & Behavioral Science,A-,26,1,PI,"Bailey,Zinzi",Associate Professor,zbailey
1265,Sum 2026,UMNTC,UMNTC,PUBH,6020,320,Social & Behavioral Science,B,26,1,PI,"Bailey,Zinzi",Associate Professor,zbailey
1265,Sum 2026,UMNTC,UMNTC,PUBH,6020,320,Social & Behavioral Science,B+,26,1,PI,"Bailey,Zinzi",Associate Professor,zbailey
1265,Sum 2026,UMNTC,UMNTC,PUBH,6020,320,Social & Behavioral Science,W,26,1,PI,"Bailey,Zinzi",Associate Professor,zbailey
1265,Sum 2026,UMNTC,UMNTC,PUBH,6102,320,Environmental & Occ Health,A,37,30,PI,"Wattenberg,Elizabeth Vaughn",Professor,watte004
1265,Sum 2026,UMNTC,UMNTC,PUBH,6102,320,Environmental & Occ Health,A-,37,4,PI,"Wattenberg,Elizabeth Vaughn",Professor,watte004
1265,Sum 2026,UMNTC,UMNTC,PUBH,6102,320,Environmental & Occ Health,B+,37,1,PI,"Wattenberg,Elizabeth Vaughn",Professor,watte004
1265,Sum 2026,UMNTC,UMNTC,PUBH,6102,320,Environmental & Occ Health,B-,37,1,PI,"Wattenberg,Elizabeth Vaughn",Professor,watte004
1265,Sum 2026,UMNTC,UMNTC,PUBH,6102,320,Environmental & Occ Health,W,37,1,PI,"Wattenberg,Elizabeth Vaughn",Professor,watte004
1265,Sum 2026,UMNTC,UMNTC,PUBH,6320,320,Fundamentals of Epidemiology,A,32,23,PI,"Jacobs PhD,David",Professor,jacob004
1265,Sum 2026,UMNTC,UMNTC,PUBH,6320,320,Fundamentals of Epidemiology,A-,32,6,PI,"Jacobs PhD,David",Professor,jacob004
1265,Sum 2026,UMNTC,UMNTC,PUBH,6320,320,Fundamentals of Epidemiology,B,32,1,PI,"Jacobs PhD,David",Professor,jacob004
1265,Sum 2026,UMNTC,UMNTC,PUBH,6320,320,Fundamentals of Epidemiology,B+,32,1,PI,"Jacobs PhD,David",Professor,jacob004
1265,Sum 2026,UMNTC,UMNTC,PUBH,6320,320,Fundamentals of Epidemiology,B-,32,1,PI,"Jacobs PhD,David",Professor,jacob004
1265,Sum 2026,UMNTC,UMNTC,PUBH,6414,320,Biostatistical Literacy,A,37,23,PI,"Le,Laura Jean",Senior Lecturer,free0312
1265,Sum 2026,UMNTC,UMNTC,PUBH,6414,320,Biostatistical Literacy,A-,37,2,PI,"Le,Laura Jean",Senior Lecturer,free0312
1265,Sum 2026,UMNTC,UMNTC,PUBH,6414,320,Biostatistical Literacy,B,37,4,PI,"Le,Laura Jean",Senior Lecturer,free0312
1265,Sum 2026,UMNTC,UMNTC,PUBH,6414,320,Biostatistical Literacy,B+,37,1,PI,"Le,Laura Jean",Senior Lecturer,free0312
1265,Sum 2026,UMNTC,UMNTC,PUBH,6414,320,Biostatistical Literacy,B-,37,2,PI,"Le,Laura Jean",Senior Lecturer,free0312
1265,Sum 2026,UMNTC,UMNTC,PUBH,6414,320,Biostatistical Literacy,C,37,2,PI,"Le,Laura Jean",Senior Lecturer,free0312
1265,Sum 2026,UMNTC,UMNTC,PUBH,6414,320,Biostatistical Literacy,C+,37,2,PI,"Le,Laura Jean",Senior Lecturer,free0312
1265,Sum 2026,UMNTC,UMNTC,PUBH,6414,320,Biostatistical Literacy,D,37,1,PI,"Le,Laura Jean",Senior Lecturer,free0312
1265,Sum 2026,UMNTC,UMNTC,PUBH,6739,320,Data Visualization - Tableau,A,18,16,PI,"Gervais,Jeanne",IT Pro 2-BI & Data Analysis,jeanne
1265,Sum 2026,UMNTC,UMNTC,PUBH,6739,320,Data Visualization - Tableau,A-,18,2,PI,"Gervais,Jeanne",IT Pro 2-BI & Data Analysis,jeanne
1265,Sum 2026,UMNTC,UMNTC,PUBH,6741,321,Ethics: Practice and Policy,A,32,29,PI,"Ward,Andrew Clay",Lecturer,ward0230
1265,Sum 2026,UMNTC,UMNTC,PUBH,6741,321,Ethics: Practice and Policy,A-,32,3,PI,"Ward,Andrew Clay",Lecturer,ward0230
1265,Sum 2026,UMNTC,UMNTC,PUBH,6751,322,Management in Health Services,A,35,26,PI,"Aremu,Taiwo Opeyemi",,
1265,Sum 2026,UMNTC,UMNTC,PUBH,6751,322,Management in Health Services,A-,35,3,PI,"Aremu,Taiwo Opeyemi",,
1265,Sum 2026,UMNTC,UMNTC,PUBH,6751,322,Management in Health Services,B,35,1,PI,"Aremu,Taiwo Opeyemi",,
1265,Sum 2026,UMNTC,UMNTC,PUBH,6751,322,Management in Health Services,B+,35,3,PI,"Aremu,Taiwo Opeyemi",,
1265,Sum 2026,UMNTC,UMNTC,PUBH,6751,322,Management in Health Services,B-,35,1,PI,"Aremu,Taiwo Opeyemi",,
1265,Sum 2026,UMNTC,UMNTC,PUBH,6751,322,Management in Health Services,C,35,1,PI,"Aremu,Taiwo Opeyemi",,
1265,Sum 2026,UMNTC,UMNTC,PUBH,6755,320,Planning & Budgeting in PubH,A,36,30,PI,"Stuby,Noah",Lecturer,nstuby
1265,Sum 2026,UMNTC,UMNTC,PUBH,6755,320,Planning & Budgeting in PubH,A-,36,3,PI,"Stuby,Noah",Lecturer,nstuby
1265,Sum 2026,UMNTC,UMNTC,PUBH,6755,320,Planning & Budgeting in PubH,B+,36,1,PI,"Stuby,Noah",Lecturer,nstuby
1265,Sum 2026,UMNTC,UMNTC,PUBH,6755,320,Planning & Budgeting in PubH,D+,36,1,PI,"Stuby,Noah",Lecturer,nstuby
1265,Sum 2026,UMNTC,UMNTC,PUBH,6755,320,Planning & Budgeting in PubH,F,36,1,PI,"Stuby,Noah",Lecturer,nstuby
1265,Sum 2026,UMNTC,UMNTC,PUBH,6907,320,Maternal/Infant-Adol Nutrition,A,20,18,PI,"Stang,Jamie Sue",Professor,stang002
1265,Sum 2026,UMNTC,UMNTC,PUBH,6907,320,Maternal/Infant-Adol Nutrition,A-,20,2,PI,"Stang,Jamie Sue",Professor,stang002
1265,Sum 2026,UMNTC,UMNTC,PUBH,7214,101,Prin of Risk Communication,A,23,22,PI,"Bender,Jeff Blaine",Professor,bende002
1265,Sum 2026,UMNTC,UMNTC,PUBH,7214,101,Prin of Risk Communication,S,23,1,PI,"Bender,Jeff Blaine",Professor,bende002
1265,Sum 2026,UMNTC,UMNTC,PUBH,7411,001,Stat Genetics of Neuroimaging,A,19,9,PI,"Zhang,Lin",Associate Professor,zhan4800
1265,Sum 2026,UMNTC,UMNTC,PUBH,7411,001,Stat Genetics of Neuroimaging,S,19,10,PI,"Zhang,Lin",Associate Professor,zhan4800
1265,Sum 2026,UMNTC,UMNTC,PUBH,7537,320,Healthcare Finance,A,21,20,PI,"Kasprick,Rachel A",Lecturer,rosed008
1265,Sum 2026,UMNTC,UMNTC,PUBH,7537,320,Healthcare Finance,A-,21,1,PI,"Kasprick,Rachel A",Lecturer,rosed008
1265,Sum 2026,UMNTC,UMNTC,PUBH,7542,320,Quality Improvement and Safety,A,19,17,PI,"Beebe,Timothy James",Professor,beebe026
1265,Sum 2026,UMNTC,UMNTC,PUBH,7542,320,Quality Improvement and Safety,B,19,1,PI,"Beebe,Timothy James",Professor,beebe026
1265,Sum 2026,UMNTC,UMNTC,PUBH,7542,320,Quality Improvement and Safety,B+,19,1,PI,"Beebe,Timothy James",Professor,beebe026
1265,Sum 2026,UMNTC,UMNTC,PUBH,7553,320,Healthcare Management Ethics,A,24,20,PI,"Boon,Ashton Lauren",Lecturer,schat106
1265,Sum 2026,UMNTC,UMNTC,PUBH,7553,320,Healthcare Management Ethics,A-,24,3,PI,"Boon,Ashton Lauren",Lecturer,schat106
1265,Sum 2026,UMNTC,UMNTC,PUBH,7553,320,Healthcare Management Ethics,B,24,1,PI,"Boon,Ashton Lauren",Lecturer,schat106
1265,Sum 2026,UMNTC,UMNTC,PUBH,7562,320,Info Technology in Healthcare,A,20,18,PI,"Cross,Dori",Associate Professor,dcross
1265,Sum 2026,UMNTC,UMNTC,PUBH,7562,320,Info Technology in Healthcare,A-,20,2,PI,"Cross,Dori",Associate Professor,dcross
1265,Sum 2026,UMNTC,UMNTC,PUBH,7569,320,Health Care Policy,A,23,22,PI,"Henning-Smith,Carrie Elizabeth",Professor,henn0329
1265,Sum 2026,UMNTC,UMNTC,PUBH,7569,320,Health Care Policy,A-,23,1,PI,"Henning-Smith,Carrie Elizabeth",Professor,henn0329
1265,Sum 2026,UMNTC,UMNRO,RADI,4303,001,Clinical Practicum III,A,10,8,PI,"Knoepke,Chris John",,
1265,Sum 2026,UMNTC,UMNRO,RADI,4303,001,Clinical Practicum III,B,10,2,PI,"Knoepke,Chris John",,
1265,Sum 2026,UMNTC,UMNTC,SCLY,1201,500,Survival Italian Language,A,12,3,PI,,,
1265,Sum 2026,UMNTC,UMNTC,SCLY,1201,500,Survival Italian Language,A-,12,1,PI,,,
1265,Sum 2026,UMNTC,UMNTC,SCLY,1201,500,Survival Italian Language,B,12,1,PI,,,
1265,Sum 2026,UMNTC,UMNTC,SCLY,1201,500,Survival Italian Language,B+,12,3,PI,,,
1265,Sum 2026,UMNTC,UMNTC,SCLY,1201,500,Survival Italian Language,C,12,3,PI,,,
1265,Sum 2026,UMNTC,UMNTC,SCLY,1201,500,Survival Italian Language,C+,12,1,PI,,,
1265,Sum 2026,UMNTC,UMNTC,SCLY,3151,500,Des Studio Italy: Image-Making,A,11,9,PI,"Ganapathy,Anjali",Lecturer,ganap002
1265,Sum 2026,UMNTC,UMNTC,SCLY,3151,500,Des Studio Italy: Image-Making,A-,11,2,PI,"Ganapathy,Anjali",Lecturer,ganap002
1265,Sum 2026,UMNTC,UMNTC,SCLY,3205,500,Sicily Collaborative Practicum,A,11,5,PI,,,
1265,Sum 2026,UMNTC,UMNTC,SCLY,3205,500,Sicily Collaborative Practicum,A-,11,2,PI,,,
1265,Sum 2026,UMNTC,UMNTC,SCLY,3205,500,Sicily Collaborative Practicum,B,11,1,PI,,,
1265,Sum 2026,UMNTC,UMNTC,SCLY,3205,500,Sicily Collaborative Practicum,B+,11,3,PI,,,
1265,Sum 2026,UMNTC,UMNTC,SCO,6048,055,Logistics and Transportation,A,23,12,PI,"Thomas,Peter",Senior Lecturer,thom8370
1265,Sum 2026,UMNTC,UMNTC,SCO,6048,055,Logistics and Transportation,A-,23,5,PI,"Thomas,Peter",Senior Lecturer,thom8370
1265,Sum 2026,UMNTC,UMNTC,SCO,6048,055,Logistics and Transportation,B,23,1,PI,"Thomas,Peter",Senior Lecturer,thom8370
1265,Sum 2026,UMNTC,UMNTC,SCO,6048,055,Logistics and Transportation,B+,23,5,PI,"Thomas,Peter",Senior Lecturer,thom8370
1265,Sum 2026,UMNTC,UMNTC,SCO,6291,095,Leadership Development,A,16,11,PI,"Wilde,Kevin",Senior Lecturer,kwilde
1265,Sum 2026,UMNTC,UMNTC,SCO,6291,095,Leadership Development,A-,16,3,PI,"Wilde,Kevin",Senior Lecturer,kwilde
1265,Sum 2026,UMNTC,UMNTC,SCO,6291,095,Leadership Development,B+,16,1,PI,"Wilde,Kevin",Senior Lecturer,kwilde
1265,Sum 2026,UMNTC,UMNTC,SCO,6291,095,Leadership Development,C,16,1,PI,"Wilde,Kevin",Senior Lecturer,kwilde
1265,Sum 2026,UMNTC,UMNTC,SCO,6292,095,Global Operations Capstone,A,16,13,PI,"Singh,Sunil Kumar",BD Dir 1-Bus Dev Gnrlst,sing0444
1265,Sum 2026,UMNTC,UMNTC,SCO,6292,095,Global Operations Capstone,A-,16,2,PI,"Singh,Sunil Kumar",BD Dir 1-Bus Dev Gnrlst,sing0444
1265,Sum 2026,UMNTC,UMNTC,SCO,6292,095,Global Operations Capstone,W,16,1,PI,"Singh,Sunil Kumar",BD Dir 1-Bus Dev Gnrlst,sing0444
1265,Sum 2026,UMNTC,UMNTC,SFS,3000,500,Trop Islnd Ecosys: Human Impct,A,11,8,PI,,,
1265,Sum 2026,UMNTC,UMNTC,SFS,3000,500,Trop Islnd Ecosys: Human Impct,A-,11,3,PI,,,
1265,Sum 2026,UMNTC,UMNTC,SFS,3252,500,Elephant Ecol and Cons,A,11,3,PI,,,
1265,Sum 2026,UMNTC,UMNTC,SFS,3252,500,Elephant Ecol and Cons,A-,11,5,PI,,,
1265,Sum 2026,UMNTC,UMNTC,SFS,3252,500,Elephant Ecol and Cons,B,11,1,PI,,,
1265,Sum 2026,UMNTC,UMNTC,SFS,3252,500,Elephant Ecol and Cons,B+,11,1,PI,,,
1265,Sum 2026,UMNTC,UMNTC,SFS,3252,500,Elephant Ecol and Cons,D,11,1,PI,,,
1265,Sum 2026,UMNTC,UMNTC,SMGT,3501,001,Sprt/Phys Actvty Dvrse Socity,A,29,18,PI,"Schull PhD,Vicki",Senior Lecturer,schu1850
1265,Sum 2026,UMNTC,UMNTC,SMGT,3501,001,Sprt/Phys Actvty Dvrse Socity,A-,29,10,PI,"Schull PhD,Vicki",Senior Lecturer,schu1850
1265,Sum 2026,UMNTC,UMNTC,SMGT,3501,001,Sprt/Phys Actvty Dvrse Socity,B,29,1,PI,"Schull PhD,Vicki",Senior Lecturer,schu1850
1265,Sum 2026,UMNTC,UMNTC,SOC,1001,301,Introduction to Sociology,A,29,18,PI,"Koksal,Aras",,
1265,Sum 2026,UMNTC,UMNTC,SOC,1001,301,Introduction to Sociology,A-,29,2,PI,"Koksal,Aras",,
1265,Sum 2026,UMNTC,UMNTC,SOC,1001,301,Introduction to Sociology,B,29,1,PI,"Koksal,Aras",,
1265,Sum 2026,UMNTC,UMNTC,SOC,1001,301,Introduction to Sociology,B+,29,1,PI,"Koksal,Aras",,
1265,Sum 2026,UMNTC,UMNTC,SOC,1001,301,Introduction to Sociology,B-,29,2,PI,"Koksal,Aras",,
1265,Sum 2026,UMNTC,UMNTC,SOC,1001,301,Introduction to Sociology,C,29,2,PI,"Koksal,Aras",,
1265,Sum 2026,UMNTC,UMNTC,SOC,1001,301,Introduction to Sociology,F,29,1,PI,"Koksal,Aras",,
1265,Sum 2026,UMNTC,UMNTC,SOC,1001,301,Introduction to Sociology,S,29,1,PI,"Koksal,Aras",,
1265,Sum 2026,UMNTC,UMNTC,SOC,1001,301,Introduction to Sociology,W,29,1,PI,"Koksal,Aras",,
1265,Sum 2026,UMNTC,UMNTC,SOC,1001,302,Introduction to Sociology,A,28,17,PI,"Jones,Mason Donnell",,
1265,Sum 2026,UMNTC,UMNTC,SOC,1001,302,Introduction to Sociology,A-,28,3,PI,"Jones,Mason Donnell",,
1265,Sum 2026,UMNTC,UMNTC,SOC,1001,302,Introduction to Sociology,B,28,1,PI,"Jones,Mason Donnell",,
1265,Sum 2026,UMNTC,UMNTC,SOC,1001,302,Introduction to Sociology,B+,28,1,PI,"Jones,Mason Donnell",,
1265,Sum 2026,UMNTC,UMNTC,SOC,1001,302,Introduction to Sociology,B-,28,1,PI,"Jones,Mason Donnell",,
1265,Sum 2026,UMNTC,UMNTC,SOC,1001,302,Introduction to Sociology,C,28,1,PI,"Jones,Mason Donnell",,
1265,Sum 2026,UMNTC,UMNTC,SOC,1001,302,Introduction to Sociology,F,28,1,PI,"Jones,Mason Donnell",,
1265,Sum 2026,UMNTC,UMNTC,SOC,1001,302,Introduction to Sociology,S,28,1,PI,"Jones,Mason Donnell",,
1265,Sum 2026,UMNTC,UMNTC,SOC,1001,302,Introduction to Sociology,W,28,2,PI,"Jones,Mason Donnell",,
1265,Sum 2026,UMNCR,UMNCR,SOC,1001,E90,Introduction to Sociology,A,15,5,PI,"Bevelhymer,Carl",Assistant Professor,bevel008
1265,Sum 2026,UMNCR,UMNCR,SOC,1001,E90,Introduction to Sociology,A-,15,4,PI,"Bevelhymer,Carl",Assistant Professor,bevel008
1265,Sum 2026,UMNCR,UMNCR,SOC,1001,E90,Introduction to Sociology,B,15,2,PI,"Bevelhymer,Carl",Assistant Professor,bevel008
1265,Sum 2026,UMNCR,UMNCR,SOC,1001,E90,Introduction to Sociology,B+,15,1,PI,"Bevelhymer,Carl",Assistant Professor,bevel008
1265,Sum 2026,UMNCR,UMNCR,SOC,1001,E90,Introduction to Sociology,B-,15,1,PI,"Bevelhymer,Carl",Assistant Professor,bevel008
1265,Sum 2026,UMNCR,UMNCR,SOC,1001,E90,Introduction to Sociology,W,15,2,PI,"Bevelhymer,Carl",Assistant Professor,bevel008
1265,Sum 2026,UMNDL,UMNDL,SOC,1101,080,Intro to Sociology,A,15,4,PI,"Torkelson,Jason Ferris",Associate Professor,tork0032
1265,Sum 2026,UMNDL,UMNDL,SOC,1101,080,Intro to Sociology,A-,15,3,PI,"Torkelson,Jason Ferris",Associate Professor,tork0032
1265,Sum 2026,UMNDL,UMNDL,SOC,1101,080,Intro to Sociology,B,15,1,PI,"Torkelson,Jason Ferris",Associate Professor,tork0032
1265,Sum 2026,UMNDL,UMNDL,SOC,1101,080,Intro to Sociology,C,15,3,PI,"Torkelson,Jason Ferris",Associate Professor,tork0032
1265,Sum 2026,UMNDL,UMNDL,SOC,1101,080,Intro to Sociology,D,15,1,PI,"Torkelson,Jason Ferris",Associate Professor,tork0032
1265,Sum 2026,UMNDL,UMNDL,SOC,1101,080,Intro to Sociology,F,15,3,PI,"Torkelson,Jason Ferris",Associate Professor,tork0032
1265,Sum 2026,UMNDL,UMNDL,SOC,2155,080,"Intro Research Methods, Analys",A,21,18,PI,"Williams,Joshua Harrison",Assistant Professor,will7730
1265,Sum 2026,UMNDL,UMNDL,SOC,2155,080,"Intro Research Methods, Analys",B+,21,1,PI,"Williams,Joshua Harrison",Assistant Professor,will7730
1265,Sum 2026,UMNDL,UMNDL,SOC,2155,080,"Intro Research Methods, Analys",C+,21,1,PI,"Williams,Joshua Harrison",Assistant Professor,will7730
1265,Sum 2026,UMNDL,UMNDL,SOC,2155,080,"Intro Research Methods, Analys",F,21,1,PI,"Williams,Joshua Harrison",Assistant Professor,will7730
1265,Sum 2026,UMNTC,UMNTC,SOC,3102,001,Criminal Behavior Soc Control,A,16,15,PI,"Ferrales,Gabrielle",Senior Lecturer,ferrales
1265,Sum 2026,UMNTC,UMNTC,SOC,3102,001,Criminal Behavior Soc Control,F,16,1,PI,"Ferrales,Gabrielle",Senior Lecturer,ferrales
1265,Sum 2026,UMNDL,UMNDL,SOC,3155,080,"Quant Research Methods, Analys",A,16,3,PI,"Vollum,Scott",Associate Professor,svollum
1265,Sum 2026,UMNDL,UMNDL,SOC,3155,080,"Quant Research Methods, Analys",B,16,3,PI,"Vollum,Scott",Associate Professor,svollum
1265,Sum 2026,UMNDL,UMNDL,SOC,3155,080,"Quant Research Methods, Analys",B+,16,1,PI,"Vollum,Scott",Associate Professor,svollum
1265,Sum 2026,UMNDL,UMNDL,SOC,3155,080,"Quant Research Methods, Analys",C,16,2,PI,"Vollum,Scott",Associate Professor,svollum
1265,Sum 2026,UMNDL,UMNDL,SOC,3155,080,"Quant Research Methods, Analys",C+,16,4,PI,"Vollum,Scott",Associate Professor,svollum
1265,Sum 2026,UMNDL,UMNDL,SOC,3155,080,"Quant Research Methods, Analys",D,16,3,PI,"Vollum,Scott",Associate Professor,svollum
1265,Sum 2026,UMNTC,UMNTC,SOC,3251W,001,"Race, Class, and Gender",A,11,9,PI,"Sremac,Nikoleta",,
1265,Sum 2026,UMNTC,UMNTC,SOC,3251W,001,"Race, Class, and Gender",C+,11,2,PI,"Sremac,Nikoleta",,
1265,Sum 2026,UMNTC,UMNTC,SOC,3613W,001,The Politics of Eating,A,31,22,PI,"Cueto-Villalobos,Daniel Aaron",,
1265,Sum 2026,UMNTC,UMNTC,SOC,3613W,001,The Politics of Eating,A-,31,2,PI,"Cueto-Villalobos,Daniel Aaron",,
1265,Sum 2026,UMNTC,UMNTC,SOC,3613W,001,The Politics of Eating,B,31,2,PI,"Cueto-Villalobos,Daniel Aaron",,
1265,Sum 2026,UMNTC,UMNTC,SOC,3613W,001,The Politics of Eating,B-,31,1,PI,"Cueto-Villalobos,Daniel Aaron",,
1265,Sum 2026,UMNTC,UMNTC,SOC,3613W,001,The Politics of Eating,D,31,2,PI,"Cueto-Villalobos,Daniel Aaron",,
1265,Sum 2026,UMNTC,UMNTC,SOC,3613W,001,The Politics of Eating,F,31,1,PI,"Cueto-Villalobos,Daniel Aaron",,
1265,Sum 2026,UMNTC,UMNTC,SOC,3613W,001,The Politics of Eating,W,31,1,PI,"Cueto-Villalobos,Daniel Aaron",,
1265,Sum 2026,UMNTC,UMNTC,SOC,3701,301,Social Theory,A,31,17,PI,"Harrington,Mallory",,
1265,Sum 2026,UMNTC,UMNTC,SOC,3701,301,Social Theory,A-,31,3,PI,"Harrington,Mallory",,
1265,Sum 2026,UMNTC,UMNTC,SOC,3701,301,Social Theory,B,31,3,PI,"Harrington,Mallory",,
1265,Sum 2026,UMNTC,UMNTC,SOC,3701,301,Social Theory,B+,31,2,PI,"Harrington,Mallory",,
1265,Sum 2026,UMNTC,UMNTC,SOC,3701,301,Social Theory,B-,31,2,PI,"Harrington,Mallory",,
1265,Sum 2026,UMNTC,UMNTC,SOC,3701,301,Social Theory,D+,31,1,PI,"Harrington,Mallory",,
1265,Sum 2026,UMNTC,UMNTC,SOC,3701,301,Social Theory,F,31,2,PI,"Harrington,Mallory",,
1265,Sum 2026,UMNTC,UMNTC,SOC,3701,301,Social Theory,W,31,1,PI,"Harrington,Mallory",,
1265,Sum 2026,UMNTC,UMNTC,SOC,3811,002,Social Statistics,A,31,14,,,,
1265,Sum 2026,UMNTC,UMNTC,SOC,3811,002,Social Statistics,A-,31,4,,,,
1265,Sum 2026,UMNTC,UMNTC,SOC,3811,002,Social Statistics,B,31,4,,,,
1265,Sum 2026,UMNTC,UMNTC,SOC,3811,002,Social Statistics,B+,31,1,,,,
1265,Sum 2026,UMNTC,UMNTC,SOC,3811,002,Social Statistics,B-,31,1,,,,
1265,Sum 2026,UMNTC,UMNTC,SOC,3811,002,Social Statistics,C,31,1,,,,
1265,Sum 2026,UMNTC,UMNTC,SOC,3811,002,Social Statistics,C+,31,1,,,,
1265,Sum 2026,UMNTC,UMNTC,SOC,3811,002,Social Statistics,C-,31,1,,,,
1265,Sum 2026,UMNTC,UMNTC,SOC,3811,002,Social Statistics,F,31,4,,,,
1265,Sum 2026,UMNTC,UMNTC,SOC,4104,001,Crime and Human Rights,A,15,14,PI,"Ferrales,Gabrielle",Senior Lecturer,ferrales
1265,Sum 2026,UMNTC,UMNTC,SOC,4104,001,Crime and Human Rights,W,15,1,PI,"Ferrales,Gabrielle",Senior Lecturer,ferrales
1265,Sum 2026,UMNTC,UMNTC,SOC,4113,001,Sociology of Violence,A,14,13,PI,"Ferrales,Gabrielle",Senior Lecturer,ferrales
1265,Sum 2026,UMNTC,UMNTC,SOC,4113,001,Sociology of Violence,D,14,1,PI,"Ferrales,Gabrielle",Senior Lecturer,ferrales
1265,Sum 2026,UMNDL,UMNDL,SOC,4597,080,Internship,N,21,1,PI,"Weidner,Robert R",Professor,rweidner
1265,Sum 2026,UMNDL,UMNDL,SOC,4597,080,Internship,S,21,20,PI,"Weidner,Robert R",Professor,rweidner
1265,Sum 2026,UMNDL,UMNDL,SOC,4947,080,Sociology of Gender,A,12,5,PI,"Gaarder,Emily",Associate Professor,egaarder
1265,Sum 2026,UMNDL,UMNDL,SOC,4947,080,Sociology of Gender,A-,12,2,PI,"Gaarder,Emily",Associate Professor,egaarder
1265,Sum 2026,UMNDL,UMNDL,SOC,4947,080,Sociology of Gender,B,12,1,PI,"Gaarder,Emily",Associate Professor,egaarder
1265,Sum 2026,UMNDL,UMNDL,SOC,4947,080,Sociology of Gender,B-,12,1,PI,"Gaarder,Emily",Associate Professor,egaarder
1265,Sum 2026,UMNDL,UMNDL,SOC,4947,080,Sociology of Gender,C+,12,1,PI,"Gaarder,Emily",Associate Professor,egaarder
1265,Sum 2026,UMNDL,UMNDL,SOC,4947,080,Sociology of Gender,F,12,2,PI,"Gaarder,Emily",Associate Professor,egaarder
1265,Sum 2026,UMNMO,UMNMO,SPAN,1001,098,Beginning Spanish I,A,18,6,PI,"Genova,Thomas",Associate Professor,tgenova
1265,Sum 2026,UMNMO,UMNMO,SPAN,1001,098,Beginning Spanish I,A-,18,4,PI,"Genova,Thomas",Associate Professor,tgenova
1265,Sum 2026,UMNMO,UMNMO,SPAN,1001,098,Beginning Spanish I,B,18,1,PI,"Genova,Thomas",Associate Professor,tgenova
1265,Sum 2026,UMNMO,UMNMO,SPAN,1001,098,Beginning Spanish I,B+,18,1,PI,"Genova,Thomas",Associate Professor,tgenova
1265,Sum 2026,UMNMO,UMNMO,SPAN,1001,098,Beginning Spanish I,C,18,2,PI,"Genova,Thomas",Associate Professor,tgenova
1265,Sum 2026,UMNMO,UMNMO,SPAN,1001,098,Beginning Spanish I,C-,18,1,PI,"Genova,Thomas",Associate Professor,tgenova
1265,Sum 2026,UMNMO,UMNMO,SPAN,1001,098,Beginning Spanish I,D,18,1,PI,"Genova,Thomas",Associate Professor,tgenova
1265,Sum 2026,UMNMO,UMNMO,SPAN,1001,098,Beginning Spanish I,F,18,2,PI,"Genova,Thomas",Associate Professor,tgenova
1265,Sum 2026,UMNTC,UMNTC,SPAN,1002,001,Beginning Spanish,A,22,13,PI,"Da Veiga,Giuliana",,
1265,Sum 2026,UMNTC,UMNTC,SPAN,1002,001,Beginning Spanish,B+,22,3,PI,"Da Veiga,Giuliana",,
1265,Sum 2026,UMNTC,UMNTC,SPAN,1002,001,Beginning Spanish,C,22,1,PI,"Da Veiga,Giuliana",,
1265,Sum 2026,UMNTC,UMNTC,SPAN,1002,001,Beginning Spanish,S,22,2,PI,"Da Veiga,Giuliana",,
1265,Sum 2026,UMNTC,UMNTC,SPAN,1002,001,Beginning Spanish,W,22,3,PI,"Da Veiga,Giuliana",,
1265,Sum 2026,UMNMO,UMNMO,SPAN,1002,098,Beginning Spanish II,A,20,12,PI,"Genova,Thomas",Associate Professor,tgenova
1265,Sum 2026,UMNMO,UMNMO,SPAN,1002,098,Beginning Spanish II,A-,20,3,PI,"Genova,Thomas",Associate Professor,tgenova
1265,Sum 2026,UMNMO,UMNMO,SPAN,1002,098,Beginning Spanish II,B,20,1,PI,"Genova,Thomas",Associate Professor,tgenova
1265,Sum 2026,UMNMO,UMNMO,SPAN,1002,098,Beginning Spanish II,B-,20,1,PI,"Genova,Thomas",Associate Professor,tgenova
1265,Sum 2026,UMNMO,UMNMO,SPAN,1002,098,Beginning Spanish II,C,20,1,PI,"Genova,Thomas",Associate Professor,tgenova
1265,Sum 2026,UMNMO,UMNMO,SPAN,1002,098,Beginning Spanish II,D,20,1,PI,"Genova,Thomas",Associate Professor,tgenova
1265,Sum 2026,UMNMO,UMNMO,SPAN,1002,098,Beginning Spanish II,F,20,1,PI,"Genova,Thomas",Associate Professor,tgenova
1265,Sum 2026,UMNTC,UMNTC,SPAN,1003,001,Intermediate Spanish,A,12,8,PI,"Mendoza Jaimes,Denisse",,
1265,Sum 2026,UMNTC,UMNTC,SPAN,1003,001,Intermediate Spanish,B,12,3,PI,"Mendoza Jaimes,Denisse",,
1265,Sum 2026,UMNTC,UMNTC,SPAN,1003,001,Intermediate Spanish,N,12,1,PI,"Mendoza Jaimes,Denisse",,
1265,Sum 2026,UMNTC,UMNTC,SPAN,1003,002,Intermediate Spanish,A,22,10,PI,"Gonzalez,Daniel",,
1265,Sum 2026,UMNTC,UMNTC,SPAN,1003,002,Intermediate Spanish,A-,22,2,PI,"Gonzalez,Daniel",,
1265,Sum 2026,UMNTC,UMNTC,SPAN,1003,002,Intermediate Spanish,B,22,2,PI,"Gonzalez,Daniel",,
1265,Sum 2026,UMNTC,UMNTC,SPAN,1003,002,Intermediate Spanish,B+,22,2,PI,"Gonzalez,Daniel",,
1265,Sum 2026,UMNTC,UMNTC,SPAN,1003,002,Intermediate Spanish,B-,22,1,PI,"Gonzalez,Daniel",,
1265,Sum 2026,UMNTC,UMNTC,SPAN,1003,002,Intermediate Spanish,C-,22,1,PI,"Gonzalez,Daniel",,
1265,Sum 2026,UMNTC,UMNTC,SPAN,1003,002,Intermediate Spanish,D,22,1,PI,"Gonzalez,Daniel",,
1265,Sum 2026,UMNTC,UMNTC,SPAN,1003,002,Intermediate Spanish,S,22,1,PI,"Gonzalez,Daniel",,
1265,Sum 2026,UMNTC,UMNTC,SPAN,1003,002,Intermediate Spanish,W,22,2,PI,"Gonzalez,Daniel",,
1265,Sum 2026,UMNTC,UMNTC,SPAN,1004,001,Intermediate Span,A,23,7,PI,"Zavala-Cintora,Rodrigo",,
1265,Sum 2026,UMNTC,UMNTC,SPAN,1004,001,Intermediate Span,A-,23,2,PI,"Zavala-Cintora,Rodrigo",,
1265,Sum 2026,UMNTC,UMNTC,SPAN,1004,001,Intermediate Span,B,23,3,PI,"Zavala-Cintora,Rodrigo",,
1265,Sum 2026,UMNTC,UMNTC,SPAN,1004,001,Intermediate Span,B+,23,2,PI,"Zavala-Cintora,Rodrigo",,
1265,Sum 2026,UMNTC,UMNTC,SPAN,1004,001,Intermediate Span,B-,23,3,PI,"Zavala-Cintora,Rodrigo",,
1265,Sum 2026,UMNTC,UMNTC,SPAN,1004,001,Intermediate Span,S,23,6,PI,"Zavala-Cintora,Rodrigo",,
1265,Sum 2026,UMNTC,UMNTC,SPAN,1004,002,Intermediate Span,A,24,9,PI,"Carrillo Tequia,Yomary",,
1265,Sum 2026,UMNTC,UMNTC,SPAN,1004,002,Intermediate Span,A-,24,1,PI,"Carrillo Tequia,Yomary",,
1265,Sum 2026,UMNTC,UMNTC,SPAN,1004,002,Intermediate Span,B,24,3,PI,"Carrillo Tequia,Yomary",,
1265,Sum 2026,UMNTC,UMNTC,SPAN,1004,002,Intermediate Span,B-,24,3,PI,"Carrillo Tequia,Yomary",,
1265,Sum 2026,UMNTC,UMNTC,SPAN,1004,002,Intermediate Span,C+,24,1,PI,"Carrillo Tequia,Yomary",,
1265,Sum 2026,UMNTC,UMNTC,SPAN,1004,002,Intermediate Span,F,24,1,PI,"Carrillo Tequia,Yomary",,
1265,Sum 2026,UMNTC,UMNTC,SPAN,1004,002,Intermediate Span,S,24,2,PI,"Carrillo Tequia,Yomary",,
1265,Sum 2026,UMNTC,UMNTC,SPAN,1004,002,Intermediate Span,W,24,4,PI,"Carrillo Tequia,Yomary",,
1265,Sum 2026,UMNTC,UMNTC,SPAN,1022,001,Alt Second-Sem Spanish,A,24,11,PI,"Cassese De Vasconcellos Serell,Carolina",,
1265,Sum 2026,UMNTC,UMNTC,SPAN,1022,001,Alt Second-Sem Spanish,A-,24,6,PI,"Cassese De Vasconcellos Serell,Carolina",,
1265,Sum 2026,UMNTC,UMNTC,SPAN,1022,001,Alt Second-Sem Spanish,B,24,3,PI,"Cassese De Vasconcellos Serell,Carolina",,
1265,Sum 2026,UMNTC,UMNTC,SPAN,1022,001,Alt Second-Sem Spanish,C+,24,1,PI,"Cassese De Vasconcellos Serell,Carolina",,
1265,Sum 2026,UMNTC,UMNTC,SPAN,1022,001,Alt Second-Sem Spanish,C-,24,1,PI,"Cassese De Vasconcellos Serell,Carolina",,
1265,Sum 2026,UMNTC,UMNTC,SPAN,1022,001,Alt Second-Sem Spanish,F,24,1,PI,"Cassese De Vasconcellos Serell,Carolina",,
1265,Sum 2026,UMNTC,UMNTC,SPAN,1022,001,Alt Second-Sem Spanish,W,24,1,PI,"Cassese De Vasconcellos Serell,Carolina",,
1265,Sum 2026,UMNDL,UMNDL,SPAN,4090,080,Aspects of the Hispanic World,A,12,7,PI,"Snustad,Andrew P",Senior Instructor UEA,asnustad
1265,Sum 2026,UMNDL,UMNDL,SPAN,4090,080,Aspects of the Hispanic World,B,12,2,PI,"Snustad,Andrew P",Senior Instructor UEA,asnustad
1265,Sum 2026,UMNDL,UMNDL,SPAN,4090,080,Aspects of the Hispanic World,F,12,3,PI,"Snustad,Andrew P",Senior Instructor UEA,asnustad
1265,Sum 2026,UMNDL,UMNDL,SPED,4435,001,"Parent, Professional Collabora",A,10,8,PI,"Balint Langel,Kinga",Associate Professor,obalintl
1265,Sum 2026,UMNDL,UMNDL,SPED,4435,001,"Parent, Professional Collabora",A-,10,2,PI,"Balint Langel,Kinga",Associate Professor,obalintl
1265,Sum 2026,UMNTC,UMNRO,STAT,1161,001,Introduction to Statistics,A,15,7,PI,"Ballam,Christian Gary",Senior Teaching Specialist,cgballam
1265,Sum 2026,UMNTC,UMNRO,STAT,1161,001,Introduction to Statistics,A-,15,3,PI,"Ballam,Christian Gary",Senior Teaching Specialist,cgballam
1265,Sum 2026,UMNTC,UMNRO,STAT,1161,001,Introduction to Statistics,B+,15,2,PI,"Ballam,Christian Gary",Senior Teaching Specialist,cgballam
1265,Sum 2026,UMNTC,UMNRO,STAT,1161,001,Introduction to Statistics,B-,15,1,PI,"Ballam,Christian Gary",Senior Teaching Specialist,cgballam
1265,Sum 2026,UMNTC,UMNRO,STAT,1161,001,Introduction to Statistics,F,15,2,PI,"Ballam,Christian Gary",Senior Teaching Specialist,cgballam
1265,Sum 2026,UMNTC,UMNRO,STAT,1161,002,Introduction to Statistics,A,16,6,PI,"Ballam,Christian Gary",Senior Teaching Specialist,cgballam
1265,Sum 2026,UMNTC,UMNRO,STAT,1161,002,Introduction to Statistics,A-,16,1,PI,"Ballam,Christian Gary",Senior Teaching Specialist,cgballam
1265,Sum 2026,UMNTC,UMNRO,STAT,1161,002,Introduction to Statistics,B,16,2,PI,"Ballam,Christian Gary",Senior Teaching Specialist,cgballam
1265,Sum 2026,UMNTC,UMNRO,STAT,1161,002,Introduction to Statistics,B+,16,3,PI,"Ballam,Christian Gary",Senior Teaching Specialist,cgballam
1265,Sum 2026,UMNTC,UMNRO,STAT,1161,002,Introduction to Statistics,B-,16,1,PI,"Ballam,Christian Gary",Senior Teaching Specialist,cgballam
1265,Sum 2026,UMNTC,UMNRO,STAT,1161,002,Introduction to Statistics,C,16,1,PI,"Ballam,Christian Gary",Senior Teaching Specialist,cgballam
1265,Sum 2026,UMNTC,UMNRO,STAT,1161,002,Introduction to Statistics,W,16,2,PI,"Ballam,Christian Gary",Senior Teaching Specialist,cgballam
1265,Sum 2026,UMNDL,UMNDL,STAT,1411,001,Intro to Statistics,A,18,10,PI,"Madiwala Liyanage,Dananjani Madhushika Perera",Assistant Professor,dmadiwal
1265,Sum 2026,UMNDL,UMNDL,STAT,1411,001,Intro to Statistics,A-,18,5,PI,"Madiwala Liyanage,Dananjani Madhushika Perera",Assistant Professor,dmadiwal
1265,Sum 2026,UMNDL,UMNDL,STAT,1411,001,Intro to Statistics,B+,18,1,PI,"Madiwala Liyanage,Dananjani Madhushika Perera",Assistant Professor,dmadiwal
1265,Sum 2026,UMNDL,UMNDL,STAT,1411,001,Intro to Statistics,F,18,2,PI,"Madiwala Liyanage,Dananjani Madhushika Perera",Assistant Professor,dmadiwal
1265,Sum 2026,UMNMO,UMNMO,STAT,1601,098,Introduction to Statistics,A,14,13,PI,"Kim,Jong-Min",Professor,jongmink
1265,Sum 2026,UMNMO,UMNMO,STAT,1601,098,Introduction to Statistics,F,14,1,PI,"Kim,Jong-Min",Professor,jongmink
1265,Sum 2026,UMNDL,UMNDL,STAT,2411,001,Statistical Methods,A,11,7,PI,"Basu,Devjani",Teaching Assistant Professor,devjanib
1265,Sum 2026,UMNDL,UMNDL,STAT,2411,001,Statistical Methods,B,11,1,PI,"Basu,Devjani",Teaching Assistant Professor,devjanib
1265,Sum 2026,UMNDL,UMNDL,STAT,2411,001,Statistical Methods,B+,11,1,PI,"Basu,Devjani",Teaching Assistant Professor,devjanib
1265,Sum 2026,UMNDL,UMNDL,STAT,2411,001,Statistical Methods,F,11,1,PI,"Basu,Devjani",Teaching Assistant Professor,devjanib
1265,Sum 2026,UMNDL,UMNDL,STAT,2411,001,Statistical Methods,W,11,1,PI,"Basu,Devjani",Teaching Assistant Professor,devjanib
1265,Sum 2026,UMNTC,UMNTC,STAT,3011,002,Intro Statistical Analysis,A-,27,3,,,,
1265,Sum 2026,UMNTC,UMNTC,STAT,3011,002,Intro Statistical Analysis,B,27,4,,,,
1265,Sum 2026,UMNTC,UMNTC,STAT,3011,002,Intro Statistical Analysis,B+,27,1,,,,
1265,Sum 2026,UMNTC,UMNTC,STAT,3011,002,Intro Statistical Analysis,C,27,2,,,,
1265,Sum 2026,UMNTC,UMNTC,STAT,3011,002,Intro Statistical Analysis,C+,27,3,,,,
1265,Sum 2026,UMNTC,UMNTC,STAT,3011,002,Intro Statistical Analysis,D,27,5,,,,
1265,Sum 2026,UMNTC,UMNTC,STAT,3011,002,Intro Statistical Analysis,F,27,5,,,,
1265,Sum 2026,UMNTC,UMNTC,STAT,3011,002,Intro Statistical Analysis,W,27,4,,,,
1265,Sum 2026,UMNTC,UMNTC,STAT,3011,884,Intro Statistical Analysis,A,16,3,PI,"Miller,Jesse",,
1265,Sum 2026,UMNTC,UMNTC,STAT,3011,884,Intro Statistical Analysis,A-,16,1,PI,"Miller,Jesse",,
1265,Sum 2026,UMNTC,UMNTC,STAT,3011,884,Intro Statistical Analysis,B,16,3,PI,"Miller,Jesse",,
1265,Sum 2026,UMNTC,UMNTC,STAT,3011,884,Intro Statistical Analysis,B+,16,2,PI,"Miller,Jesse",,
1265,Sum 2026,UMNTC,UMNTC,STAT,3011,884,Intro Statistical Analysis,C,16,1,PI,"Miller,Jesse",,
1265,Sum 2026,UMNTC,UMNTC,STAT,3011,884,Intro Statistical Analysis,C+,16,2,PI,"Miller,Jesse",,
1265,Sum 2026,UMNTC,UMNTC,STAT,3011,884,Intro Statistical Analysis,D,16,1,PI,"Miller,Jesse",,
1265,Sum 2026,UMNTC,UMNTC,STAT,3011,884,Intro Statistical Analysis,W,16,3,PI,"Miller,Jesse",,
1265,Sum 2026,UMNTC,UMNTC,STAT,3021,001,Intro Probability & Statistics,A,21,8,PI,"Zhou,Rui",,
1265,Sum 2026,UMNTC,UMNTC,STAT,3021,001,Intro Probability & Statistics,A-,21,2,PI,"Zhou,Rui",,
1265,Sum 2026,UMNTC,UMNTC,STAT,3021,001,Intro Probability & Statistics,B,21,3,PI,"Zhou,Rui",,
1265,Sum 2026,UMNTC,UMNTC,STAT,3021,001,Intro Probability & Statistics,B+,21,2,PI,"Zhou,Rui",,
1265,Sum 2026,UMNTC,UMNTC,STAT,3021,001,Intro Probability & Statistics,B-,21,2,PI,"Zhou,Rui",,
1265,Sum 2026,UMNTC,UMNTC,STAT,3021,001,Intro Probability & Statistics,C+,21,2,PI,"Zhou,Rui",,
1265,Sum 2026,UMNTC,UMNTC,STAT,3021,001,Intro Probability & Statistics,W,21,2,PI,"Zhou,Rui",,
1265,Sum 2026,UMNTC,UMNTC,STAT,3032,002,Regression and Correlated Data,A,22,4,,,,
1265,Sum 2026,UMNTC,UMNTC,STAT,3032,002,Regression and Correlated Data,A-,22,4,,,,
1265,Sum 2026,UMNTC,UMNTC,STAT,3032,002,Regression and Correlated Data,B,22,5,,,,
1265,Sum 2026,UMNTC,UMNTC,STAT,3032,002,Regression and Correlated Data,B+,22,3,,,,
1265,Sum 2026,UMNTC,UMNTC,STAT,3032,002,Regression and Correlated Data,B-,22,1,,,,
1265,Sum 2026,UMNTC,UMNTC,STAT,3032,002,Regression and Correlated Data,W,22,5,,,,
1265,Sum 2026,UMNTC,UMNTC,STAT,3032,884,Regression and Correlated Data,A,12,3,PI,"Lee,Seung Won",,
1265,Sum 2026,UMNTC,UMNTC,STAT,3032,884,Regression and Correlated Data,A-,12,1,PI,"Lee,Seung Won",,
1265,Sum 2026,UMNTC,UMNTC,STAT,3032,884,Regression and Correlated Data,B,12,2,PI,"Lee,Seung Won",,
1265,Sum 2026,UMNTC,UMNTC,STAT,3032,884,Regression and Correlated Data,B+,12,1,PI,"Lee,Seung Won",,
1265,Sum 2026,UMNTC,UMNTC,STAT,3032,884,Regression and Correlated Data,B-,12,1,PI,"Lee,Seung Won",,
1265,Sum 2026,UMNTC,UMNTC,STAT,3032,884,Regression and Correlated Data,F,12,2,PI,"Lee,Seung Won",,
1265,Sum 2026,UMNTC,UMNTC,STAT,3032,884,Regression and Correlated Data,W,12,2,PI,"Lee,Seung Won",,
1265,Sum 2026,UMNDL,UMNDL,STAT,3411,001,Engineering Statistics,A,24,18,PI,"Johnson,Adam Jeffrey",Teaching Assistant Professor,adamjohn
1265,Sum 2026,UMNDL,UMNDL,STAT,3411,001,Engineering Statistics,A-,24,2,PI,"Johnson,Adam Jeffrey",Teaching Assistant Professor,adamjohn
1265,Sum 2026,UMNDL,UMNDL,STAT,3411,001,Engineering Statistics,B,24,1,PI,"Johnson,Adam Jeffrey",Teaching Assistant Professor,adamjohn
1265,Sum 2026,UMNDL,UMNDL,STAT,3411,001,Engineering Statistics,B-,24,3,PI,"Johnson,Adam Jeffrey",Teaching Assistant Professor,adamjohn
1265,Sum 2026,UMNDL,UMNDL,STAT,3611,001,"Intro Probability, Statistics",A,20,3,PI,"Qi,Yongcheng",Professor,yqi
1265,Sum 2026,UMNDL,UMNDL,STAT,3611,001,"Intro Probability, Statistics",B,20,1,PI,"Qi,Yongcheng",Professor,yqi
1265,Sum 2026,UMNDL,UMNDL,STAT,3611,001,"Intro Probability, Statistics",B-,20,3,PI,"Qi,Yongcheng",Professor,yqi
1265,Sum 2026,UMNDL,UMNDL,STAT,3611,001,"Intro Probability, Statistics",C+,20,1,PI,"Qi,Yongcheng",Professor,yqi
1265,Sum 2026,UMNDL,UMNDL,STAT,3611,001,"Intro Probability, Statistics",C-,20,4,PI,"Qi,Yongcheng",Professor,yqi
1265,Sum 2026,UMNDL,UMNDL,STAT,3611,001,"Intro Probability, Statistics",D+,20,1,PI,"Qi,Yongcheng",Professor,yqi
1265,Sum 2026,UMNDL,UMNDL,STAT,3611,001,"Intro Probability, Statistics",F,20,1,PI,"Qi,Yongcheng",Professor,yqi
1265,Sum 2026,UMNDL,UMNDL,STAT,3611,001,"Intro Probability, Statistics",W,20,6,PI,"Qi,Yongcheng",Professor,yqi
1265,Sum 2026,UMNTC,UMNTC,STAT,4051,002,Statistical Machine Learning I,A,11,8,PI,"Koo,HJ",,
1265,Sum 2026,UMNTC,UMNTC,STAT,4051,002,Statistical Machine Learning I,B,11,1,PI,"Koo,HJ",,
1265,Sum 2026,UMNTC,UMNTC,STAT,4051,002,Statistical Machine Learning I,B-,11,1,PI,"Koo,HJ",,
1265,Sum 2026,UMNTC,UMNTC,STAT,4051,002,Statistical Machine Learning I,C-,11,1,PI,"Koo,HJ",,
1265,Sum 2026,UMNTC,UMNTC,STAT,5101,002,Theory of Statistics I,A,19,12,,,,
1265,Sum 2026,UMNTC,UMNTC,STAT,5101,002,Theory of Statistics I,A-,19,3,,,,
1265,Sum 2026,UMNTC,UMNTC,STAT,5101,002,Theory of Statistics I,B+,19,1,,,,
1265,Sum 2026,UMNTC,UMNTC,STAT,5101,002,Theory of Statistics I,C+,19,1,,,,
1265,Sum 2026,UMNTC,UMNTC,STAT,5101,002,Theory of Statistics I,C-,19,2,,,,
1265,Sum 2026,UMNTC,UMNTC,STAT,5101,884,Theory of Statistics I,A,13,8,PI,"Adepoju,Kazeem",Senior Lecturer,kadepoju
1265,Sum 2026,UMNTC,UMNTC,STAT,5101,884,Theory of Statistics I,A-,13,3,PI,"Adepoju,Kazeem",Senior Lecturer,kadepoju
1265,Sum 2026,UMNTC,UMNTC,STAT,5101,884,Theory of Statistics I,B,13,1,PI,"Adepoju,Kazeem",Senior Lecturer,kadepoju
1265,Sum 2026,UMNTC,UMNTC,STAT,5101,884,Theory of Statistics I,B+,13,1,PI,"Adepoju,Kazeem",Senior Lecturer,kadepoju
1265,Sum 2026,UMNDL,UMNDL,SW,1210,050,Global Issues,A,16,12,PI,"McClung,Taylor",MN Paid Leave,mcclu278
1265,Sum 2026,UMNDL,UMNDL,SW,1210,050,Global Issues,C,16,1,PI,"McClung,Taylor",MN Paid Leave,mcclu278
1265,Sum 2026,UMNDL,UMNDL,SW,1210,050,Global Issues,C+,16,1,PI,"McClung,Taylor",MN Paid Leave,mcclu278
1265,Sum 2026,UMNDL,UMNDL,SW,1210,050,Global Issues,C-,16,1,PI,"McClung,Taylor",MN Paid Leave,mcclu278
1265,Sum 2026,UMNDL,UMNDL,SW,1210,050,Global Issues,F,16,1,PI,"McClung,Taylor",MN Paid Leave,mcclu278
1265,Sum 2026,UMNDL,UMNDL,SW,1619,050,"Race, Class, Gender in U.S.",A,22,15,PI,"Knochel,Abel",Associate Professor,aknochel
1265,Sum 2026,UMNDL,UMNDL,SW,1619,050,"Race, Class, Gender in U.S.",A-,22,3,PI,"Knochel,Abel",Associate Professor,aknochel
1265,Sum 2026,UMNDL,UMNDL,SW,1619,050,"Race, Class, Gender in U.S.",B+,22,4,PI,"Knochel,Abel",Associate Professor,aknochel
1265,Sum 2026,UMNDL,UMNDL,SW,5144,050,"Grief, Loss and Coping",A,12,11,PI,"Ostrander,Nomi Noam",Associate Professor,nomi
1265,Sum 2026,UMNDL,UMNDL,SW,5144,050,"Grief, Loss and Coping",B-,12,1,PI,"Ostrander,Nomi Noam",Associate Professor,nomi
1265,Sum 2026,UMNTC,UMNTC,SW,5201,001,Substance Use and COD,A,16,14,PI,"Rohovit,Julie L",Ed Mgr 2-Ed Ops/Admin,rohov001
1265,Sum 2026,UMNTC,UMNTC,SW,5201,001,Substance Use and COD,B+,16,2,PI,"Rohovit,Julie L",Ed Mgr 2-Ed Ops/Admin,rohov001
1265,Sum 2026,UMNDL,UMNDL,SW,5215,050,Trauma Informed Practice,A,12,4,PI,"Banks,Anthony Jason",Assistant Professor,abanks
1265,Sum 2026,UMNDL,UMNDL,SW,5215,050,Trauma Informed Practice,A-,12,2,PI,"Banks,Anthony Jason",Assistant Professor,abanks
1265,Sum 2026,UMNDL,UMNDL,SW,5215,050,Trauma Informed Practice,B+,12,1,PI,"Banks,Anthony Jason",Assistant Professor,abanks
1265,Sum 2026,UMNDL,UMNDL,SW,5215,050,Trauma Informed Practice,B-,12,1,PI,"Banks,Anthony Jason",Assistant Professor,abanks
1265,Sum 2026,UMNDL,UMNDL,SW,5215,050,Trauma Informed Practice,C,12,1,PI,"Banks,Anthony Jason",Assistant Professor,abanks
1265,Sum 2026,UMNDL,UMNDL,SW,5215,050,Trauma Informed Practice,C+,12,1,PI,"Banks,Anthony Jason",Assistant Professor,abanks
1265,Sum 2026,UMNDL,UMNDL,SW,5215,050,Trauma Informed Practice,F,12,2,PI,"Banks,Anthony Jason",Assistant Professor,abanks
1265,Sum 2026,UMNTC,UMNTC,SW,5913,001,Wrkg Immigrant Populations,A,12,11,PI,"Cisneros,Katrina",Senior Teaching Specialist,cisne059
1265,Sum 2026,UMNTC,UMNTC,SW,5913,001,Wrkg Immigrant Populations,A-,12,1,PI,"Cisneros,Katrina",Senior Teaching Specialist,cisne059
1265,Sum 2026,UMNDL,UMNDL,SW,8102,030,Advanced Research,A,25,21,PI,"Phillips,Jonathan James",Assistant Professor,phil0309
1265,Sum 2026,UMNDL,UMNDL,SW,8102,030,Advanced Research,A-,25,1,PI,"Phillips,Jonathan James",Assistant Professor,phil0309
1265,Sum 2026,UMNDL,UMNDL,SW,8102,030,Advanced Research,B,25,1,PI,"Phillips,Jonathan James",Assistant Professor,phil0309
1265,Sum 2026,UMNDL,UMNDL,SW,8102,030,Advanced Research,B+,25,1,PI,"Phillips,Jonathan James",Assistant Professor,phil0309
1265,Sum 2026,UMNDL,UMNDL,SW,8102,030,Advanced Research,F,25,1,PI,"Phillips,Jonathan James",Assistant Professor,phil0309
1265,Sum 2026,UMNTC,UMNTC,SW,8451,001,Assess Engage Clin SW Pract,A,31,25,PI,"Stiber,Jill M",Senior Teaching Specialist,stibe001
1265,Sum 2026,UMNTC,UMNTC,SW,8451,001,Assess Engage Clin SW Pract,A-,31,5,PI,"Stiber,Jill M",Senior Teaching Specialist,stibe001
1265,Sum 2026,UMNTC,UMNTC,SW,8451,001,Assess Engage Clin SW Pract,B+,31,1,PI,"Stiber,Jill M",Senior Teaching Specialist,stibe001
1265,Sum 2026,UMNTC,UMNTC,SW,8821,001,"SW & Differ, Divers & Privil",A,22,19,PI,"Tyson,Tysen",,
1265,Sum 2026,UMNTC,UMNTC,SW,8821,001,"SW & Differ, Divers & Privil",A-,22,3,PI,"Tyson,Tysen",,
1265,Sum 2026,UMNTC,UMNTC,SW,8821,002,"SW & Differ, Divers & Privil",A,10,9,PI,"Shain,Albertine Lara",Senior Lecturer,shain018
1265,Sum 2026,UMNTC,UMNTC,SW,8821,002,"SW & Differ, Divers & Privil",B+,10,1,PI,"Shain,Albertine Lara",Senior Lecturer,shain018
1265,Sum 2026,UMNTC,UMNTC,SW,8842,001,Adv SW Eval,A,16,10,PI,"Choy-Brown,Mimi",Associate Professor,mchoybro
1265,Sum 2026,UMNTC,UMNTC,SW,8842,001,Adv SW Eval,A-,16,3,PI,"Choy-Brown,Mimi",Associate Professor,mchoybro
1265,Sum 2026,UMNTC,UMNTC,SW,8842,001,Adv SW Eval,B,16,1,PI,"Choy-Brown,Mimi",Associate Professor,mchoybro
1265,Sum 2026,UMNTC,UMNTC,SW,8842,001,Adv SW Eval,B+,16,2,PI,"Choy-Brown,Mimi",Associate Professor,mchoybro
1265,Sum 2026,UMNTC,UMNTC,TLDO,3044,500,Medical Spanish,A,10,6,PI,,,
1265,Sum 2026,UMNTC,UMNTC,TLDO,3044,500,Medical Spanish,A-,10,1,PI,,,
1265,Sum 2026,UMNTC,UMNTC,TLDO,3044,500,Medical Spanish,B+,10,3,PI,,,
1265,Sum 2026,UMNTC,UMNTC,TLDO,3895,500,Health Internship,A,15,14,PI,,,
1265,Sum 2026,UMNTC,UMNTC,TLDO,3895,500,Health Internship,A-,15,1,PI,,,
1265,Sum 2026,UMNTC,UMNTC,VBS,2032,002,General Microbiology w/Lab,A,34,10,PI,"Foster Hartnett,Dawn Marie",Associate Professor,dmfoster
1265,Sum 2026,UMNTC,UMNTC,VBS,2032,002,General Microbiology w/Lab,A-,34,5,PI,"Foster Hartnett,Dawn Marie",Associate Professor,dmfoster
1265,Sum 2026,UMNTC,UMNTC,VBS,2032,002,General Microbiology w/Lab,B,34,4,PI,"Foster Hartnett,Dawn Marie",Associate Professor,dmfoster
1265,Sum 2026,UMNTC,UMNTC,VBS,2032,002,General Microbiology w/Lab,B+,34,3,PI,"Foster Hartnett,Dawn Marie",Associate Professor,dmfoster
1265,Sum 2026,UMNTC,UMNTC,VBS,2032,002,General Microbiology w/Lab,B-,34,2,PI,"Foster Hartnett,Dawn Marie",Associate Professor,dmfoster
1265,Sum 2026,UMNTC,UMNTC,VBS,2032,002,General Microbiology w/Lab,C+,34,4,PI,"Foster Hartnett,Dawn Marie",Associate Professor,dmfoster
1265,Sum 2026,UMNTC,UMNTC,VBS,2032,002,General Microbiology w/Lab,C-,34,3,PI,"Foster Hartnett,Dawn Marie",Associate Professor,dmfoster
1265,Sum 2026,UMNTC,UMNTC,VBS,2032,002,General Microbiology w/Lab,D,34,2,PI,"Foster Hartnett,Dawn Marie",Associate Professor,dmfoster
1265,Sum 2026,UMNTC,UMNTC,VBS,2032,002,General Microbiology w/Lab,W,34,1,PI,"Foster Hartnett,Dawn Marie",Associate Professor,dmfoster
1265,Sum 2026,UMNDL,UMNDL,WRIT,1120,080,College Writing,A,22,7,PI,"Skar,Gwen Elizabeth",Instructor,gskar
1265,Sum 2026,UMNDL,UMNDL,WRIT,1120,080,College Writing,A-,22,3,PI,"Skar,Gwen Elizabeth",Instructor,gskar
1265,Sum 2026,UMNDL,UMNDL,WRIT,1120,080,College Writing,B,22,1,PI,"Skar,Gwen Elizabeth",Instructor,gskar
1265,Sum 2026,UMNDL,UMNDL,WRIT,1120,080,College Writing,B+,22,4,PI,"Skar,Gwen Elizabeth",Instructor,gskar
1265,Sum 2026,UMNDL,UMNDL,WRIT,1120,080,College Writing,B-,22,2,PI,"Skar,Gwen Elizabeth",Instructor,gskar
1265,Sum 2026,UMNDL,UMNDL,WRIT,1120,080,College Writing,D,22,1,PI,"Skar,Gwen Elizabeth",Instructor,gskar
1265,Sum 2026,UMNDL,UMNDL,WRIT,1120,080,College Writing,F,22,4,PI,"Skar,Gwen Elizabeth",Instructor,gskar
1265,Sum 2026,UMNDL,UMNDL,WRIT,1120,081,College Writing,A,19,6,PI,"Carlson,Kendra Marie",Senior Instructor UEA,kmcarlso
1265,Sum 2026,UMNDL,UMNDL,WRIT,1120,081,College Writing,A-,19,3,PI,"Carlson,Kendra Marie",Senior Instructor UEA,kmcarlso
1265,Sum 2026,UMNDL,UMNDL,WRIT,1120,081,College Writing,C,19,3,PI,"Carlson,Kendra Marie",Senior Instructor UEA,kmcarlso
1265,Sum 2026,UMNDL,UMNDL,WRIT,1120,081,College Writing,F,19,7,PI,"Carlson,Kendra Marie",Senior Instructor UEA,kmcarlso
1265,Sum 2026,UMNTC,UMNTC,WRIT,1301,001,University Writing,A,16,6,PI,"Power-Luetscher,Ian Jacob",Lecturer,powe0313
1265,Sum 2026,UMNTC,UMNTC,WRIT,1301,001,University Writing,A-,16,2,PI,"Power-Luetscher,Ian Jacob",Lecturer,powe0313
1265,Sum 2026,UMNTC,UMNTC,WRIT,1301,001,University Writing,B,16,1,PI,"Power-Luetscher,Ian Jacob",Lecturer,powe0313
1265,Sum 2026,UMNTC,UMNTC,WRIT,1301,001,University Writing,B+,16,2,PI,"Power-Luetscher,Ian Jacob",Lecturer,powe0313
1265,Sum 2026,UMNTC,UMNTC,WRIT,1301,001,University Writing,B-,16,1,PI,"Power-Luetscher,Ian Jacob",Lecturer,powe0313
1265,Sum 2026,UMNTC,UMNTC,WRIT,1301,001,University Writing,C-,16,1,PI,"Power-Luetscher,Ian Jacob",Lecturer,powe0313
1265,Sum 2026,UMNTC,UMNTC,WRIT,1301,001,University Writing,F,16,1,PI,"Power-Luetscher,Ian Jacob",Lecturer,powe0313
1265,Sum 2026,UMNTC,UMNTC,WRIT,1301,001,University Writing,W,16,2,PI,"Power-Luetscher,Ian Jacob",Lecturer,powe0313
1265,Sum 2026,UMNTC,UMNTC,WRIT,1301,002,University Writing,A,15,8,PI,"Christian,William Jackson",Lecturer,christiw
1265,Sum 2026,UMNTC,UMNTC,WRIT,1301,002,University Writing,A-,15,1,PI,"Christian,William Jackson",Lecturer,christiw
1265,Sum 2026,UMNTC,UMNTC,WRIT,1301,002,University Writing,B+,15,2,PI,"Christian,William Jackson",Lecturer,christiw
1265,Sum 2026,UMNTC,UMNTC,WRIT,1301,002,University Writing,F,15,2,PI,"Christian,William Jackson",Lecturer,christiw
1265,Sum 2026,UMNTC,UMNTC,WRIT,1301,002,University Writing,W,15,2,PI,"Christian,William Jackson",Lecturer,christiw
1265,Sum 2026,UMNTC,UMNTC,WRIT,1301,003,University Writing,A-,10,1,PI,"Strain,Kimberley Ann",Senior Lecturer,strai004
1265,Sum 2026,UMNTC,UMNTC,WRIT,1301,003,University Writing,B,10,1,PI,"Strain,Kimberley Ann",Senior Lecturer,strai004
1265,Sum 2026,UMNTC,UMNTC,WRIT,1301,003,University Writing,C,10,1,PI,"Strain,Kimberley Ann",Senior Lecturer,strai004
1265,Sum 2026,UMNTC,UMNTC,WRIT,1301,003,University Writing,C+,10,1,PI,"Strain,Kimberley Ann",Senior Lecturer,strai004
1265,Sum 2026,UMNTC,UMNTC,WRIT,1301,003,University Writing,F,10,3,PI,"Strain,Kimberley Ann",Senior Lecturer,strai004
1265,Sum 2026,UMNTC,UMNTC,WRIT,1301,003,University Writing,W,10,3,PI,"Strain,Kimberley Ann",Senior Lecturer,strai004
1265,Sum 2026,UMNTC,UMNTC,WRIT,1301,004,University Writing,A,13,4,PI,"Saadi,Hanan",Lecturer,saadi008
1265,Sum 2026,UMNTC,UMNTC,WRIT,1301,004,University Writing,A-,13,2,PI,"Saadi,Hanan",Lecturer,saadi008
1265,Sum 2026,UMNTC,UMNTC,WRIT,1301,004,University Writing,B,13,2,PI,"Saadi,Hanan",Lecturer,saadi008
1265,Sum 2026,UMNTC,UMNTC,WRIT,1301,004,University Writing,B-,13,1,PI,"Saadi,Hanan",Lecturer,saadi008
1265,Sum 2026,UMNTC,UMNTC,WRIT,1301,004,University Writing,C,13,1,PI,"Saadi,Hanan",Lecturer,saadi008
1265,Sum 2026,UMNTC,UMNTC,WRIT,1301,004,University Writing,F,13,1,PI,"Saadi,Hanan",Lecturer,saadi008
1265,Sum 2026,UMNTC,UMNTC,WRIT,1301,004,University Writing,W,13,2,PI,"Saadi,Hanan",Lecturer,saadi008
1265,Sum 2026,UMNTC,UMNTC,WRIT,1301,005,University Writing,A,12,4,PI,"Reynolds,Dylan",Lecturer,reyno656
1265,Sum 2026,UMNTC,UMNTC,WRIT,1301,005,University Writing,A-,12,3,PI,"Reynolds,Dylan",Lecturer,reyno656
1265,Sum 2026,UMNTC,UMNTC,WRIT,1301,005,University Writing,B+,12,1,PI,"Reynolds,Dylan",Lecturer,reyno656
1265,Sum 2026,UMNTC,UMNTC,WRIT,1301,005,University Writing,B-,12,1,PI,"Reynolds,Dylan",Lecturer,reyno656
1265,Sum 2026,UMNTC,UMNTC,WRIT,1301,005,University Writing,C,12,1,PI,"Reynolds,Dylan",Lecturer,reyno656
1265,Sum 2026,UMNTC,UMNTC,WRIT,1301,005,University Writing,F,12,1,PI,"Reynolds,Dylan",Lecturer,reyno656
1265,Sum 2026,UMNTC,UMNTC,WRIT,1301,005,University Writing,W,12,1,PI,"Reynolds,Dylan",Lecturer,reyno656
1265,Sum 2026,UMNTC,UMNTC,WRIT,1301,006,University Writing,A,15,11,PI,"Ramirez,Nen G",Lecturer,ramir506
1265,Sum 2026,UMNTC,UMNTC,WRIT,1301,006,University Writing,A-,15,3,PI,"Ramirez,Nen G",Lecturer,ramir506
1265,Sum 2026,UMNTC,UMNTC,WRIT,1301,006,University Writing,F,15,1,PI,"Ramirez,Nen G",Lecturer,ramir506
1265,Sum 2026,UMNTC,UMNTC,WRIT,3029W,001,Business and Prof.  Writing,A,20,13,PI,"Hessel-Mial,Michael Phillip Karl",Lecturer,hesse072
1265,Sum 2026,UMNTC,UMNTC,WRIT,3029W,001,Business and Prof.  Writing,A-,20,1,PI,"Hessel-Mial,Michael Phillip Karl",Lecturer,hesse072
1265,Sum 2026,UMNTC,UMNTC,WRIT,3029W,001,Business and Prof.  Writing,B,20,1,PI,"Hessel-Mial,Michael Phillip Karl",Lecturer,hesse072
1265,Sum 2026,UMNTC,UMNTC,WRIT,3029W,001,Business and Prof.  Writing,B+,20,1,PI,"Hessel-Mial,Michael Phillip Karl",Lecturer,hesse072
1265,Sum 2026,UMNTC,UMNTC,WRIT,3029W,001,Business and Prof.  Writing,B-,20,1,PI,"Hessel-Mial,Michael Phillip Karl",Lecturer,hesse072
1265,Sum 2026,UMNTC,UMNTC,WRIT,3029W,001,Business and Prof.  Writing,C+,20,1,PI,"Hessel-Mial,Michael Phillip Karl",Lecturer,hesse072
1265,Sum 2026,UMNTC,UMNTC,WRIT,3029W,001,Business and Prof.  Writing,C-,20,1,PI,"Hessel-Mial,Michael Phillip Karl",Lecturer,hesse072
1265,Sum 2026,UMNTC,UMNTC,WRIT,3029W,001,Business and Prof.  Writing,F,20,1,PI,"Hessel-Mial,Michael Phillip Karl",Lecturer,hesse072
1265,Sum 2026,UMNTC,UMNTC,WRIT,3029W,002,Business and Prof.  Writing,A,21,16,PI,"Mussack,Brigitte Nicole",Ed Pro 4-Ed Prog Dev & Implmt,muss0039
1265,Sum 2026,UMNTC,UMNTC,WRIT,3029W,002,Business and Prof.  Writing,B,21,1,PI,"Mussack,Brigitte Nicole",Ed Pro 4-Ed Prog Dev & Implmt,muss0039
1265,Sum 2026,UMNTC,UMNTC,WRIT,3029W,002,Business and Prof.  Writing,B+,21,1,PI,"Mussack,Brigitte Nicole",Ed Pro 4-Ed Prog Dev & Implmt,muss0039
1265,Sum 2026,UMNTC,UMNTC,WRIT,3029W,002,Business and Prof.  Writing,C+,21,2,PI,"Mussack,Brigitte Nicole",Ed Pro 4-Ed Prog Dev & Implmt,muss0039
1265,Sum 2026,UMNTC,UMNTC,WRIT,3029W,002,Business and Prof.  Writing,F,21,1,PI,"Mussack,Brigitte Nicole",Ed Pro 4-Ed Prog Dev & Implmt,muss0039
1265,Sum 2026,UMNDL,UMNDL,WRIT,3110,080,Adv Writing: Arts and Letters,A,21,13,PI,"Horton,Lisa M",Teaching Associate Professor,lhorton
1265,Sum 2026,UMNDL,UMNDL,WRIT,3110,080,Adv Writing: Arts and Letters,A-,21,2,PI,"Horton,Lisa M",Teaching Associate Professor,lhorton
1265,Sum 2026,UMNDL,UMNDL,WRIT,3110,080,Adv Writing: Arts and Letters,B,21,2,PI,"Horton,Lisa M",Teaching Associate Professor,lhorton
1265,Sum 2026,UMNDL,UMNDL,WRIT,3110,080,Adv Writing: Arts and Letters,C+,21,1,PI,"Horton,Lisa M",Teaching Associate Professor,lhorton
1265,Sum 2026,UMNDL,UMNDL,WRIT,3110,080,Adv Writing: Arts and Letters,F,21,3,PI,"Horton,Lisa M",Teaching Associate Professor,lhorton
1265,Sum 2026,UMNDL,UMNDL,WRIT,3121,080,Adv Writ: Business & Org,A,18,4,PI,"Sowers-Wills,Sara",Teaching Assistant Professor,sowe0034
1265,Sum 2026,UMNDL,UMNDL,WRIT,3121,080,Adv Writ: Business & Org,A-,18,2,PI,"Sowers-Wills,Sara",Teaching Assistant Professor,sowe0034
1265,Sum 2026,UMNDL,UMNDL,WRIT,3121,080,Adv Writ: Business & Org,B,18,4,PI,"Sowers-Wills,Sara",Teaching Assistant Professor,sowe0034
1265,Sum 2026,UMNDL,UMNDL,WRIT,3121,080,Adv Writ: Business & Org,B+,18,3,PI,"Sowers-Wills,Sara",Teaching Assistant Professor,sowe0034
1265,Sum 2026,UMNDL,UMNDL,WRIT,3121,080,Adv Writ: Business & Org,B-,18,1,PI,"Sowers-Wills,Sara",Teaching Assistant Professor,sowe0034
1265,Sum 2026,UMNDL,UMNDL,WRIT,3121,080,Adv Writ: Business & Org,C+,18,1,PI,"Sowers-Wills,Sara",Teaching Assistant Professor,sowe0034
1265,Sum 2026,UMNDL,UMNDL,WRIT,3121,080,Adv Writ: Business & Org,D,18,1,PI,"Sowers-Wills,Sara",Teaching Assistant Professor,sowe0034
1265,Sum 2026,UMNDL,UMNDL,WRIT,3121,080,Adv Writ: Business & Org,F,18,1,PI,"Sowers-Wills,Sara",Teaching Assistant Professor,sowe0034
1265,Sum 2026,UMNDL,UMNDL,WRIT,3121,080,Adv Writ: Business & Org,W,18,1,PI,"Sowers-Wills,Sara",Teaching Assistant Professor,sowe0034
1265,Sum 2026,UMNDL,UMNDL,WRIT,3130,080,Adv Writ: Engineering,A,20,16,PI,"King,Faith Victoria",Instructor,kingfv
1265,Sum 2026,UMNDL,UMNDL,WRIT,3130,080,Adv Writ: Engineering,B-,20,1,PI,"King,Faith Victoria",Instructor,kingfv
1265,Sum 2026,UMNDL,UMNDL,WRIT,3130,080,Adv Writ: Engineering,C,20,1,PI,"King,Faith Victoria",Instructor,kingfv
1265,Sum 2026,UMNDL,UMNDL,WRIT,3130,080,Adv Writ: Engineering,C+,20,1,PI,"King,Faith Victoria",Instructor,kingfv
1265,Sum 2026,UMNDL,UMNDL,WRIT,3130,080,Adv Writ: Engineering,W,20,1,PI,"King,Faith Victoria",Instructor,kingfv
1265,Sum 2026,UMNDL,UMNDL,WRIT,3130,081,Adv Writ: Engineering,A,12,9,PI,"Beard,David Edward",Professor,dbeard
1265,Sum 2026,UMNDL,UMNDL,WRIT,3130,081,Adv Writ: Engineering,B,12,1,PI,"Beard,David Edward",Professor,dbeard
1265,Sum 2026,UMNDL,UMNDL,WRIT,3130,081,Adv Writ: Engineering,C,12,1,PI,"Beard,David Edward",Professor,dbeard
1265,Sum 2026,UMNDL,UMNDL,WRIT,3130,081,Adv Writ: Engineering,F,12,1,PI,"Beard,David Edward",Professor,dbeard
1265,Sum 2026,UMNDL,UMNDL,WRIT,3140,080,Adv Writ: Human Services,A,22,13,PI,"Ditzler,Scott",Teaching Assistant Professor,ditzl019
1265,Sum 2026,UMNDL,UMNDL,WRIT,3140,080,Adv Writ: Human Services,B,22,1,PI,"Ditzler,Scott",Teaching Assistant Professor,ditzl019
1265,Sum 2026,UMNDL,UMNDL,WRIT,3140,080,Adv Writ: Human Services,B+,22,2,PI,"Ditzler,Scott",Teaching Assistant Professor,ditzl019
1265,Sum 2026,UMNDL,UMNDL,WRIT,3140,080,Adv Writ: Human Services,D,22,1,PI,"Ditzler,Scott",Teaching Assistant Professor,ditzl019
1265,Sum 2026,UMNDL,UMNDL,WRIT,3140,080,Adv Writ: Human Services,F,22,3,PI,"Ditzler,Scott",Teaching Assistant Professor,ditzl019
1265,Sum 2026,UMNDL,UMNDL,WRIT,3140,080,Adv Writ: Human Services,W,22,2,PI,"Ditzler,Scott",Teaching Assistant Professor,ditzl019
1265,Sum 2026,UMNDL,UMNDL,WRIT,3150,080,Adv Writ: Science,A,19,11,PI,"Boyle,Rebecca Juel",Teaching Assistant Professor,rjboyle
1265,Sum 2026,UMNDL,UMNDL,WRIT,3150,080,Adv Writ: Science,A-,19,2,PI,"Boyle,Rebecca Juel",Teaching Assistant Professor,rjboyle
1265,Sum 2026,UMNDL,UMNDL,WRIT,3150,080,Adv Writ: Science,B,19,2,PI,"Boyle,Rebecca Juel",Teaching Assistant Professor,rjboyle
1265,Sum 2026,UMNDL,UMNDL,WRIT,3150,080,Adv Writ: Science,B+,19,2,PI,"Boyle,Rebecca Juel",Teaching Assistant Professor,rjboyle
1265,Sum 2026,UMNDL,UMNDL,WRIT,3150,080,Adv Writ: Science,F,19,2,PI,"Boyle,Rebecca Juel",Teaching Assistant Professor,rjboyle
1265,Sum 2026,UMNDL,UMNDL,WRIT,3150,081,Adv Writ: Science,A-,14,3,PI,"Teschner,John Trigg",Teaching Assistant Professor,jteschne
1265,Sum 2026,UMNDL,UMNDL,WRIT,3150,081,Adv Writ: Science,B,14,1,PI,"Teschner,John Trigg",Teaching Assistant Professor,jteschne
1265,Sum 2026,UMNDL,UMNDL,WRIT,3150,081,Adv Writ: Science,C,14,1,PI,"Teschner,John Trigg",Teaching Assistant Professor,jteschne
1265,Sum 2026,UMNDL,UMNDL,WRIT,3150,081,Adv Writ: Science,C+,14,1,PI,"Teschner,John Trigg",Teaching Assistant Professor,jteschne
1265,Sum 2026,UMNDL,UMNDL,WRIT,3150,081,Adv Writ: Science,C-,14,3,PI,"Teschner,John Trigg",Teaching Assistant Professor,jteschne
1265,Sum 2026,UMNDL,UMNDL,WRIT,3150,081,Adv Writ: Science,F,14,5,PI,"Teschner,John Trigg",Teaching Assistant Professor,jteschne
1265,Sum 2026,UMNDL,UMNDL,WRIT,3160,080,Adv Writ: Social Sciences,A,22,9,PI,"Scarbrough,Burke",Associate Professor,bscarbro
1265,Sum 2026,UMNDL,UMNDL,WRIT,3160,080,Adv Writ: Social Sciences,B,22,2,PI,"Scarbrough,Burke",Associate Professor,bscarbro
1265,Sum 2026,UMNDL,UMNDL,WRIT,3160,080,Adv Writ: Social Sciences,C,22,2,PI,"Scarbrough,Burke",Associate Professor,bscarbro
1265,Sum 2026,UMNDL,UMNDL,WRIT,3160,080,Adv Writ: Social Sciences,C-,22,1,PI,"Scarbrough,Burke",Associate Professor,bscarbro
1265,Sum 2026,UMNDL,UMNDL,WRIT,3160,080,Adv Writ: Social Sciences,D+,22,1,PI,"Scarbrough,Burke",Associate Professor,bscarbro
1265,Sum 2026,UMNDL,UMNDL,WRIT,3160,080,Adv Writ: Social Sciences,F,22,5,PI,"Scarbrough,Burke",Associate Professor,bscarbro
1265,Sum 2026,UMNDL,UMNDL,WRIT,3160,080,Adv Writ: Social Sciences,W,22,2,PI,"Scarbrough,Burke",Associate Professor,bscarbro
1265,Sum 2026,UMNCR,UMNCR,WRIT,3303,E90,Writing in Your Profession,A,25,16,PI,"Kratwell,Paul",Assistant Professor,kratw031
1265,Sum 2026,UMNCR,UMNCR,WRIT,3303,E90,Writing in Your Profession,A-,25,1,PI,"Kratwell,Paul",Assistant Professor,kratw031
1265,Sum 2026,UMNCR,UMNCR,WRIT,3303,E90,Writing in Your Profession,B,25,2,PI,"Kratwell,Paul",Assistant Professor,kratw031
1265,Sum 2026,UMNCR,UMNCR,WRIT,3303,E90,Writing in Your Profession,C,25,2,PI,"Kratwell,Paul",Assistant Professor,kratw031
1265,Sum 2026,UMNCR,UMNCR,WRIT,3303,E90,Writing in Your Profession,D+,25,1,PI,"Kratwell,Paul",Assistant Professor,kratw031
1265,Sum 2026,UMNCR,UMNCR,WRIT,3303,E90,Writing in Your Profession,F,25,1,PI,"Kratwell,Paul",Assistant Professor,kratw031
1265,Sum 2026,UMNCR,UMNCR,WRIT,3303,E90,Writing in Your Profession,W,25,2,PI,"Kratwell,Paul",Assistant Professor,kratw031
1265,Sum 2026,UMNTC,UMNTC,WRIT,3562W,001,Tech & Professional Writing,A,21,11,PI,"Nichols,Capper",Senior Lecturer,nicho008
1265,Sum 2026,UMNTC,UMNTC,WRIT,3562W,001,Tech & Professional Writing,B,21,4,PI,"Nichols,Capper",Senior Lecturer,nicho008
1265,Sum 2026,UMNTC,UMNTC,WRIT,3562W,001,Tech & Professional Writing,B-,21,1,PI,"Nichols,Capper",Senior Lecturer,nicho008
1265,Sum 2026,UMNTC,UMNTC,WRIT,3562W,001,Tech & Professional Writing,C,21,2,PI,"Nichols,Capper",Senior Lecturer,nicho008
1265,Sum 2026,UMNTC,UMNTC,WRIT,3562W,001,Tech & Professional Writing,C-,21,1,PI,"Nichols,Capper",Senior Lecturer,nicho008
1265,Sum 2026,UMNTC,UMNTC,WRIT,3562W,001,Tech & Professional Writing,F,21,1,PI,"Nichols,Capper",Senior Lecturer,nicho008
1265,Sum 2026,UMNTC,UMNTC,WRIT,3562W,001,Tech & Professional Writing,W,21,1,PI,"Nichols,Capper",Senior Lecturer,nicho008
1265,Sum 2026,UMNTC,UMNTC,WRIT,3562W,002,Tech & Professional Writing,A,20,5,PI,"Moses,Joe",Senior Lecturer,moses004
1265,Sum 2026,UMNTC,UMNTC,WRIT,3562W,002,Tech & Professional Writing,A-,20,2,PI,"Moses,Joe",Senior Lecturer,moses004
1265,Sum 2026,UMNTC,UMNTC,WRIT,3562W,002,Tech & Professional Writing,B,20,3,PI,"Moses,Joe",Senior Lecturer,moses004
1265,Sum 2026,UMNTC,UMNTC,WRIT,3562W,002,Tech & Professional Writing,B+,20,1,PI,"Moses,Joe",Senior Lecturer,moses004
1265,Sum 2026,UMNTC,UMNTC,WRIT,3562W,002,Tech & Professional Writing,D,20,1,PI,"Moses,Joe",Senior Lecturer,moses004
1265,Sum 2026,UMNTC,UMNTC,WRIT,3562W,002,Tech & Professional Writing,F,20,6,PI,"Moses,Joe",Senior Lecturer,moses004
1265,Sum 2026,UMNTC,UMNTC,WRIT,3562W,002,Tech & Professional Writing,W,20,2,PI,"Moses,Joe",Senior Lecturer,moses004
1265,Sum 2026,UMNTC,UMNTC,WRIT,3562W,003,Tech & Professional Writing,A,20,15,PI,"R. Gonzalez,Vanessa",Lecturer,ramos328
1265,Sum 2026,UMNTC,UMNTC,WRIT,3562W,003,Tech & Professional Writing,A-,20,2,PI,"R. Gonzalez,Vanessa",Lecturer,ramos328
1265,Sum 2026,UMNTC,UMNTC,WRIT,3562W,003,Tech & Professional Writing,C-,20,1,PI,"R. Gonzalez,Vanessa",Lecturer,ramos328
1265,Sum 2026,UMNTC,UMNTC,WRIT,3562W,003,Tech & Professional Writing,F,20,2,PI,"R. Gonzalez,Vanessa",Lecturer,ramos328
1265,Sum 2026,UMNTC,UMNTC,WRIT,3562W,004,Tech & Professional Writing,A,22,12,PI,"Ladrillo Chamblee,Curtis",Lecturer,chamb726
1265,Sum 2026,UMNTC,UMNTC,WRIT,3562W,004,Tech & Professional Writing,B,22,1,PI,"Ladrillo Chamblee,Curtis",Lecturer,chamb726
1265,Sum 2026,UMNTC,UMNTC,WRIT,3562W,004,Tech & Professional Writing,C,22,3,PI,"Ladrillo Chamblee,Curtis",Lecturer,chamb726
1265,Sum 2026,UMNTC,UMNTC,WRIT,3562W,004,Tech & Professional Writing,F,22,4,PI,"Ladrillo Chamblee,Curtis",Lecturer,chamb726
1265,Sum 2026,UMNTC,UMNTC,WRIT,3562W,004,Tech & Professional Writing,W,22,2,PI,"Ladrillo Chamblee,Curtis",Lecturer,chamb726
1265,Sum 2026,UMNTC,UMNTC,WRIT,3562W,005,Tech & Professional Writing,A,21,9,PI,"Beam,Sara N.",Senior Lecturer,beam0053
1265,Sum 2026,UMNTC,UMNTC,WRIT,3562W,005,Tech & Professional Writing,A-,21,5,PI,"Beam,Sara N.",Senior Lecturer,beam0053
1265,Sum 2026,UMNTC,UMNTC,WRIT,3562W,005,Tech & Professional Writing,B,21,1,PI,"Beam,Sara N.",Senior Lecturer,beam0053
1265,Sum 2026,UMNTC,UMNTC,WRIT,3562W,005,Tech & Professional Writing,B+,21,1,PI,"Beam,Sara N.",Senior Lecturer,beam0053
1265,Sum 2026,UMNTC,UMNTC,WRIT,3562W,005,Tech & Professional Writing,C-,21,1,PI,"Beam,Sara N.",Senior Lecturer,beam0053
1265,Sum 2026,UMNTC,UMNTC,WRIT,3562W,005,Tech & Professional Writing,F,21,3,PI,"Beam,Sara N.",Senior Lecturer,beam0053
1265,Sum 2026,UMNTC,UMNTC,WRIT,3562W,005,Tech & Professional Writing,W,21,1,PI,"Beam,Sara N.",Senior Lecturer,beam0053
1265,Sum 2026,UMNTC,UMNTC,WRIT,3562W,006,Tech & Professional Writing,A,21,6,PI,"Jurisz,Rebecca Ann",Lecturer,juri0010
1265,Sum 2026,UMNTC,UMNTC,WRIT,3562W,006,Tech & Professional Writing,A-,21,2,PI,"Jurisz,Rebecca Ann",Lecturer,juri0010
1265,Sum 2026,UMNTC,UMNTC,WRIT,3562W,006,Tech & Professional Writing,B,21,3,PI,"Jurisz,Rebecca Ann",Lecturer,juri0010
1265,Sum 2026,UMNTC,UMNTC,WRIT,3562W,006,Tech & Professional Writing,B+,21,2,PI,"Jurisz,Rebecca Ann",Lecturer,juri0010
1265,Sum 2026,UMNTC,UMNTC,WRIT,3562W,006,Tech & Professional Writing,B-,21,2,PI,"Jurisz,Rebecca Ann",Lecturer,juri0010
1265,Sum 2026,UMNTC,UMNTC,WRIT,3562W,006,Tech & Professional Writing,C+,21,1,PI,"Jurisz,Rebecca Ann",Lecturer,juri0010
1265,Sum 2026,UMNTC,UMNTC,WRIT,3562W,006,Tech & Professional Writing,C-,21,1,PI,"Jurisz,Rebecca Ann",Lecturer,juri0010
1265,Sum 2026,UMNTC,UMNTC,WRIT,3562W,006,Tech & Professional Writing,D,21,1,PI,"Jurisz,Rebecca Ann",Lecturer,juri0010
1265,Sum 2026,UMNTC,UMNTC,WRIT,3562W,006,Tech & Professional Writing,W,21,3,PI,"Jurisz,Rebecca Ann",Lecturer,juri0010
1265,Sum 2026,UMNTC,UMNTC,WRIT,3562W,007,Tech & Professional Writing,A,22,17,PI,"Telwana,Yasmine Riyad",Lecturer,telwa002
1265,Sum 2026,UMNTC,UMNTC,WRIT,3562W,007,Tech & Professional Writing,A-,22,2,PI,"Telwana,Yasmine Riyad",Lecturer,telwa002
1265,Sum 2026,UMNTC,UMNTC,WRIT,3562W,007,Tech & Professional Writing,B,22,1,PI,"Telwana,Yasmine Riyad",Lecturer,telwa002
1265,Sum 2026,UMNTC,UMNTC,WRIT,3562W,007,Tech & Professional Writing,W,22,2,PI,"Telwana,Yasmine Riyad",Lecturer,telwa002
1265,Sum 2026,UMNTC,UMNTC,YOST,1366,001,Stories of Resistance & Change,A,16,8,PI,"Rojas Collins,Molly C",Senior Teaching Specialist,colli038
1265,Sum 2026,UMNTC,UMNTC,YOST,1366,001,Stories of Resistance & Change,A-,16,1,PI,"Rojas Collins,Molly C",Senior Teaching Specialist,colli038
1265,Sum 2026,UMNTC,UMNTC,YOST,1366,001,Stories of Resistance & Change,B+,16,2,PI,"Rojas Collins,Molly C",Senior Teaching Specialist,colli038
1265,Sum 2026,UMNTC,UMNTC,YOST,1366,001,Stories of Resistance & Change,C,16,1,PI,"Rojas Collins,Molly C",Senior Teaching Specialist,colli038
1265,Sum 2026,UMNTC,UMNTC,YOST,1366,001,Stories of Resistance & Change,C-,16,1,PI,"Rojas Collins,Molly C",Senior Teaching Specialist,colli038
1265,Sum 2026,UMNTC,UMNTC,YOST,1366,001,Stories of Resistance & Change,F,16,1,PI,"Rojas Collins,Molly C",Senior Teaching Specialist,colli038
1265,Sum 2026,UMNTC,UMNTC,YOST,1366,001,Stories of Resistance & Change,S,16,2,PI,"Rojas Collins,Molly C",Senior Teaching Specialist,colli038
1265,Sum 2026,UMNTC,UMNTC,YOST,1368W,001,Youth Global Perspectives,A,21,7,PI,"Harrison,K.C.",Senior Lecturer,kharriso
1265,Sum 2026,UMNTC,UMNTC,YOST,1368W,001,Youth Global Perspectives,A-,21,2,PI,"Harrison,K.C.",Senior Lecturer,kharriso
1265,Sum 2026,UMNTC,UMNTC,YOST,1368W,001,Youth Global Perspectives,B,21,1,PI,"Harrison,K.C.",Senior Lecturer,kharriso
1265,Sum 2026,UMNTC,UMNTC,YOST,1368W,001,Youth Global Perspectives,B+,21,2,PI,"Harrison,K.C.",Senior Lecturer,kharriso
1265,Sum 2026,UMNTC,UMNTC,YOST,1368W,001,Youth Global Perspectives,B-,21,1,PI,"Harrison,K.C.",Senior Lecturer,kharriso
1265,Sum 2026,UMNTC,UMNTC,YOST,1368W,001,Youth Global Perspectives,C,21,1,PI,"Harrison,K.C.",Senior Lecturer,kharriso
1265,Sum 2026,UMNTC,UMNTC,YOST,1368W,001,Youth Global Perspectives,C-,21,3,PI,"Harrison,K.C.",Senior Lecturer,kharriso
1265,Sum 2026,UMNTC,UMNTC,YOST,1368W,001,Youth Global Perspectives,F,21,3,PI,"Harrison,K.C.",Senior Lecturer,kharriso
1265,Sum 2026,UMNTC,UMNTC,YOST,1368W,001,Youth Global Perspectives,S,21,1,PI,"Harrison,K.C.",Senior Lecturer,kharriso